"Rank","Name","Symbol","marketcap","price (USD)","country"
"1","NVIDIA","NVDA","4338392236032","178.19","United States"
"2","Microsoft","MSFT","3801767215104","511.46","United States"
"3","Apple","AAPL","3791126003712","255.46","United States"
"4","Alphabet (Google)","GOOG","2984184119296","247.18","United States"
"5","Amazon","AMZN","2343934361600","219.78","United States"
"6","Meta Platforms (Facebook)","META","1868405276672","743.75","United States"
"7","Broadcom","AVGO","1579772674048","334.53","United States"
"8","Saudi Aramco","2222.SR","1570275663676","6.49264","Saudi Arabia"
"9","Tesla","TSLA","1464396414976","440.4","United States"
"10","TSMC","TSM","1417787867136","273.36","Taiwan"
"11","Berkshire Hathaway","BRK-B","1080246206464","500.03","United States"
"12","JPMorgan Chase","JPM","869087182848","316.06","United States"
"13","Walmart","WMT","822479355904","103.16","United States"
"14","Oracle","ORCL","805512216576","283.46","United States"
"15","Tencent","TCEHY","758465888256","83.39","China"
"16","Visa","V","654815592448","337.37","United States"
"17","Eli Lilly","LLY","649518776320","724.54","United States"
"18","Netflix","NFLX","514420080640","1210.61","United States"
"19","Mastercard","MA","510884216832","565.13","United States"
"20","Exxon Mobil","XOM","499737821184","117.22","United States"
"21","Johnson & Johnson","JNJ","432802594816","179.71","United States"
"22","Palantir","PLTR","421256888320","177.57","United States"
"23","Alibaba","BABA","416012337152","171.91","China"
"24","Home Depot","HD","408198086656","410.09","United States"
"25","Costco","COST","406202843136","915.95","United States"
"26","AbbVie","ABBV","389720408064","220.61","United States"
"27","Bank of America","BAC","386716729344","52.21","United States"
"28","Samsung","005930.KS","384771351806","59.1019","South Korea"
"29","ASML","ASML","376100061184","951.52","Netherlands"
"30","Procter & Gamble","PG","356924030976","152.5","United States"
"31","ICBC","1398.HK","344007262749","0.732733","China"
"32","Chevron","CVX","322693955584","160.16","United States"
"33","Agricultural Bank of China","601288.SS","316618154668","0.928172","China"
"34","General Electric","GE","312808407040","294.98","United States"
"35","UnitedHealth","UNH","311624171520","344.08","United States"
"36","SAP","SAP","309839265792","264.08","Germany"
"37","LVMH","MC.PA","299738795704","603.44","France"
"38","Prosus","PRX.AS","298592175333","68.3361","Netherlands"
"39","Coca-Cola","KO","282621804544","65.67","United States"
"40","Wells Fargo","WFC","272324542464","85.01","United States"
"41","T-Mobile US","TMUS","267253252096","237.47","United States"
"42","Cisco","CSCO","265733914624","67.22","United States"
"43","IBM","IBM","264840232960","284.31","United States"
"44","Toyota","TM","260562206720","198.1","Japan"
"45","AMD","AMD","258778660864","159.46","United States"
"46","Philip Morris International","PM","256666009600","164.89","United States"
"47","Morgan Stanley","MS","255589318656","160.11","United States"
"48","Roche","ROG.SW","254622047745","317.713","Switzerland"
"49","Hermès","RMS.PA","253808439838","2421.02","France"
"50","Kweichow Moutai","600519.SS","252655796967","201.197","China"
"51","Novo Nordisk","NVO","250505199616","55.61","Denmark"
"52","China Construction Bank","601939.SS","249554766050","1.21419","China"
"53","HSBC","HSBC","245319696384","69.82","United Kingdom"
"54","CATL","300750.SZ","245305635328","53.3348","China"
"55","Goldman Sachs","GS","242936709120","802.51","United States"
"56","Novartis","NVS","241457430528","123.65","Switzerland"
"57","China Mobile","0941.HK","239960127733","10.9267","China"
"58","International Holding Company","IHC.AE","238902162206","108.91","United Arab Emirates"
"59","American Express","AXP","237769031680","341.68","United States"
"60","AstraZeneca","AZN","235729502208","73.76","United Kingdom"
"61","Abbott Laboratories","ABT","232438300672","133.55","United States"
"62","Salesforce","CRM","231745355776","243.43","United States"
"63","Nestlé","NESN.SW","229383677620","89.1602","Switzerland"
"64","L'Oréal","OR.PA","228917490100","429.324","France"
"65","AppLovin","APP","226580086784","669.86","United States"
"66","Linde","LIN","222455382016","474.41","United Kingdom"
"67","Bank of China","601988.SS","220090404959","0.734583","China"
"68","RTX","RTX","218650820608","163.35","United States"
"69","Caterpillar","CAT","218198736896","465.76","United States"
"70","McDonald","MCD","217820610560","305.24","United States"
"71","Blackstone Group","BX","215324164096","175.32","United States"
"72","Shell","SHEL","212244414464","73.4","United Kingdom"
"73","Reliance Industries","RELIANCE.NS","210360212016","15.5448","India"
"74","Siemens","SIE.DE","209643092812","267.669","Germany"
"75","Royal Bank Of Canada","RY","206694023168","146.11","Canada"
"76","Uber","UBER","205309460480","98.45","United States"
"77","PetroChina","0857.HK","204839399306","0.913988","China"
"78","Walt Disney","DIS","204011552768","113.47","United States"
"79","AT&T","T","202427416576","28.31","United States"
"80","Merck","MRK","196225843200","78.56","United States"
"81","Intuit","INTU","194678374400","698.26","United States"
"82","ServiceNow","NOW","194237792256","936","United States"
"83","Pepsico","PEP","192273219584","140.44","United States"
"84","Foxconn Industrial Internet","601138.SS","190610498001","9.09524","China"
"85","Citigroup","C","190385651712","103.42","United States"
"86","Xiaomi","XIACF","187618557952","7.15","China"
"87","PDD Holdings (Pinduoduo)","PDD","184539856896","129.99","China"
"88","Verizon","VZ","183873929216","43.61","United States"
"89","Mitsubishi UFJ Financial","MUFG","183254745088","16.04","Japan"
"90","Shopify","SHOP","182825009152","140.25","Canada"
"91","QUALCOMM","QCOM","182566813696","169.2","United States"
"92","Commonwealth Bank","CBA.AX","180578685932","108.012","Australia"
"93","Airbus","AIR.PA","180313777737","229.019","Netherlands"
"94","Booking Holdings (Booking.com)","BKNG","179810041856","5548","United States"
"95","SoftBank","9984.T","179525402042","126.019","Japan"
"96","Arista Networks","ANET","179103318016","142.5","United States"
"97","BlackRock","BLK","179080134656","1156.45","United States"
"98","Sony","SONY","179070009344","29.78","Japan"
"99","Micron Technology","MU","176004808704","157.27","United States"
"100","Thermo Fisher Scientific","TMO","175302656000","464.24","United States"
"101","HDFC Bank","HDB","174851571712","34.15","India"
"102","SK Hynix","000660.KS","174632238801","238.749","South Korea"
"103","Charles Schwab","SCHW","173280837632","95.46","United States"
"104","Texas Instruments","TXN","167781269504","184.55","United States"
"105","Boeing","BA","167307444224","221.26","United States"
"106","Intel","INTC","165794299904","35.5","United States"
"107","Inditex","ITX.MC","165226521900","53.019","Spain"
"108","GE Vernova","GEV","164741758976","605.17","United States"
"109","Deutsche Telekom","DTE.DE","164284221440","33.5245","Germany"
"110","Applied Materials","AMAT","162451324928","203.92","United States"
"111","Lam Research","LRCX","161828274176","128.33","United States"
"112","Allianz SE","ALV.DE","161556206876","419.026","Germany"
"113","TJX Companies","TJX","159250399232","143.09","United States"
"114","Intuitive Surgical","ISRG","158131159040","441.12","United States"
"115","Nextera Energy","NEE","156197339136","75.85","United States"
"116","Schneider Electric","SU.PA","155037825093","275.275","France"
"117","Santander","SAN","154049003520","10.38","Spain"
"118","Adobe","ADBE","150850879488","360.37","United States"
"119","Amphenol","APH","149684928512","122.6","United States"
"120","S&P Global","SPGI","148736049152","487.18","United States"
"121","Accenture","ACN","148639334400","238.97","Ireland"
"122","Arm Holdings","ARM","147894435840","139.62","United Kingdom"
"123","Unilever","UL","147614531584","59.28","United Kingdom"
"124","Spotify","SPOT","147445940224","716.53","Sweden"
"125","Amgen","AMGN","146962022400","272.98","United States"
"126","EssilorLuxottica","EL.PA","146614271327","317.927","France"
"127","CM Bank","3968.HK","145629331794","5.87214","China"
"128","Boston Scientific","BSX","145478385664","98.18","United States"
"129","Safran","SAF.PA","144996614959","346.361","France"
"130","Lowe's Companies","LOW","144199286784","257.12","United States"
"131","Capital One","COF","143283863552","224.05","United States"
"132","Progressive","PGR","142776664064","243.48","United States"
"133","Eaton","ETN","142320287744","365.58","Ireland"
"134","Stryker Corporation","SYK","141079035904","369.02","United States"
"135","KLA","KLAC","140150538240","1064.29","United States"
"136","Union Pacific Corporation","UNP","139482972160","235.2","United States"
"137","Gilead Sciences","GILD","139094458368","112.1","United States"
"138","BHP Group","BHP","138990649344","54.74","Australia"
"139","TotalEnergies","TTE","138911744000","63.15","France"
"140","Toronto Dominion Bank","TD","135779123200","79.25","Canada"
"141","Palo Alto Networks","PANW","135365279744","202.37","United States"
"142","Pfizer","PFE","135088685056","23.76","United States"
"143","China Life Insurance","601628.SS","132942942883","5.39517","China"
"144","BYD","002594.SZ","132879807869","15.0428","China"
"145","Ping An Insurance","601318.SS","132681499053","7.74224","China"
"146","Danaher","DHR","132354973696","184.84","United States"
"147","Honeywell","HON","132179116032","208.19","United States"
"148","Rolls-Royce Holdings","RR.L","131856528284","15.8495","United Kingdom"
"149","UBS","UBS","129790730240","40.77","Switzerland"
"150","Bharti Airtel","BHARTIARTL.NS","129664197042","21.6269","India"
"151","ABB","ABBN.SW","129458855799","71.0875","Switzerland"
"152","Deere &amp; Company (John Deere)","DE","125430136832","463.99","United States"
"153","MercadoLibre","MELI","125142409216","2468.42","Argentina"
"154","Iberdrola","IBE.MC","124813707054","18.6813","Spain"
"155","KKR & Co.","KKR","124028567552","134.01","United States"
"156","ConocoPhillips","COP","122995843072","98.48","United States"
"157","Analog Devices","ADI","121788481536","247.56","United States"
"158","Medtronic","MDT","120854659072","94.22","Ireland"
"159","CrowdStrike","CRWD","120814821376","481.42","United States"
"160","CNOOC","0883.HK","119935859859","2.45787","China"
"161","Hitachi","6501.T","119820259850","26.3406","Japan"
"162","Air Liquide","AI.PA","118403433596","205.312","France"
"163","Tata Consultancy Services","TCS.NS","118360173910","32.7135","India"
"164","Automatic Data Processing","ADP","118086279168","291.54","United States"
"165","Comcast","CMCSA","117116788736","31.72","United States"
"166","Welltower","WELL","116977647616","174.9","United States"
"167","UniCredit","UCG.MI","116821695112","76.5738","Italy"
"168","British American Tobacco","BTI","116315398144","53","United Kingdom"
"169","Sanofi","SNY","115634274304","45.54","France"
"170","Anheuser-Busch Inbev","BUD","115633717248","59.14","Belgium"
"171","Lockheed Martin","LMT","113800208384","487.44","United States"
"172","Intesa Sanpaolo","ISP.MI","113679095953","6.50597","Italy"
"173","Interactive Brokers","IBKR","112392159232","66.12","United States"
"174","DoorDash","DASH","112125820928","262.47","United States"
"175","Chubb","CB","111908380672","280.69","Switzerland"
"176","Al Rajhi Bank","1120.SR","111774744233","27.9437","Saudi Arabia"
"177","Banco Bilbao Vizcaya Argentaria","BBVA","111540404224","19.25","Spain"
"178","Sumitomo Mitsui Financial Group","SMFG","110547599360","17.04","Japan"
"179","DBS Group","D05.SI","110498145192","38.9368","Singapore"
"180","ICICI Bank","IBN","110452727808","30.62","India"
"181","Altria Group","MO","110385635328","65.71","United States"
"182","Compagnie Financière Richemont","CFR.SW","109903981441","186.931","Switzerland"
"183","Sea Limited","SE","109275037696","184.58","Singapore"
"184","Enbridge","ENB","108476416000","49.59","Canada"
"185","Robinhood","HOOD","108222849024","121.78","United States"
"186","TAQA","TAQA.AE","106228892945","0.94","United Arab Emirates"
"187","Prologis","PLD","105975513088","114.19","United States"
"188","China Shenhua Energy","601088.SS","105650662152","5.43443","China"
"189","Southern Company","SO","103987478528","94.53","United States"
"190","Constellation Energy","CEG","103487471616","331.26","United States"
"191","Zijin Mining","601899.SS","103142536188","3.84168","China"
"192","Rheinmetall","RHM.F","102785279419","2299.91","Germany"
"193","Dior","CDI.PA","102639393570","568.921","France"
"194","Brookfield Corporation","BN","102634078208","68.42","Canada"
"195","Nike","NKE","102364184576","69.31","United States"
"196","Rio Tinto","RIO","102009552896","64.8","United Kingdom"
"197","Nintendo","7974.T","101552848268","86.9327","Japan"
"198","AXA","CS.PA","101502137701","47.5778","France"
"199","BNP Paribas","BNP.PA","101424751772","90.7325","France"
"200","Zurich Insurance Group","ZURN.SW","100219815544","704.358","Switzerland"
"201","Foxconn (Hon Hai Precision Industry)","2317.TW","100105162791","7.20688","Taiwan"
"202","Vertex Pharmaceuticals","VRTX","98898845696","385.735","United States"
"203","Marsh & McLennan Companies","MMC","98108489728","199.56","United States"
"204","HCA Healthcare","HCA","98061991936","419.08","United States"
"205","CME Group","CME","97403559936","270.28","United States"
"206","Postal Savings Bank of China","601658.SS","96834566310","0.831429","China"
"207","SMIC","0981.HK","96825175765","9.37769","China"
"208","AIA","1299.HK","96462268193","9.217","Hong Kong"
"209","CVS Health","CVS","96101089280","75.77","United States"
"210","Intercontinental Exchange","ICE","96012525568","167.73","United States"
"211","Duke Energy","DUK","95663357952","123.02","United States"
"212","Cadence Design Systems","CDNS","95401467904","350.11","United States"
"213","Southern Copper","SCCO","95026110464","117","United States"
"214","Parker-Hannifin","PH","94999158784","750.72","United States"
"215","Starbucks","SBUX","94789419008","83.39","United States"
"216","McKesson","MCK","94600544256","760.55","United States"
"217","China Yangtze Power","600900.SS","94239157636","3.85149","China"
"218","Brookfield Asset Management","BAM","94008893440","58.09","Canada"
"219","Enel","ENEL.MI","94008480407","9.33068","Italy"
"220","Bank of Montreal","BMO","93908844544","130.63","Canada"
"221","Investor AB","INVE-B.ST","93788424328","30.6234","Sweden"
"222","Newmont","NEM","93642833920","85.25","United States"
"223","Roblox","RBLX","93629890560","135.06","United States"
"224","Fast Retailing","9983.T","93514487021","304.799","Japan"
"225","NetEase","NTES","93472727040","147.62","China"
"226","BP","BP","92632514560","35.69","United Kingdom"
"227","Trane Technologies","TT","92395053056","415.23","Ireland"
"228","Siemens Energy","ENR.F","91979498606","115.025","Germany"
"229","Mitsubishi Corporation","8058.T","91576759023","24.1606","Japan"
"230","American Tower","AMT","90967171072","194.27","United States"
"231","Synopsys","SNPS","90600775680","487.76","United States"
"232","Keyence","6861.T","90123326291","371.604","Japan"
"233","O'Reilly Automotive","ORLY","90025500672","106.1","United States"
"234","Bristol-Myers Squibb","BMY","89803423744","44.12","United States"
"235","State Bank of India","SBIN.NS","89258501962","9.66983","India"
"236","General Dynamics","GD","88859262976","330.34","United States"
"237","Royal Caribbean Group","RCL","88792367104","326.89","United States"
"238","Waste Management","WM","88094957568","218.69","United States"
"239","NTT (Nippon Telegraph &amp; Telephone)","9432.T","88028130634","1.06392","Japan"
"240","Dell","DELL","87919509504","130.76","United States"
"241","Strategy 
 (MicroStrategy)","MSTR","87705157632","309.06","United States"
"242","National Australia Bank","NAB.AX","87334126568","28.5883","Australia"
"243","Mitsubishi Heavy Industries","7011.T","86646738813","25.8056","Japan"
"244","RELX","RELX","86158573568","46.83","United Kingdom"
"245","Ferrari","RACE","86046179328","475.36","Italy"
"246","Mizuho Financial Group","MFG","85599657984","6.85","Japan"
"247","Moody's","MCO","85507432448","476.74","United States"
"248","Westpac Banking","WBC.AX","85476466451","25.0049","Australia"
"249","Sinopec","600028.SS","85372855171","0.750109","China"
"250","Sherwin-Williams","SHW","85249556480","341.91","United States"
"251","Northrop Grumman","NOC","85125144576","594.52","United States"
"252","Petrobras","PBR","83885875200","13.08","Brazil"
"253","China Telecom","0728.HK","82438157181","0.692882","China"
"254","Agnico Eagle Mines","AEM","82379898880","163.42","Canada"
"255","Cintas","CTAS","82298617856","204.24","United States"
"256","Mondelez International","MDLZ","81984389120","63.36","United States"
"257","GlaxoSmithKline","GSK","81945059328","39.85","United Kingdom"
"258","Munich RE (Münchener Rück)","MUV2.DE","81894567770","631.875","Germany"
"259","3M","MMM","81391140864","152.81","United States"
"260","Cambricon Technologies","688256.SS","81337304753","187.737","China"
"261","Tokyo Electron","8035.T","81319119250","177.51","Japan"
"262","Itōchū Shōji","8001.T","81097779617","57.6096","Japan"
"263","Coinbase","COIN","80316301312","312.59","United States"
"264","Bank of Communications","601328.SS","80281376004","0.956213","China"
"265","Scotiabank","BNS","80271327232","64.39","Canada"
"266","Midea","000333.SZ","80105946853","10.4034","China"
"267","PNC Financial Services","PNC","80068919296","203.32","United States"
"268","Tokio Marine","8766.T","80059069452","41.9684","Japan"
"269","Meituan","3690.HK","78973791304","12.9321","China"
"270","Recruit","6098.T","78836077881","55.122","Japan"
"271","BAE Systems","BA.L","78814238301","26.9676","United Kingdom"
"272","Apollo Global Management","APO","78728044544","137.63","United States"
"273","Atlas Copco","ATCO-B.ST","78345675360","14.7962","Sweden"
"274","Williams Companies","WMB","78167572480","64.01","United States"
"275","Arthur J. Gallagher & Co.","AJG","77972807680","304.15","United States"
"276","Howmet Aerospace","HWM","77863845888","193.15","United States"
"277","ING","ING","77357891584","25.96","Netherlands"
"278","Equinix","EQIX","77345824768","790.34","United States"
"279","BNY Mellon (Bank of New York Mellon)","BK","77245030400","109.53","United States"
"280","U.S. Bancorp","USB","76938002432","49.44","United States"
"281","Ecolab","ECL","76862349312","271","United States"
"282","Aon","AON","76780314624","356.08","United Kingdom"
"283","The Cigna Group","CI","76386811904","286.17","United States"
"284","Cement Roadstone Holding","CRH","76259172352","113.67","Ireland"
"285","Nu Holdings","NU","76254552064","15.78","Brazil"
"286","Vinci","DG.PA","76113039410","136.614","France"
"287","Snowflake","SNOW","76108029952","224.64","United States"
"288","Illinois Tool Works","ITW","76093161472","261.04","United States"
"289","Motorola Solutions","MSI","76058001408","456.52","United States"
"290","Airbnb","ABNB","75733549056","123.7","United States"
"291","Nongfu Spring","9633.HK","75467024290","6.71029","China"
"292","Delta Electronics","2308.TW","75392464546","27.8425","Taiwan"
"293","Cloudflare","NET","75390509056","216.34","United States"
"294","CIBC","CM","75298250752","80.76","Canada"
"295","Sberbank","SBER.ME","75026407804","3.5","Russia"
"296","Itaú Unibanco","ITUB","74887979008","7.24","Brazil"
"297","ADNOC Gas","ADNOCGAS.AE","74814195597","0.97","United Arab Emirates"
"298","Barclays","BCS","73861013504","20.6","United Kingdom"
"299","CaixaBank","CABK.MC","73470084185","10.4447","Spain"
"300","Mitsui Bussan","8031.T","73345360052","25.5181","Japan"
"301","TransDigm Group","TDG","73014190080","1295.72","United States"
"302","Emerson","EMR","72376082432","128.6","United States"
"303","Elevance Health","ELV","71744053248","318.61","United States"
"304","Marriott International","MAR","71721869312","264.21","United States"
"305","Marvell Technology","MRVL","71700856832","83.17","United States"
"306","National Grid","NGG","71437582336","71.55","United Kingdom"
"307","Republic Services","RSG","71250771968","228.21","United States"
"308","Thomson Reuters","TRI","71017611264","157.02","Canada"
"309","United Parcel Service","UPS","70958530560","83.72","United States"
"310","Advantest","6857.T","70813248965","96.7628","Japan"
"311","MediaTek","2454.TW","70486708717","43.0115","Taiwan"
"312","Fiserv","FI","70427926528","129.56","United States"
"313","Vistra","VST","70210347008","207.22","United States"
"314","Johnson Controls","JCI","70025781248","107.01","Ireland"
"315","AutoZone","AZO","69960163328","4198.03","United States"
"316","Simon Property Group","SPG","69930409984","185.39","United States"
"317","Hong Kong Exchanges & Clearing","0388.HK","69896641165","55.302","Hong Kong"
"318","Infosys","INFY","69244936192","16.52","India"
"319","Chugai Pharmaceutical","4519.T","69177624391","42.0353","Japan"
"320","Deutsche Bank","DB","69101207552","35.68","Germany"
"321","Bajaj Finance","BAJFINANCE.NS","69062957810","11.1159","India"
"322","Autodesk","ADSK","68773437440","322.88","United States"
"323","Wesfarmers","WES.AX","68502357877","60.3538","Australia"
"324","Enterprise Products","EPD","68486774784","31.63","United States"
"325","Canadian Natural Resources","CNQ","68232466432","32.69","Canada"
"326","Corning","GLW","67972689920","79.35","United States"
"327","Canadian Pacific Railway","CP","67719856128","73.51","Canada"
"328","Zhongji Innolight","300308.SZ","67704956507","58.0037","China"
"329","Lloyds Banking Group","LYG","67284156416","4.48","United Kingdom"
"330","Norfolk Southern","NSC","66743160832","297.49","United States"
"331","Hindustan Unilever","HINDUNILVR.NS","66594862394","28.3432","India"
"332","Workday","WDAY","65860890624","246.67","United States"
"333","Jiangsu Hengrui Medicine","600276.SS","65565762861","9.82572","China"
"334","Wuliangye Yibin","000858.SZ","65400055272","16.8487","China"
"335","Luxshare Precision","002475.SZ","65328439161","9.00831","China"
"336","Equinor","EQNR","64869171200","25.54","Norway"
"337","Fortinet","FTNT","64611553280","84.32","United States"
"338","Colgate-Palmolive","CL","64326291456","79.59","United States"
"339","PayPal","PYPL","64296972288","67.3","United States"
"340","ANZ Bank","ANZ.AX","64170708371","21.5067","Australia"
"341","TE Connectivity","TEL","64131305472","217.04","Switzerland"
"342","EOG Resources","EOG","64050487296","117.31","United States"
"343","Monster Beverage","MNST","63799812096","65.34","United States"
"344","Zoetis","ZTS","63596830720","143.5","United States"
"345","CSX Corporation","CSX","63404056576","34.01","United States"
"346","Ma'aden","1211.SR","63225996424","16.2916","Saudi Arabia"
"347","America Movil","AMX","63117119488","20.86","Mexico"
"348","Kinder Morgan","KMI","62684811264","28.21","United States"
"349","Grupo México","GMBXF","62669250560","8.05","Mexico"
"350","The Travelers Companies","TRV","62533177344","277.76","United States"
"351","Thales","HO.PA","62375972966","303.417","France"
"352","Life Insurance Corporation of India (LIC)","LICI.NS","62267909054","9.84473","India"
"353","KDDI","9433.T","62264452685","16.3367","Japan"
"354","CSL","CSL.AX","61730071935","127.239","Australia"
"355","Hilton Worldwide","HLT","61561966592","261.75","United States"
"356","The Saudi National Bank","1180.SR","61494025396","10.3456","Saudi Arabia"
"357","BMW","BMW.DE","61119618685","100.328","Germany"
"358","Delta Electronics (Thailand)","DELTA.BK","61089117774","4.89739","Thailand"
"359","United Rentals","URI","60948512768","947.27","United States"
"360","Quanta Services","PWR","60412968960","405.44","United States"
"361","Marathon Petroleum","MPC","60405796864","198.69","United States"
"362","Industrial Bank","601166.SS","60293162194","2.84901","China"
"363","Crédit Agricole","ACA.PA","60252892444","19.7695","France"
"364","Shin-Etsu Chemical","4063.T","60146419063","32.1116","Japan"
"365","Mercedes-Benz","MBG.DE","60077257155","62.3918","Germany"
"366","LG Energy Solution","373220.KS","60017877207","247.618","South Korea"
"367","Energy Transfer Partners","ET","59934613504","17.46","United States"
"368","Regeneron Pharmaceuticals","REGN","59766321152","563.9","United States"
"369","Volvo Group","VOLV-A.ST","59725849853","29.3373","Sweden"
"370","CoreWeave","CRWV","59580637184","120.34","United States"
"371","Aflac","AFL","59558834176","111.36","United States"
"372","Digital Realty","DLR","59551907840","171.46","United States"
"373","Cencora","COR","59520512000","307","United States"
"374","Siemens Healthineers","SHL.DE","59384967982","52.9487","Germany"
"375","Air Products and Chemicals","APD","59372859392","266.78","United States"
"376","Truist Financial","TFC","59339804672","46.02","United States"
"377","Grayscale Bitcoin Trust","GBTC","59301490688","85.65","United States"
"378","Barrick Gold","B","59065827328","34.48","Canada"
"379","Generali","G.MI","59034516988","39.0943","Italy"
"380","Coupang","CPNG","58684465152","32.19","United States"
"381","East Money Information","300059.SZ","58653291991","3.6538","China"
"382","Alnylam Pharmaceuticals","ALNY","58513670144","446.4","United States"
"383","Japan Tobacco","2914.T","58448731603","32.9141","Japan"
"384","American Electric Power","AEP","58367500288","109.14","United States"
"385","General Motors","GM","58305249280","61.24","United States"
"386","CITIC Securities","600030.SS","58294026102","4.02675","China"
"387","Canadian National Railway","CNI","58150039552","92.88","Canada"
"388","London Stock Exchange","LSEG.L","57966153370","111.248","United Kingdom"
"389","Larsen &amp; Toubro","LT.NS","57880220017","42.0837","India"
"390","Sempra Energy","SRE","57802530816","88.59","United States"
"391","Maruti Suzuki India","MARUTI.NS","57778179652","183.771","India"
"392","NatWest Group","NWG","57679278080","14.02","United Kingdom"
"393","Cummins","CMI","57600073728","418.04","United States"
"394","Compass Group","CPG.L","57391468217","33.8168","United Kingdom"
"395","Nordea Bank","NDA-FI.HE","57265376681","16.616","Finland"
"396","ITC","ITC.NS","57263410620","4.57115","India"
"397","Saudi Telecom Company","7010.SR","57210197486","11.4654","Saudi Arabia"
"398","NXP Semiconductors","NXPI","56987979776","226.04","Netherlands"
"399","OCBC Bank","O39.SI","56524839729","12.5815","Singapore"
"400","Phillips 66","PSX","56359170048","139.46","United States"
"401","FedEx","FDX","56114929664","237.82","United States"
"402","Allstate","ALL","56063393792","212.76","United States"
"403","Bank Central Asia","BBCA.JK","56037942318","0.454681","Indonesia"
"404","Fastenal","FAST","55889903616","48.7","United States"
"405","TC Energy","TRP","55756976128","53.45","Canada"
"406","Constellation Software","CSU.TO","55647547673","2625.93","Canada"
"407","Axon Enterprise","AXON","55647088640","708.84","United States"
"408","Realty Income","O","55150944256","60.32","United States"
"409","CITIC Bank","601998.SS","55043785765","1.03753","China"
"410","Danone","BN.PA","55022459643","85.4435","France"
"411","Naspers","NPSNY","54978818048","70.39","South Africa"
"412","L3Harris Technologies","LHX","54923550720","293.56","United States"
"413","Macquarie","MQG.AX","54826547629","142.345","Australia"
"414","Valero Energy","VLO","54559768576","175.63","United States"
"415","Singtel","Z74.SI","54464027577","3.29829","Singapore"
"416","MetLife","MET","54279426048","81.62","United States"
"417","Merck KGaA","MRK.DE","54232764658","124.737","Germany"
"418","Glencore","GLCNF","54228402176","4.54","Switzerland"
"419","ENI","E","53894615040","35.85","Italy"
"420","Volkswagen","VOW3.DE","53845092115","106.038","Germany"
"421","Chipotle Mexican Grill","CMG","53742673920","40.08","United States"
"422","Roper Technologies","ROP","53732659200","499.31","United States"
"423","Swiss Re","SREN.SW","53588727928","182.231","Switzerland"
"424","Diageo","DEO","53541519360","94.15","United Kingdom"
"425","Rosneft","ROSN.ME","53345385400","5.09","Russia"
"426","Ares Management","ARES","53269573632","163.05","United States"
"427","Shanghai Pudong Development Bank","600000.SS","53149482650","1.71754","China"
"428","SLB (Schlumberger)","SLB","53062574080","35.52","United States"
"429","Compagnie de Saint-Gobain","SGO.PA","52969302528","106.834","France"
"430","Vertiv Holdings","VRT","52934352896","138.62","United States"
"431","Becton Dickinson","BDX","52911431680","184.6","United States"
"432","Paccar","PCAR","52772892672","100.5","United States"
"433","Mitsubishi Electric","6503.T","52420634440","25.5114","Japan"
"434","Eoptolink Technology","300502.SZ","52400150615","52.4375","China"
"435","Cheniere Energy","LNG","52399304704","238.43","United States"
"436","Manulife Financial","MFC","52335329280","30.78","Canada"
"437","MPLX","MPLX","52257697792","51.28","United States"
"438","3i Group","III.L","52045059334","53.9084","United Kingdom"
"439","ENGIE","ENGI.PA","52043086992","21.4018","France"
"440","Suncor Energy","SU","51906580480","42.62","Canada"
"441","Société Générale","GLE.PA","51740598403","67.1191","France"
"442","Samsung Biologics","207940.KS","51609390605","709.507","South Korea"
"443","Universal Music Group","UMG.AS","51501591583","28.0833","Netherlands"
"444","Dominion Energy","D","51487649792","60.33","United States"
"445","Freeport-McMoRan","FCX","51328921600","35.75","United States"
"446","Lukoil","LKOH.ME","51056366992","73.73","Russia"
"447","Walmex","WMMVF","51025059840","2.91","Mexico"
"448","IDEXX Laboratories","IDXX","50580566016","632.22","United States"
"449","DHL Group (Deutsche Post)","DHL.DE","50445162934","44.5589","Germany"
"450","Trip.com","TCOM","50429603840","75.92","China"
"451","Jingdong Mall","JD","50327289856","34.5","China"
"452","Public Storage","PSA","50230398976","286.29","United States"
"453","Nasdaq","NDAQ","50212823040","87.51","United States"
"454","Reckitt Benckiser","RKT.L","50096483690","74.0939","United Kingdom"
"455","Carrier Global","CARR","50074185728","58.84","United States"
"456","Bank of China (Hong Kong)","2388.HK","49907124786","4.72034","Hong Kong"
"457","PICC Property and Casualty Company Limited","2328.HK","49894753224","2.24319","China"
"458","Adyen","ADYEN.AS","49883594920","1583.2","Netherlands"
"459","D. R. Horton","DHI","49846251520","167.2","United States"
"460","Baker Hughes","BKR","49806614528","50.52","United States"
"461","Wheaton Precious Metals","WPM","49671573504","109.04","Canada"
"462","Infineon","IFX.DE","49666060226","38.2226","Germany"
"463","Ross Stores","ROST","49278287872","151.52","United States"
"464","Flutter Entertainment","FLUT","49265143808","280.17","Ireland"
"465","E.ON","EOAN.DE","49090765387","18.7866","Germany"
"466","Alimentation Couche-Tard","ATD.TO","49022427352","52.1169","Canada"
"467","Experian","EXPGF","48674553856","53.3","Ireland"
"468","Datadog","DDOG","48499986432","139.07","United States"
"469","Electronic Arts","EA","48377581568","193.35","United States"
"470","Warner Bros. Discovery","WBD","48302313472","19.51","United States"
"471","SABIC","2010.SR","48194856212","16.065","Saudi Arabia"
"472","Deutsche Börse","DB1.DE","48059398737","262.228","Germany"
"473","BTG Pactual","BPAC3.SA","47940578634","4.88819","Brazil"
"474","Ford","F","47798120448","12.01","United States"
"475","Imperial Oil","IMO","47578939392","93.26","Canada"
"476","Veeva Systems","VEEV","47577579520","290.27","United States"
"477","Takeda Pharmaceutical","TAK","47432454144","14.74","Japan"
"478","DSV","DSV.VI","47272430904","200.269","Denmark"
"479","Take-Two Interactive","TTWO","47246508032","256.12","United States"
"480","First Abu Dhabi Bank","FAB.AE","47105839865","4.26","United Arab Emirates"
"481","Ameriprise Financial","AMP","47068852224","499.29","United States"
"482","CBRE Group","CBRE","47013584896","158","United States"
"483","Xcel Energy","XEL","46888267776","79.28","United States"
"484","Occidental Petroleum","OXY","46731354112","47.47","United States"
"485","Hoya","7741.T","46697813616","136.417","Japan"
"486","Zscaler","ZS","46643335168","294.65","United States"
"487","Mahindra &amp; Mahindra","M&M.NS","46643181581","38.3261","India"
"488","Oneok","OKE","46532669440","73.89","United States"
"489","Holcim Group","HOLN.SW","46490577503","84.3725","Switzerland"
"490","Sungrow Power Supply","300274.SZ","46462169747","22.0826","China"
"491","KBC","KBCSF","46397911040","117","Belgium"
"492","Seagate Technology","STX","46322728960","217.51","Ireland"
"493","Garmin","GRMN","46290944000","240.48","Switzerland"
"494","Corteva","CTVA","46239920128","68.09","United States"
"495","Paychex","PAYX","46105460736","128.21","United States"
"496","NAURA Technology Group","002371.SZ","45969370224","63.4858","China"
"497","Vale","VALE","45946347520","10.7","Brazil"
"498","Lonza","LONN.SW","45908593245","654.476","Switzerland"
"499","W. W. Grainger","GWW","45906038784","959.73","United States"
"500","The People's Insurance Company (PICC)","601319.SS","45670230076","1.0852","China"
"501","Loblaw Companies","L.TO","45601487571","38.3558","Canada"
"502","Pop Mart International Group","9992.HK","45479558894","34.1942","China"
"503","QNB (Qatar National Bank)","QNBK.QA","45351045726","4.97253","Qatar"
"504","Porsche","P911.DE","45336800134","49.766","Germany"
"505","Baidu","BIDU","45133340672","131.34","China"
"506","Argenx","ARGX","45003145216","711.62","Netherlands"
"507","Reddit","RDDT","44938067968","240.11","United States"
"508","Block","XYZ","44908052480","73.67","United States"
"509","Edwards Lifesciences","EW","44766375936","76.25","United States"
"510","Kotak Mahindra Bank","KOTAKBANK.NS","44755772041","22.5093","India"
"511","Jardine Matheson","J36.SI","44702000000","62","Hong Kong"
"512","China Pacific Insurance","601601.SS","44597490745","4.93529","China"
"513","Standard Chartered","STAN.L","44560509629","19.4215","United Kingdom"
"514","Ferguson Enterprises","FERG","44539252736","225.88","United Kingdom"
"515","Exelon Corporation","EXC","44530339840","44.09","United States"
"516","BASF","BAS.DE","44375462333","49.7192","Germany"
"517","Waste Connections","WCN","44328996864","172.41","United States"
"518","Kuwait Finance House","KFH.KW","44279753004","2573.67","Kuwait"
"519","UCB","UCB.VI","44264272183","232.974","Belgium"
"520","UOB","U11.SI","44204428580","26.6263","Singapore"
"521","Goodman Group","GMG.AX","44043761124","21.5395","Australia"
"522","Legrand","LR.PA","43898081353","167.447","France"
"523","Japan Post Bank","7182.T","43877219842","12.2742","Japan"
"524","Guotai Junan Securities","601211.SS","43877139956","2.62291","China"
"525","MSCI","MSCI","43743846400","565.42","United States"
"526","Atlassian","TEAM","43718045696","166.65","Australia"
"527","Emirates Telecom (Etisalat Group)","EAND.AE","43712277609","5.03","United Arab Emirates"
"528","Copart","CPRT","43386425344","44.87","United States"
"529","Kroger","KR","43378913280","65.46","United States"
"530","Commerzbank","CBK.F","43340371611","38.3337","Germany"
"531","Dassault Systèmes","DSY.PA","43212761035","32.8341","France"
"532","American International Group","AIG","43201220608","77.98","United States"
"533","Heineken","HEIA.AS","43189208796","77.2057","Netherlands"
"534","Carvana","CVNA","43187359744","369.29","United States"
"535","ACWA POWER Company","2082.SR","43182966062","56.3673","Saudi Arabia"
"536","Honda","HMC","43060088832","33.11","Japan"
"537","Ametek","AME","43045199872","186.38","United States"
"538","Sun Pharmaceutical","SUNPHARMA.NS","42958490861","17.9043","India"
"539","Diamondback Energy","FANG","42916315136","148.25","United States"
"540","Orange","ORA.PA","42805614998","16.1011","France"
"541","Fujitsu","6702.T","42721851644","24.0269","Japan"
"542","HCL Technologies","HCLTECH.NS","42656865979","15.7446","India"
"543","PT DCI Indonesia Tbk","DCII.JK","42639483545","17.8876","Indonesia"
"544","WuXi AppTec","2359.HK","42607983333","13.8319","China"
"545","Monolithic Power Systems","MPWR","42506543104","887.55","United States"
"546","National Bank of Canada","NA.TO","42385455053","108.079","Canada"
"547","Yum! Brands","YUM","42379698176","152.7","United States"
"548","Franco-Nevada","FNV","42075131904","217.53","Canada"
"549","Kuaishou Technology","1024.HK","41972471744","9.71835","China"
"550","Emirates NBD Bank PJSC","EMIRATESNBD.AE","41970751593","6.64452","United Arab Emirates"
"551","NEC Corp","6701.T","41954578083","31.4629","Japan"
"552","CITIC limited","0267.HK","41733275578","1.43461","China"
"553","Daiichi Sankyō","4568.T","41690002685","22.3818","Japan"
"554","eBay","EBAY","41650978816","91.14","United States"
"555","Mindray","300760.SZ","41648297195","33.4464","China"
"556","Carnival Corporation","CCL","41517113344","30.62","United States"
"557","Crown Castle","CCI","41504649216","95.31","United States"
"558","Entergy","ETR","41181237248","92.25","United States"
"559","Rocket Companies","RKT","41179480064","19.51","United States"
"560","CMOC","3993.HK","41145358909","1.79584","China"
"561","PSEG","PEG","41074266112","82.3","United States"
"562","Coca-Cola European Partners","CCEP","41021112320","89.52","United Kingdom"
"563","Banco Santander Brasil","BSBR","41016111104","5.49","Brazil"
"564","Marubeni","8002.T","40988848431","24.8962","Japan"
"565","HeidelbergCement","HEI.DE","40807734231","228.703","Germany"
"566","Denso","6902.T","40665495252","14.9658","Japan"
"567","Kimberly-Clark","KMB","40553463808","122.23","United States"
"568","Ferrovial","FER.MC","40547983802","56.4475","Spain"
"569","Axis Bank","AXISBANK.BO","40394732603","13.0189","India"
"570","Haleon","HLN","40290340864","8.82","United Kingdom"
"571","Aena","AENA.MC","40282002622","26.8547","Spain"
"572","Novatek","NVTK.ME","40209862733","13.41","Russia"
"573","DNB","DNB.OL","40196383261","27.3749","Norway"
"574","Muyuan Foods","002714.SZ","40187816439","7.35667","China"
"575","UltraTech Cement","ULTRACEMCO.NS","40062994927","136.198","India"
"576","Target","TGT","39918964736","87.85","United States"
"577","EQT","EQT.ST","39854976792","34.0142","Sweden"
"578","Galderma Group","GALD.SW","39849037463","169.698","Switzerland"
"579","Fubon Financial","2881.TW","39781889548","2.84007","Taiwan"
"580","ResMed","RMD","39571533824","270.27","United States"
"581","Vulcan Materials","VMC","39543439360","299.29","United States"
"582","Chandra Asri Petrochemical","TPIA.JK","39460636301","0.456172","Indonesia"
"583","Kering","KER.PA","39450350717","321.788","France"
"584","Hikvision","002415.SZ","39397526126","4.29875","China"
"585","Ubiquiti","UI","39330209792","650.1","United States"
"586","Skandinaviska Enskilda Banken","SEB-A.ST","39201492782","19.707","Sweden"
"587","Sysco","SYY","39184719872","81.94","United States"
"588","Schindler Group","SCHN.SW","39157657475","357.192","Switzerland"
"589","HEICO","HEI","38852825088","320.31","United States"
"590","Gold Fields","GFI","38834024448","40.85","South Africa"
"591","Oriental Land","4661.T","38809891367","23.6791","Japan"
"592","Rockwell Automation","ROK","38630211584","343.58","United States"
"593","Anglo American","AAL.L","38602868476","36.1221","United Kingdom"
"594","Fortescue","FMG.AX","38585390959","12.5319","Australia"
"595","Fairfax Financial","FFH.TO","38530315000","1720.79","Canada"
"596","BeOne Medicines","ONC","38517837824","326.06","United States"
"597","Tesco","TSCO.L","38322303340","5.91626","United Kingdom"
"598","Hanwha Aerospace","012450.KS","38255414964","740.725","South Korea"
"599","The Hershey Company","HSY","38134452224","188.11","United States"
"600","Erste Group Bank","EBO.F","38104170572","97.9991","Austria"
"601","Assa Abloy","ASSA-B.ST","38053745704","34.2587","Sweden"
"602","Hyundai","005380.KS","38008347932","152.189","South Korea"
"603","Swisscom","SCMN.SW","37688186880","727.544","Switzerland"
"604","Polyus","PLZL.ME","37680808404","27.76","Russia"
"605","Adidas","ADS.DE","37669554113","210.976","Germany"
"606","Live Nation","LYV","37527207936","161.79","United States"
"607","Targa Resources","TRGP","37484269568","174.19","United States"
"608","The Hartford","HIG","37426757632","133.11","United States"
"609","Cameco","CCJ","37383512064","85.58","Canada"
"610","Delta Air Lines","DAL","37348651008","57.2","United States"
"611","Charter Communications","CHTR","37343977472","273.4","United States"
"612","NTT Data","9613.T","37175581537","26.5145","Japan"
"613","Dubai Electricity and Water Authority (DEWA)","DEWA.AE","37171176936","0.743424","United Arab Emirates"
"614","Western Digital","WDC","37079035904","106.88","United States"
"615","Las Vegas Sands","LVS","37075357696","54.01","United States"
"616","Givaudan","GIVN.SW","37025980797","4011.83","Switzerland"
"617","Martin Marietta Materials","MLM","37012205568","613.74","United States"
"618","NTPC Limited","NTPC.NS","36972088262","3.81287","India"
"619","Alcon","ALC","36939456512","73.92","Switzerland"
"620","China State Shipbuilding Corporation (CSSC)","600150.SS","36824613493","4.89323","China"
"621","Prudential Financial","PRU","36746362880","104.41","United States"
"622","Tencent Music Entertainment","TME","36697702400","23.63","China"
"623","Dollarama","DOL.TO","36586390832","132.445","Canada"
"624","Great-West Lifeco","GWO.TO","36564638206","39.5397","Canada"
"625","Ambev","ABEV","36527362048","2.3","Brazil"
"626","Cardinal Health","CAH","36518838272","153.71","United States"
"627","Bank Rakyat Indonesia","BBRI.JK","36511527868","0.240906","Indonesia"
"628","FICO","FICO","36456271872","1518.78","United States"
"629","Bayan Resources","BYAN.JK","36374480054","1.09123","Indonesia"
"630","WEC Energy Group","WEC","36322623488","112.85","United States"
"631","Victory Giant Technology","300476.SZ","36213979096","40.0151","China"
"632","Telstra","TLS.AX","36172545071","3.1772","Australia"
"633","Ahold Delhaize","AD.AS","36149670212","39.8198","Netherlands"
"634","Bajaj Finserv","BAJAJFINSV.NS","36081758271","22.6041","India"
"635","Quanta Computer","2382.TW","36068479196","9.35745","Taiwan"
"636","Venture Global","VG","36006449152","14.83","United States"
"637","Seres Group","601127.SS","36004912702","22.0434","China"
"638","Prudential","PUK","35960938496","27.74","United Kingdom"
"639","Consolidated Edison","ED","35928121344","99.62","United States"
"640","Hannover Rück","HNR1.DE","35899730820","297.683","Germany"
"641","Leonardo","LDO.MI","35749102411","62.0173","Italy"
"642","Hindustan Aeronautics","HAL.NS","35746784505","53.4422","India"
"643","CoStar Group","CSGP","35582394368","83.99","United States"
"644","QNB Finansbank","QNBTR.IS","35504321159","10.5983","Turkey"
"645","Sumitomo","8053.T","35499203433","29.3297","Japan"
"646","Otis Worldwide","OTIS","35471908864","90.38","United States"
"647","Danske Bank","DANS.VI","35391030729","43.1547","Denmark"
"648","Fomento Económico Mexicano (FEMSA)","FMX","35249143730","98.51","Mexico"
"649","Antofagasta","ANTO.L","35228046689","35.7334","United Kingdom"
"650","China Unicom","0762.HK","35203569872","1.13381","Hong Kong"
"651","Sika","SIKA.SW","35089506966","218.702","Switzerland"
"652","KONE","KNEBV.HE","35085436350","67.751","Finland"
"653","Chocoladefabriken Lindt &amp; Sprüngli","LISP.SW","35085084421","15415.7","Switzerland"
"654","Raymond James","RJF","35029770240","175.69","United States"
"655","Agilent Technologies","A","34981117952","123.39","United States"
"656","Xylem","XYL","34814889984","143.03","United States"
"657","Sandvik","SAND.ST","34786903845","27.7322","Sweden"
"658","Microchip Technology","MCHP","34766163968","64.42","United States"
"659","Keurig Dr Pepper","KDP","34640101376","25.5","United States"
"660","VICI Properties","VICI","34625028096","32.47","United States"
"661","Verisk Analytics","VRSK","34519379968","247.07","United States"
"662","AngloGold Ashanti","AU","34474045440","68.3","South Africa"
"663","Murata Manufacturing (Murata Seisakusho)","6981.T","34456626170","18.7674","Japan"
"664","Imperial Brands","IMB.L","34364476262","42.5558","United Kingdom"
"665","Chunghwa Telecom","CHT","34205884416","43.77","Taiwan"
"666","Daikin","6367.T","34196608549","116.791","Japan"
"667","MS&amp;AD Insurance","8725.T","34132119523","22.8232","Japan"
"668","Sun Hung Kai Properties","0016.HK","34121770091","11.7751","Hong Kong"
"669","Adani Ports & SEZ","ADANIPORTS.NS","33930033541","15.7073","India"
"670","Arch Capital","ACGL","33918259200","90.88","Bermuda"
"671","Disco Corp.","6146.T","33853600836","312.289","Japan"
"672","Oil &amp; Natural Gas","ONGC.NS","33788358469","2.68582","India"
"673","EQT Corporation","EQT","33736851456","54.06","United States"
"674","Intact Financial","IFC.TO","33729009208","189.125","Canada"
"675","Toyota Industries","6201.T","33696231345","112.143","Japan"
"676","Swedbank","SWED-A.ST","33674795396","29.9538","Sweden"
"677","ČEZ Group","CEZ.PR","33672051504","62.7262","Czech Republic"
"678","Wabtec","WAB","33621362688","196.67","United States"
"679","Talanx","TLX.DE","33600588442","130.119","Germany"
"680","Amadeus IT Group","AMS.MC","33591299830","77.0887","Spain"
"681","Partners Group","PGHN.SW","33565102363","1294.04","Switzerland"
"682","Fidelity National Information Services","FIS","33557600256","64.24","United States"
"683","Gazprom","GAZP.ME","33555019306","1.42","Russia"
"684","SoFi","SOFI","33504653312","27.98","United States"
"685","Willis Towers Watson","WTW","33350684672","341.89","United Kingdom"
"686","Titan Company","TITAN.NS","33304358914","37.5453","India"
"687","7-Eleven","3382.T","33297043783","13.518","Japan"
"688","Banco Bradesco","BBD","33202362368","3.3","Brazil"
"689","DMart","DMART.NS","33176184312","50.9789","India"
"690","Sun Life Financial","SLF","33131204608","58.94","Canada"
"691","Adani Enterprises","ADANIENT.NS","33128598408","28.7031","India"
"692","GE HealthCare Technologies","GEHC","33082484736","72.46","United States"
"693","Pacific Gas and Electric","PCG","32901625856","14.97","United States"
"694","Eternal (Zomato)","ETERNAL.NS","32893937515","3.62217","India"
"695","Astera Labs","ALAB","32874819584","197.78","United States"
"696","State Street Corporation","STT","32826386432","115.71","United States"
"697","SAAB AB","SAAB-B.ST","32741830970","61.013","Sweden"
"698","Cognizant Technology Solutions","CTSH","32712761344","66.98","United States"
"699","Ingersoll Rand","IR","32710342656","82.3","Ireland"
"700","Bharat Electronics","BEL.NS","32655253695","4.46734","India"
"701","Endesa","ELE.MC","32616206448","31.3363","Spain"
"702","NRG Energy","NRG","32606631936","168.57","United States"
"703","Haier Smart Home","600690.SS","32535870626","3.60613","China"
"704","Shenzhen Inovance","300124.SZ","32518396166","11.4325","China"
"705","Lennar","LEN","32442230784","126.04","United States"
"706","Anta Sports","2020.HK","32424166027","11.6852","China"
"707","Komatsu","6301.T","32356224130","35.5153","Japan"
"708","RWE","RWE.DE","32208928607","44.3599","Germany"
"709","Henkel","HEN3.DE","32116466657","80.6459","Germany"
"710","Cenovus Energy","CVE","32048205824","17.77","Canada"
"711","Emaar Properties","EMAAR.AE","32012394161","3.62181","United Arab Emirates"
"712","Aeon","8267.T","31946802608","12.3678","Japan"
"713","Dupont De Nemours","DD","31897835520","76.18","United States"
"714","Circle Internet Group","CRCL","31876939776","126.99","United States"
"715","Daimler Truck","DTG.F","31826163979","41.8675","Germany"
"716","Adani Power","ADANIPOWER.NS","31825261695","1.65029","India"
"717","HD Hyundai Heavy Industries","329180.KS","31807484111","348.723","South Korea"
"718","Nucor","NUE","31705731072","138.13","United States"
"719","United Airlines Holdings","UAL","31696611328","97.91","United States"
"720","Hewlett Packard Enterprise","HPE","31666802688","24","United States"
"721","Hexagon AB","HEXA-B.ST","31657855165","11.7934","Sweden"
"722","Cathay Financial Holding","2882.TW","31643532994","2.13744","Taiwan"
"723","Exor","EXO.AS","31620575552","96.4194","Netherlands"
"724","Kenvue","KVUE","31511128064","16.42","United States"
"725","China State Construction Engineering","601668.SS","31453846995","0.761219","China"
"726","Ventas","VTR","31358513152","69","United States"
"727","Bayer","BAYN.DE","31325832266","31.8863","Germany"
"728","Equifax","EFX","31325396992","254.27","United States"
"729","Foshan Haitian Flavouring and Food","603288.SS","31303350366","5.44004","China"
"730","Gree Electric Appliances","000651.SZ","31296500249","5.58726","China"
"731","M&T Bank","MTB","31275737088","200.14","United States"
"732","Estee Lauder","EL","31228547072","86.66","United States"
"733","JSW Steel","JSWSTEEL.NS","31144363519","12.76","India"
"734","Ping An Bank","000001.SZ","31017689925","1.59836","China"
"735","Extra Space Storage","EXR","30986532864","139.83","United States"
"736","Brown &amp; Brown","BRO","30932658176","93.78","United States"
"737","Kraft Heinz","KHC","30832758784","26.05","United States"
"738","Symbotic","SYM","30788321280","52.14","United States"
"739","DiDi","DIDIY","30778552320","6.61","China"
"740","National Bank of Kuwait","NBK.KW","30774300103","3519.97","Kuwait"
"741","Bridgestone","5108.T","30672932231","46.6294","Japan"
"742","Humana","HUM","30663299072","254.95","United States"
"743","Ryanair","RYAAY","30622365696","57.79","Ireland"
"744","Fresenius","FRE.DE","30547678549","54.2359","Germany"
"745","IQVIA","IQV","30525200384","179.56","United States"
"746","Sampo","SAMPO.HE","30462235780","11.3691","Finland"
"747","Poste Italiane","PST.MI","30437312775","23.5198","Italy"
"748","Mitsui Fudosan","8801.T","30432099341","10.9769","Japan"
"749","Naturgy","NTGY.MC","30173303867","31.4065","Spain"
"750","Wolters Kluwer","WKL.AS","30142543128","131.348","Netherlands"
"751","Swiss Life","SLHN.SW","30134434809","1056.29","Switzerland"
"752","Fifth Third Bank","FITB","30069536768","45.43","United States"
"753","ORIX","IX","30057517056","26.64","Japan"
"754","Fujifilm","4901.T","30037175052","24.9229","Japan"
"755","Maersk","MAERSK-B.CO","29972506588","2004.17","Denmark"
"756","Tractor Supply","TSCO","29952868352","56.52","United States"
"757","COSCO Shipping","601919.SS","29909792633","2.01338","China"
"758","Iron Mountain","IRM","29809496064","100.93","United States"
"759","Keysight","KEYS","29789562880","173.34","United States"
"760","Japan Post Holdings","6178.T","29749554837","10.0106","Japan"
"761","Powergrid Corporation of India","POWERGRID.NS","29621593876","3.18491","India"
"762","Restaurant Brands International","QSR","29608312832","64.91","Canada"
"763","Toyota Tsusho","8015.T","29578729389","28.0191","Japan"
"764","KB Financial Group","KB","29512351744","80.84","South Korea"
"765","PTT PCL","PTT-R.BK","29475423408","1.03389","Thailand"
"766","Kinross Gold","KGC","29461825536","24.11","Canada"
"767","H&amp;M","HM-B.ST","29414063570","18.3449","Sweden"
"768","Woodside Energy","WDS","29145810944","15.35","Australia"
"769","Old Dominion Freight Line","ODFL","29127202816","138.59","United States"
"770","Dai-ichi Life Holdings","8750.T","29126673376","7.99446","Japan"
"771","Archer Daniels Midland (ADM)","ADM","29116147712","60.6","United States"
"772","Doosan Enerbility","034020.KS","29082515349","44.7699","South Korea"
"773","Telefónica","TEF","28980154368","5.04","Spain"
"774","Insmed","INSM","28964685824","137.03","United States"
"775","DTE Energy","DTE","28919056384","139.31","United States"
"776","W. R. Berkley","WRB","28780734464","75.88","United States"
"777","Alpha Dhabi","ALPHADHABI.AE","28752689319","2.88","United Arab Emirates"
"778","Suzuki Motor","7269.T","28718321178","14.8855","Japan"
"779","Nutrien","NTR","28680648704","58.82","Canada"
"780","Emcor","EME","28674633728","640.57","United States"
"781","WEG ON","WEGE3.SA","28540223847","6.80226","Brazil"
"782","Abu Dhabi Commercial Bank (ADCB)","ADCB.AE","28500896966","3.89","United Arab Emirates"
"783","Hang Seng Bank","0011.HK","28479733424","15.1946","Hong Kong"
"784","ZTE","000063.SZ","28453529454","6.23502","China"
"785","Celltrion","068270.KS","28402950814","126.292","South Korea"
"786","PKN Orlen","PKN.WA","28381044702","24.4466","Poland"
"787","Comfort Systems USA","FIX","28378988544","804.36","United States"
"788","Sompo Holdings","8630.T","28359850334","30.9748","Japan"
"789","Wanhua Chemical","600309.SS","28336337783","8.97466","China"
"790","Wipro","WIT","28325240832","2.65","India"
"791","Rollins","ROL","28317515776","58.43","United States"
"792","Ashtead","AHT.L","28296540447","67.0035","United Kingdom"
"793","East Japan Railway","9020.T","28210986354","24.9229","Japan"
"794","Kia","000270.KS","28210851383","71.0926","South Korea"
"795","ASM International","ASM.AS","28210693944","576.878","Netherlands"
"796","CTBC Financial Holding","2891.TW","28183326094","1.39869","Taiwan"
"797","Kongsberg Gruppen","KOG.OL","28140358461","31.9925","Norway"
"798","Celestica","CLS","28131176448","243.79","Canada"
"799","ArcelorMittal","MT","28092481536","36.94","Luxembourg"
"800","S.F. Express","002352.SZ","28077294479","5.6181","China"
"801","Mitsubishi Estate","8802.T","28036139544","22.9034","Japan"
"802","CRRC","1766.HK","28025370229","0.748159","China"
"803","Transurban","TCL.AX","28010345311","8.99443","Australia"
"804","Tata Motors","TATAMOTORS.NS","27959542210","7.59301","India"
"805","Ajinomoto","2802.T","27918016011","28.6543","Japan"
"806","Aristocrat","ALL.AX","27881293807","45.0049","Australia"
"807","Vodafone","VOD","27828490240","11.44","United Kingdom"
"808","Ericsson","ERIC","27790587904","8.19","Sweden"
"809","Aviva","AV.L","27780387228","9.14111","United Kingdom"
"810","AvalonBay Communities","AVB","27744755712","194.86","United States"
"811","Synchrony","SYF","27733168128","74.54","United States"
"812","Stellantis","STLA","27705569280","9.23","Netherlands"
"813","Central Japan Railway","9022.T","27694125777","28.534","Japan"
"814","SAIC Motor","600104.SS","27657133302","2.38913","China"
"815","Broadridge Financial Solutions","BR","27642519552","236","United States"
"816","Ameren","AEE","27608852480","102.1","United States"
"817","Expedia Group","EXPE","27572492288","222.87","United States"
"818","China Everbright Bank","601818.SS","27554434384","0.480911","China"
"819","Blue Owl Capital","OWL","27519186944","17.76","United States"
"820","Novonesis","NZYM.VI","27488902165","58.9048","Denmark"
"821","Otsuka Holdings","4578.T","27423940809","51.9256","Japan"
"822","Maybank","MLYBY","27415443456","4.45","Malaysia"
"823","Bajaj Auto","BAJAJ-AUTO.NS","27414201890","98.1934","India"
"824","Prysmian Group","PRY.MI","27344760926","95.3662","Italy"
"825","Banorte","GFNORTEO.MX","27313253892","9.79085","Mexico"
"826","HubSpot","HUBS","27282386944","517.76","United States"
"827","LPL Financial","LPLA","27242995712","340.52","United States"
"828","Supermicro","SMCI","27229601792","45.82","United States"
"829","Naver","035420.KS","27177650341","181.988","South Korea"
"830","PPL","PPL","27155001344","36.72","United States"
"831","China Resources Land","1109.HK","27152039901","3.80764","Hong Kong"
"832","Kellanova 
 (Kellogg's)","K","27097337856","77.94","United States"
"833","Pure Storage","PSTG","27079653376","82.4","United States"
"834","Coal India","COALINDIA.NS","27061595279","4.39117","India"
"835","Teledyne Technologies","TDY","27059818496","577.11","United States"
"836","Atmos Energy","ATO","27040194560","168.45","United States"
"837","TDK","6762.T","27031744174","14.2436","Japan"
"838","Nebius Group (Yandex)","NBIS","26873233408","107.7","Netherlands"
"839","Fanuc","6954.T","26863919845","28.7881","Japan"
"840","Advanced Info Service (AIS)","ADVANC.BK","26819678885","9.01741","Thailand"
"841","Viking Holdings","VIK","26738081792","60.3","Bermuda"
"842","General Mills","GIS","26718828544","50.09","United States"
"843","Bank Leumi","LUMI.TA","26718136893","17.9303","Israel"
"844","Power Corporation of Canada","POW.TO","26700072349","41.9647","Canada"
"845","Hansoh Pharma","3692.HK","26629955358","4.47867","China"
"846","American Water","AWK","26603638784","136.36","United States"
"847","VeriSign","VRSN","26567272448","284.42","United States"
"848","Philips","PHG","26545836032","26.82","Netherlands"
"849","JD Health","6618.HK","26544862433","8.29145","China"
"850","Sany Heavy Industry","600031.SS","26472444408","3.12382","China"
"851","Svenska Handelsbanken","SHB-A.ST","26362876791","13.1539","Sweden"
"852","Luzhou Laojiao","000568.SZ","26329735937","17.8876","China"
"853","DexCom","DXCM","26313617408","67.1","United States"
"854","Fuyao Glass Industry Group","600660.SS","26276786509","10.1117","China"
"855","FirstEnergy","FE","26231459840","45.43","United States"
"856","Cheniere Energy
Partners","CQP","26153119744","54.03","United States"
"857","ABN AMRO","ABN.AS","26123588821","31.7341","Netherlands"
"858","Bank of Jiangsu","600919.SS","26086446352","1.4215","China"
"859","Great Wall Motors","601633.SS","26050378890","3.39582","China"
"860","Canon","7751.T","26031913592","29.5772","Japan"
"861","China Tower","0788.HK","26022584123","1.4886","China"
"862","Fujikura","5803.T","26014211891","94.2885","Japan"
"863","Panasonic","6752.T","26002175856","11.1374","Japan"
"864","Formula One Group","FWONK","25980782592","104.93","United States"
"865","Veralto","VLTO","25965068288","104.63","United States"
"866","Figma","FIG","25913958400","52.91","United States"
"867","MongoDB","MDB","25904848896","318.41","United States"
"868","Eversource Energy","ES","25892704256","69.77","United States"
"869","PulteGroup","PHM","25875574784","131.15","United States"
"870","Fox Corporation","FOX","25863585792","55.29","United States"
"871","Michelin","ML.PA","25782704426","36.1456","France"
"872","STMicroelectronics","STM","25761325056","28","Switzerland"
"873","Dassault Aviation","AM.PA","25706797102","329.745","France"
"874","AVIC Shenyang Aircraft Company Limited","600760.SS","25630851728","9.04056","China"
"875","BT Group","BT-A.L","25537019039","2.6217","United Kingdom"
"876","Cboe Global Markets","CBOE","25469788160","243.52","United States"
"877","AMEC","688012.SS","25459127889","40.6601","China"
"878","Northern Trust","NTRS","25416962048","133.31","United States"
"879","Huntington Bancshares","HBAN","25414277120","17.42","United States"
"880","WSP Global","WSP.TO","25397036598","194.57","Canada"
"881","Equity Residential","EQR","25396547584","64.53","United States"
"882","SSE","SSE.L","25357890405","23.027","United Kingdom"
"883","Vonovia","VNA.DE","25344383066","30.33","Germany"
"884","Asian Paints","ASIANPAINT.NS","25340749716","26.4362","India"
"885","CenterPoint Energy","CNP","25337688064","38.81","United States"
"886","Nestlé India","NESTLEIND.NS","25297142369","13.1188","India"
"887","Zoom","ZM","25292945408","84.51","United States"
"888","Sandoz Group","SDZ.SW","25230289933","58.5795","Switzerland"
"889","FirstRand","FSR.JO","25200450900","4.5137","South Africa"
"890","Expand Energy","EXE","25188667392","105.77","United States"
"891","Nokia","NOK","25159923712","4.66","Finland"
"892","Fortis","FTS","25107886080","49.67","Canada"
"893","Li Auto","LI","25081579520","24.36","China"
"894","EnBW Energie","EBK.DE","25053986927","77.2291","Germany"
"895","ADNOC Drilling Company","ADNOCDRILL.AE","25049691452","1.57","United Arab Emirates"
"896","HP","HPQ","24965883904","26.71","United States"
"897","Grab Holdings","GRAB","24907812864","6.11","Singapore"
"898","China National Nuclear Power","601985.SS","24887044351","1.20999","China"
"899","Veolia","VIE.PA","24833391976","33.9574","France"
"900","Mettler-Toledo","MTD","24810102784","1204.43","United States"
"901","Affirm","AFRM","24759191552","76.03","United States"
"902","ULTA Beauty","ULTA","24750776320","552","United States"
"903","Credo Technology","CRDO","24726259712","142.93","United States"
"904","Lens Technology","300433.SZ","24679590559","4.48383","China"
"905","Verbund AG","OEWA.F","24558524786","71.6125","Austria"
"906","Pernod Ricard","RI.PA","24547678486","97.5427","France"
"907","Cincinnati Financial","CINF","24535457792","156.9","United States"
"908","Steris","STE","24532041728","249.08","Ireland"
"909","Bank Hapoalim","POLI.TA","24529553265","18.6339","Israel"
"910","Williams-Sonoma","WSM","24522485760","201.35","United States"
"911","Bank Mandiri","BMRI.JK","24488172537","0.262373","Indonesia"
"912","CK Hutchison Holdings","0001.HK","24469824636","6.38891","Hong Kong"
"913","China Minsheng Bank","600016.SS","24458514637","0.567839","China"
"914","Huatai Securities","601688.SS","24442197944","2.7747","China"
"915","Epiroc","EPI-A.ST","24436354953","20.94","Sweden"
"916","Bank of Ningbo","002142.SZ","24415222450","3.69726","China"
"917","Dr. Sulaiman Al Habib Medical Services Group Company","4013.SR","24338736498","69.5392","Saudi Arabia"
"918","PTC","PTC","24313128960","202.96","United States"
"919","ASE Group","ASX","24290473984","11.17","Taiwan"
"920","InterGlobe Aviation (IndiGo)","INDIGO.NS","24257020458","62.7504","India"
"921","Tradeweb","TW","24243515392","110.98","United States"
"922","Klabin","KLBN11.SA","24221884097","3.40862","Brazil"
"923","CyberArk Software","CYBR","24218142720","480.45","Israel"
"924","Markel","MKL","24216815616","1914.07","United States"
"925","Hyundai Motor India","HYUNDAI.NS","24198084574","29.7808","India"
"926","Geberit","GEBN.SW","24175722281","733.434","Switzerland"
"927","PKO Bank Polski","PKO.WA","24175057891","19.34","Poland"
"928","Yili Group","600887.SS","24172449294","3.82151","China"
"929","Terumo","4543.T","24141823119","16.3667","Japan"
"930","Shinhan Financial Group","SHG","24132769792","48.93","South Korea"
"931","China General Nuclear Power Group (CGN)","003816.SZ","24081500927","0.508952","China"
"932","Futu Holdings","FUTU","24065474560","172.85","Hong Kong"
"933","Telus","TU","23989239808","15.68","Canada"
"934","China Northern Rare Earth (CNREHT)","600111.SS","23964263313","6.50421","China"
"935","NetApp","NTAP","23930251264","119.88","United States"
"936","International Paper","IP","23928147968","45.32","United States"
"937","Aselsan","ASELS.IS","23840483261","5.22818","Turkey"
"938","Resona Holdings","8308.T","23831626136","10.4787","Japan"
"939","Hanwha Ocean (DSME)","042660.KS","23826037235","75.9172","South Korea"
"940","Shandong Gold Mining","600547.SS","23819317412","5.35872","China"
"941","Galaxy Entertainment","0027.HK","23777884910","5.43508","Hong Kong"
"942","Regions Financial","RF","23762169856","26.63","United States"
"943","International Consolidated Airlines","BABWF","23754500096","5.01","Spain"
"944","Leidos","LDOS","23722174464","184.9","United States"
"945","Geely","0175.HK","23712185471","2.34346","China"
"946","First Citizens BancShares","FCNCA","23682848768","1850.38","United States"
"947","Banco do Brasil","BBAS3.SA","23637958979","4.14091","Brazil"
"948","Hapag-Lloyd","HLAG.DE","23630770734","134.449","Germany"
"949","First Solar","FSLR","23596627968","220.02","United States"
"950","BioNTech","BNTX","23578306560","98.08","Germany"
"951","Tata Steel","TATASTEEL.NS","23558606279","1.88894","India"
"952","Capitec Bank","CPI.JO","23552799300","203.382","South Africa"
"953","Itaúsa","ITSA3.SA","23543246360","2.14444","Brazil"
"954","MTU Aero Engines","MTX.DE","23500363509","436.93","Germany"
"955","Devon Energy","DVN","23481253888","36.99","United States"
"956","Capgemini","CAP.PA","23468634607","139.422","France"
"957","China Securities","601066.SS","23406020135","3.57669","China"
"958","Publicis Groupe","PUB.PA","23397199045","93.2834","France"
"959","PPG Industries","PPG","23393806336","103.65","United States"
"960","Pembina Pipeline","PBA","23369488384","40.09","Canada"
"961","Constellation Brands","STZ","23360714752","132.49","United States"
"962","New China Life Insurance","601336.SS","23345487798","8.46431","China"
"963","LabCorp","LH","23318689792","280.61","United States"
"964","EVE Energy","300014.SZ","23313130069","10.8338","China"
"965","Fresnillo","FNLPF","23300116480","31.55","Mexico"
"966","KE Holdings","BEKE","23197743104","19.45","China"
"967","Jabil","JBL","23163697152","215.84","United States"
"968","Carlyle Group","CG","23145496576","63.99","United States"
"969","George Weston","WN.TO","23141994342","60.1167","Canada"
"970","Vingroup Company","VIC.VN","23122329206","6.21565","Vietnam"
"971","The Trade Desk","TTD","23048767488","47.14","United States"
"972","Dover","DOV","23037216768","167.99","United States"
"973","Citizens Financial Group","CFG","23025410048","53.38","United States"
"974","Banca Monte dei Paschi di Siena","BMPS.MI","22986904083","9.03932","Italy"
"975","Tyler Technologies","TYL","22916642816","529.72","United States"
"976","Beiersdorf","BEI.DE","22904689322","103.464","Germany"
"977","Elbit Systems","ESLT","22878117888","493.57","Israel"
"978","Cellnex Telecom","CLNX.MC","22872876544","33.5596","Spain"
"979","Banco BPM","BAMI.MI","22854507810","15.1884","Italy"
"980","Daiwa House","1925.T","22848794306","36.8661","Japan"
"981","Pinterest","PINS","22845636608","33.6","United States"
"982","Kühne + Nagel","KNIN.SW","22744979109","191.568","Switzerland"
"983","T. Rowe Price","TROW","22733936640","103.47","United States"
"984","Tapestry","TPR","22695882752","109.05","United States"
"985","Telenor","TEL.OL","22673044215","16.5753","Norway"
"986","Techtronic Industries","0669.HK","22617550775","12.3536","Hong Kong"
"987","Hubbell","HUBB","22596194304","425.22","United States"
"988","Indian Oil","IOC.NS","22538980591","1.63663","India"
"989","Dollar General","DG","22477228032","102.12","United States"
"990","Zhejiang Century Huatong","002602.SZ","22474944070","3.02567","China"
"991","OTP Bank","OTP.BD","22436066551","87.065","Hungary"
"992","Rocket Lab","RKLB","22388019200","46.26","United States"
"993","Insulet","PODD","22384826368","318","United States"
"994","Natera","NTRA","22367324160","162.97","United States"
"995","LY Corporation","4689.T","22337925452","3.24593","Japan"
"996","Nomura Research Institute","4307.T","22265916095","38.9191","Japan"
"997","Tenaga Nasional","TNABY","22245369856","15.19","Malaysia"
"998","Nornickel","GMKN.ME","22241395474","1.47","Russia"
"999","China Galaxy Securities","601881.SS","22222792232","2.38212","China"
"1000","NVR","NVR","22195406848","8032.78","United States"
"1001","Nomura Holdings","NMR","22192726016","7.55","Japan"
"1002","Sumitomo Denki Kōgyō","5802.T","22184722819","28.447","Japan"
"1003","TPG Capital","TPG","22143254528","58.6","United States"
"1004","Inpex","1605.T","22111253221","18.5568","Japan"
"1005","BPER Banca","BPE.MI","22097814238","11.2544","Italy"
"1006","Nippon Steel","5401.T","22081585605","21.1046","Japan"
"1007","Standard Bank Group","SBK.JO","22055906300","13.6241","South Africa"
"1008","Abu Dhabi Islamic Bank (ADIB)","ADIB.AE","22052877061","6.07","United Arab Emirates"
"1009","Brambles","BXB.AX","22021433799","16.1415","Australia"
"1010","Smurfit Westrock","SW","21997129728","42.13","Ireland"
"1011","Check Point Software","CHKP","21969641472","204.65","Israel"
"1012","AerCap","AER","21955280896","123.13","Ireland"
"1013","Texas Pacific Land Corporation","TPL","21936347136","954.28","United States"
"1014","Darden Restaurants","DRI","21933832192","188.12","United States"
"1015","Centrais Electricas Brasileiras","EBR","21870544896","9.47","Brazil"
"1016","Eicher Motors","EICHERMOT.NS","21810145983","79.5184","India"
"1017","Samsara","IOT","21809588224","38.02","United States"
"1018","IonQ","IONQ","21735110656","67.28","United States"
"1019","Renesas Electronics","6723.T","21716363993","12.0034","Japan"
"1020","Toast","TOST","21693429760","37.21","United States"
"1021","XPeng","XPEV","21660598272","22.79","China"
"1022","Teva Pharmaceutical Industries","TEVA","21638103040","18.34","Israel"
"1023","BCE","BCE","21599199232","23.1","Canada"
"1024","Riyad Bank","1010.SR","21577870471","7.20456","Saudi Arabia"
"1025","CDW Corporation","CDW","21542453248","164.37","United States"
"1026","Teradyne","TER","21524240384","135.31","United States"
"1027","DSM-Firmenich","DSFIR.AS","21517292758","83.9925","Switzerland"
"1028","CMS Energy","CMS","21504258048","71.84","United States"
"1029","SS&C Technologies","SSNC","21459668992","87.87","United States"
"1030","Woolworths Group","WOW.AX","21438974007","17.55","Australia"
"1031","Hindustan Zinc","HINDZINC.NS","21412426385","5.06765","India"
"1032","Halliburton","HAL","21408839680","25.11","United States"
"1033","BOE Technology","000725.SZ","21368310213","0.57485","China"
"1034","Bandai Namco","7832.T","21347855523","32.9742","Japan"
"1035","Northern Star","NST.AX","21303329727","14.8968","Australia"
"1036","Sichuan Biokin Pharmaceutical","688506.SS","21280441729","52.2833","China"
"1037","Flex","FLEX","21259427840","56.85","Singapore"
"1038","Baosteel","600019.SS","21255880545","0.975842","China"
"1039","Jio Financial Services","JIOFIN.NS","21209160593","3.33837","India"
"1040","GF Securities","000776.SZ","21205673921","2.92472","China"
"1041","Edison International","EIX","21169719296","55.01","United States"
"1042","Quest Diagnostics","DGX","21133512704","188.99","United States"
"1043","EchoStar","SATS","21132769280","73.45","United States"
"1044","Church & Dwight","CHD","21120872448","86.7","United States"
"1045","Hydro One","H.TO","21098639046","35.1775","Canada"
"1046","MTR Corporation","0066.HK","21043915067","3.386","Hong Kong"
"1047","Borouge","BOROUGE.AE","21033100682","0.7","United Arab Emirates"
"1048","Grasim Industries","GRASIM.NS","21031691822","30.9949","India"
"1049","DraftKings","DKNG","21010614272","42.32","United States"
"1050","MFHC","2886.TW","20990454939","1.37899","Taiwan"
"1051","Corpay","CPAY","20951287808","296.7","United States"
"1052","CLP Group","0002.HK","20947933314","8.29145","Hong Kong"
"1053","Credicorp","BAP","20925724672","263.66","Bermuda"
"1054","lululemon athletica","LULU","20907270144","176.3","Canada"
"1055","Eastroc Beverage Group","605499.SS","20865263082","40.0362","China"
"1056","SBA Communications","SBAC","20855152640","194.22","United States"
"1057","Loews Corporation","L","20804868096","100.3","United States"
"1058","Industries Qatar","IQCD.QA","20776097441","3.43407","Qatar"
"1059","Paramount Skydance","PSKY","20739223552","18.92","United States"
"1060","Nutanix","NTNX","20737921024","77.15","United States"
"1061","KeyCorp (KeyBank)","KEY","20713183232","18.89","United States"
"1062","Pro Medicus","PME.AX","20660488482","197.688","Australia"
"1063","Repsol","REP.MC","20650048886","18.3068","Spain"
"1064","WiseTech Global","WTC.AX","20634169703","61.6639","Australia"
"1065","Sumitomo Realty &amp; Development","8830.T","20593273615","44.2487","Japan"
"1066","Sumitomo Mitsui Trust Holdings","8309.T","20582690809","29.2696","Japan"
"1067","Steel Dynamics","STLD","20554178560","139.63","United States"
"1068","Coles Group","COL.AX","20521134592","15.2899","Australia"
"1069","ON Semiconductor","ON","20514134016","50.16","United States"
"1070","Barito Pacific","BRPT.JK","20506578025","0.218843","Indonesia"
"1071","Innovent Biologics","1801.HK","20491375505","11.9872","China"
"1072","Dick's Sporting Goods","DKS","20470413312","228.27","United States"
"1073","Global Payments","GPN","20456630272","84.32","United States"
"1074","Gulf Development Public Company","GULF.BK","20440077343","1.35261","Thailand"
"1075","Royalty Pharma","RPRX","20434427904","35.04","United Kingdom"
"1076","ST Engineering","S63.SI","20421393218","6.54237","Singapore"
"1077","Casey's General Stores","CASY","20358227968","547.54","United States"
"1078","SBI Life Insurance","SBILIFE.NS","20353170426","20.2977","India"
"1079","WuXi Biologics","WXXWY","20339187712","10.01","China"
"1080","China Merchants Securities","600999.SS","20297093896","2.38212","China"
"1081","Teck Resources","TECK","20287928320","41.44","Canada"
"1082","Telefonica Brasil","VIV","20240711680","12.29","Brazil"
"1083","HD Korea Shipbuilding &amp; Offshore Engineering","009540.KS","20219517123","282.029","South Korea"
"1084","Nidec","6594.T","20210108388","17.6306","Japan"
"1085","QBE Insurance","QBE.AX","20199485221","13.377","Australia"
"1086","Pan Pacific International Holdings","7532.T","20152063357","33.7366","Japan"
"1087","Kaō","4452.T","20147114664","43.5867","Japan"
"1088","Biogen","BIIB","20140445696","137.37","United States"
"1089","China Tourism Group Duty Free","601888.SS","20132114505","9.84255","China"
"1090","Ciena","CIEN","20060743680","141.93","United States"
"1091","Terna","TRN.MI","20045144799","9.99298","Italy"
"1092","NiSource","NI","20044298240","42.57","United States"
"1093","REA Group","REA.AX","20016213033","151.503","Australia"
"1094","Ritchie Bros. Auctioneers","RBA","20007704576","107.44","Canada"
"1095","Gartner","IT","20001064960","264.09","United States"
"1096","DLF","DLF.NS","20000302030","8.07991","India"
"1097","PBBank (Public Bank Bhd)","1295.KL","19967388046","1.02868","Malaysia"
"1098","Al Dar Properties","ALDAR.AE","19909727649","2.53","United Arab Emirates"
"1099","Suzhou TFC Optical Communication","300394.SZ","19881478790","24.375","China"
"1100","Curtiss-Wright","CW","19824711680","526.16","United States"
"1101","SK Square","402340.KS","19814457295","138.567","South Korea"
"1102","Snam","SRG.MI","19806090050","5.90452","Italy"
"1103","Grupo ACS","ACS.MC","19766330668","78.1067","Spain"
"1104","GlobalFoundries","GFS","19751440384","35.59","United States"
"1105","Vedanta","VEDL.NS","19746443491","5.05467","India"
"1106","Kakao","035720.KS","19715390030","42.0737","South Korea"
"1107","CGI","GIB","19706071040","88.14","Canada"
"1108","Astellas Pharma","4503.T","19682025165","10.9936","Japan"
"1109","SGS","SGSN.SW","19650347929","101.518","Switzerland"
"1110","China Overseas Land &amp; Investment","0688.HK","19627093224","1.79327","Hong Kong"
"1111","Banco Sabadell","SAB.MC","19616209107","3.90475","Spain"
"1112","China Coal Energy Company Limited","601898.SS","19598586420","1.60958","China"
"1113","GoDaddy","GDDY","19576690688","141.4","United States"
"1114","United Therapeutics","UTHR","19567595520","432.66","United States"
"1115","Bank of Nanjing","601009.SS","19518776356","1.57873","China"
"1116","Ecopetrol","EC","19500171264","9.41","Colombia"
"1117","Guidewire Software","GWRE","19474999296","230.39","United States"
"1118","EDP Group","EDP.F","19474780642","4.67704","Portugal"
"1119","Adani Green Energy","ADANIGREEN.NS","19467759647","11.8189","India"
"1120","Zimmer Biomet","ZBH","19460950016","98.24","United States"
"1121","Coloplast","COLO-B.CO","19451835195","86.3119","Denmark"
"1122","Hochtief","HOT.F","19439910003","258.366","Germany"
"1123","Packaging Corporation of America","PKG","19430918144","215.95","United States"
"1124","Dollar Tree","DLTR","19389181952","95.06","United States"
"1125","Rogers Communication","RCI","19377096704","35.66","Canada"
"1126","China International Capital Corporation","601995.SS","19371999623","5.0096","China"
"1127","Samsung Life Insurance","032830.KS","19366244136","107.845","South Korea"
"1128","Chow Tai Fook","1929.HK","19351732249","1.96167","Hong Kong"
"1129","Trimble","TRMB","19332608000","81.24","United States"
"1130","Tyson Foods","TSN","19279142912","54.19","United States"
"1131","Konami Holdings","9766.T","19258293978","142.068","Japan"
"1132","Associated British Foods","ABF.L","19254622142","27.0614","United Kingdom"
"1133","AIB Group (Allied Irish Banks)","A5G.IR","19252402737","9.01006","Ireland"
"1134","Shengyi Technology (SYTECH)","600183.SS","19182604918","7.43098","China"
"1135","Genuine Parts Company","GPC","19151618048","137.69","United States"
"1136","Guosen Securities","002736.SZ","19127071190","1.86756","China"
"1137","Zillow","Z","19125757952","79.485","United States"
"1138","Amer Sports","AS","19121623040","34.48","Finland"
"1139","SMC corp","6273.T","19075881260","300.921","Japan"
"1140","Hyundai Mobis","012330.KS","19069042342","209.304","South Korea"
"1141","MIXUE Group","2097.HK","19061217480","50.2115","China"
"1142","Elm Company","7203.SR","19005972360","237.575","Saudi Arabia"
"1143","Kyocera","6971.T","18994077943","13.6284","Japan"
"1144","Next plc","NXT.L","18985271760","163.387","United Kingdom"
"1145","United Microelectronics","UMC","18934941696","7.54","Taiwan"
"1146","Tenaris","TS","18934589440","35.36","Luxembourg"
"1147","Rivian","RIVN","18917435392","15.59","United States"
"1148","ASICS Corporation","7936.T","18902180906","26.374","Japan"
"1149","Ralph Lauren","RL","18897358848","311.97","United States"
"1150","Wiwynn","6669.TW","18884893931","100.141","Taiwan"
"1151","LONGi Green Energy Technology","601012.SS","18869978171","2.45363","China"
"1152","Vestas Wind Systems","VWS.CO","18859584973","18.8504","Denmark"
"1153","West Pharmaceutical","WST","18805202944","261.52","United States"
"1154","Talen Energy","TLN","18787172352","411.23","United States"
"1155","InterContinental Hotels Group","IHG","18781702144","123.23","United Kingdom"
"1156","Aptiv","APTV","18775250944","86.22","Ireland"
"1157","Alfa Laval","ALFA.ST","18773120028","45.4196","Sweden"
"1158","Trent Limited","TRENT.NS","18768980151","52.7979","India"
"1159","Telkom Indonesia","TLK","18683133952","18.86","Indonesia"
"1160","F5","FFIV","18662860800","324.87","United States"
"1161","Hindalco Industries","HINDALCO.NS","18640039418","8.39361","India"
"1162","HDFC Life","HDFCLIFE.NS","18592657618","8.62549","India"
"1163","Amcor","AMCR","18582298624","8.05","Switzerland"
"1164","CIMB Group","1023.KL","18500342348","1.71842","Malaysia"
"1165","Essex Property Trust","ESS","18496536576","267.8","United States"
"1166","Asahi Group","2502.T","18483806859","12.2976","Japan"
"1167","Dubai Islamic Bank","DIB.AE","18460405150","2.55433","United Arab Emirates"
"1168","GigaDevice Semiconductor","603986.SS","18442508595","26.6688","China"
"1169","Principal","PFG","18405130240","82.62","United States"
"1170","Lenovo","0992.HK","18354003908","1.47961","Hong Kong"
"1171","NN Group","NN.AS","18349733450","69.5296","Netherlands"
"1172","Lennox","LII","18332766208","521.94","United States"
"1173","KPN","KPN.AS","18327435748","4.78001","Netherlands"
"1174","International Container Terminal Services","ICTEF","18291580928","9.06","Philippines"
"1175","TVS Motor","TVSMOTOR.NS","18285792577","38.5281","India"
"1176","Sino Biopharmaceutical","1177.HK","18278656168","1.02197","China"
"1177","Coterra Energy","CTRA","18185625600","23.83","United States"
"1178","Shanghai Electric Group","601727.SS","18166728218","1.32356","China"
"1179","Genmab","GMAB","18083596288","29.07","Denmark"
"1180","Unity Software","U","18066864128","42.76","United States"
"1181","Accton Technology","2345.TW","18057113828","32.3078","Taiwan"
"1182","CVC Capital Partners plc","CVC.AS","18048099193","16.9787","Jersey"
"1183","Bank of Shanghai","601229.SS","18009492537","1.26747","China"
"1184","Pentair","PNR","17993093120","109.76","United Kingdom"
"1185","Shanghai International Port Group (SIPG)","600018.SS","17985828393","0.768336","China"
"1186","Indian Railway Finance","IRFC.NS","17980369578","1.37563","India"
"1187","Legal &amp; General","LGEN.L","17973393716","3.19269","United Kingdom"
"1188","Mediobanca","MB.MI","17923669894","22.2268","Italy"
"1189","Invitation Homes","INVH","17887580160","29.18","United States"
"1190","Aluminum Corporation of China","601600.SS","17882469042","1.06838","China"
"1191","Coca-Cola FEMSA","KOF","17870860288","84.22","Mexico"
"1192","Tenet Healthcare","THC","17846902784","202","United States"
"1193","Corebridge Financial","CRBG","17845237760","33.14","United States"
"1194","Snap-on","SNA","17835177984","341.91","United States"
"1195","OMV","OMV.F","17777285585","54.3646","Austria"
"1196","China Railway Group","0390.HK","17768355569","0.482061","China"
"1197","Gen Digital","GEN","17737029632","28.8","United States"
"1198","Essity","ESSITY-B.ST","17717374393","25.8402","Sweden"
"1199","IHI Corporation","7013.T","17708306512","116.991","Japan"
"1200","Weyerhaeuser","WY","17705879552","24.54","United States"
"1201","News Corp","NWS","17698889728","33.63","United States"
"1202","Jacobs Engineering","J","17674661888","147.86","United States"
"1203","JDE Peet's","JDEP.AS","17647922011","36.4147","Netherlands"
"1204","McCormick & Company","MKC","17635964928","65.7","United States"
"1205","Coca-Cola HBC","CCH.L","17627756650","48.4935","Switzerland"
"1206","Alinma Bank","1150.SR","17605263852","7.08724","Saudi Arabia"
"1207","AST SpaceMobile","ASTS","17599651840","49.09","United States"
"1208","iFLYTEK","002230.SZ","17567088006","7.59923","China"
"1209","E.SUN Bank","2884.TW","17531464856","1.08021","Taiwan"
"1210","Arca Continental","AC.MX","17478836683","10.2926","Mexico"
"1211","Tourmaline Oil","TOU.TO","17471792827","45.1646","Canada"
"1212","ENEOS Holdings","5020.T","17445729524","6.48451","Japan"
"1213","Xero","XRO.AX","17440350905","103.662","New Zealand"
"1214","Airports of Thailand","AOT.BK","17435129460","1.22046","Thailand"
"1215","Industrias Peñoles","PE&OLES.MX","17430449642","43.8529","Mexico"
"1216","First Quantum Minerals","FM.TO","17428797449","20.8927","Canada"
"1217","The Saudi British Bank","1060.SR","17400883242","8.46843","Saudi Arabia"
"1218","Wärtsilä","WRT1V.HE","17392836258","29.5577","Finland"
"1219","Straumann","STMN.SW","17374145426","108.962","Switzerland"
"1220","Waters Corporation","WAT","17363783680","291.71","United States"
"1221","Warner Music Group","WMG","17358186496","33.3","United States"
"1222","Somnigroup International","SGI","17345153024","82.64","United States"
"1223","Nexon","3659.T","17335594370","21.6997","Japan"
"1224","Hana Financial Group","086790.KS","17281693608","61.798","South Korea"
"1225","China Communications Construction","601800.SS","17263446583","1.21279","China"
"1226","Alteogen","196170.KQ","17252202571","317.149","South Korea"
"1227","US Foods","USFD","17248145408","76.6","United States"
"1228","Shanghai United Imaging Healthcare","688271.SS","17188496150","20.2347","China"
"1229","Air China","601111.SS","17178914716","1.09081","China"
"1230","China Three Gorges Renewables","600905.SS","17155077136","0.600087","China"
"1231","Brookfield Renewable Partners","BEP","17122349056","25.92","Bermuda"
"1232","Centene","CNC","17120896000","34.86","United States"
"1233","AECOM","ACM","17118658560","129.25","United States"
"1234","Industrivarden","INDU-A.ST","17113311466","39.6478","Sweden"
"1235","Uniper","UN0.DE","17105409311","41.0718","Germany"
"1236","Southwest Airlines","LUV","17084355584","32.53","United States"
"1237","Evergy","EVRG","17047604224","74.07","United States"
"1238","Divis Laboratories","DIVISLAB.NS","17043176921","64.2004","India"
"1239","Rede D'Or Sao Luiz","RDOR3.SA","17035989834","7.71997","Brazil"
"1240","Evolution Gaming","EVO.ST","17030146537","84.7379","Sweden"
"1241","Bouygues","EN.PA","17027256521","44.6642","France"
"1242","Alliant Energy","LNT","16977956864","66.07","United States"
"1243","Varun Beverages","VBL.NS","16972581944","5.01856","India"
"1244","Halma","HLMA.L","16969440528","44.9282","United Kingdom"
"1245","LTIMindtree","LTIM.NS","16966464728","57.2663","India"
"1246","GFL Environmental","GFL","16942770176","46.63","Canada"
"1247","Sabesp","SBS","16937908224","24.03","Brazil"
"1248","Pidilite","PIDILITIND.NS","16936445113","16.6417","India"
"1249","NIO","NIO","16928202752","7.04","China"
"1250","Hyundai Rotem Company","064350.KS","16920025182","150.77","South Korea"
"1251","FTAI Aviation","FTAI","16910814208","164.87","United States"
"1252","Henderson Land Development","0012.HK","16890802397","3.48884","Hong Kong"
"1253","Grupo Financiero Inbursa","GFINBURO.MX","16858684020","2.77764","Mexico"
"1254","Anhui Conch Cement","AHCHF","16847680512","2.91","China"
"1255","Sun Communities","SUI","16779568128","128.68","United States"
"1256","Mid-America Apartment Communities","MAA","16751302656","139.57","United States"
"1257","Focus Media Information Technology","002027.SZ","16725681395","1.15811","China"
"1258","Korea Electric Power","KEP","16678226944","12.99","South Korea"
"1259","Coherent Corp.","COHR","16669627392","106.99","United States"
"1260","Aker BP","AKRBP.OL","16645674186","26.4022","Norway"
"1261","Yankuang Energy (Yanzhou Coal Mining)","600188.SS","16628036218","1.90401","China"
"1262","Burlington Stores","BURL","16621072384","263.68","United States"
"1263","CK Infrastructure","1038.HK","16615808947","6.59459","Hong Kong"
"1264","Traton","8TRA.DE","16614236803","32.2022","Germany"
"1265","Bank of Beijing","601169.SS","16600635750","0.78516","China"
"1266","TransUnion","TRU","16595012608","85.19","United States"
"1267","TechnipFMC","FTI","16592735232","40.37","United Kingdom"
"1268","Tatneft","TATN.ME","16577250112","7.55","Russia"
"1269","Expeditors","EXPD","16535945216","121.84","United States"
"1270","ASUS","2357.TW","16534506253","22.2609","Taiwan"
"1271","Weichai Power","2338.HK","16530150519","1.77398","China"
"1272","Erie Indemnity","ERIE","16523074560","315.99","United States"
"1273","BWX Technologies","BWXT","16508439552","180.62","United States"
"1274","Shenzhen Transsion Holdings","688036.SS","16500171964","13.6702","China"
"1275","Sonova","SOON.SW","16487838520","276.605","Switzerland"
"1276","Bloom Energy","BE","16454736896","70.32","United States"
"1277","Chewy","CHWY","16451760128","39.66","United States"
"1278","Ems-Chemie","EMSN.SW","16444929828","703.104","Switzerland"
"1279","Saudi Electricity","5110.SR","16442402439","3.94625","Saudi Arabia"
"1280","KEPCO","9503.T","16441577820","14.7585","Japan"
"1281","MasTec","MTZ","16422322176","208.12","United States"
"1282","Fortive","FTV","16419463168","48.53","United States"
"1283","Fidelity National Financial","FNF","16414759936","60.41","United States"
"1284","Bunge","BG","16399083520","81.97","United States"
"1285","DocuSign","DOCU","16394006528","81.52","United States"
"1286","Watsco","WSO","16372248576","398.01","United States"
"1287","TKO Group Holdings","TKO","16348525568","199.04","United States"
"1288","Fortum","FORTUM.HE","16331557209","18.2015","Finland"
"1289","Performance Food Group","PFGC","16324942848","104.3","United States"
"1290","CK Asset Holdings","1113.HK","16322190756","4.66378","Hong Kong"
"1291","Oklo","OKLO","16315244544","110.53","United States"
"1292","China Shipbuilding Industry Company Limited","601989.SS","16304726551","0.715057","China"
"1293","Grupo Carso","GCARSOA1.MX","16277169302","7.21947","Mexico"
"1294","Dow","DOW","16275061760","22.96","United States"
"1295","Pan American Silver","PAAS","16243814400","38.36","Canada"
"1296","Rubrik","RBRK","16221231104","82.15","United States"
"1297","Carlsberg","CARL-B.CO","16210990811","117.319","Denmark"
"1298","Kaspi.kz Joint Stock Company","KKS.F","16208945613","83.7819","Kazakhstan"
"1299","AIER Eye Hospital","300015.SZ","16199776420","1.73156","China"
"1300","Hong Kong and China Gas","0003.HK","16191350011","0.86771","Hong Kong"
"1301","JAC Motors","600418.SS","16177283825","7.2389","China"
"1302","Incyte","INCY","16149336064","82.7","United States"
"1303","Britannia Industries","BRITANNIA.NS","16091679209","66.807","India"
"1304","Okta","OKTA","16070221824","91.16","United States"
"1305","Logitech","LOGI","16066309120","108.28","Switzerland"
"1306","Best Buy","BBY","15999211520","76.15","United States"
"1307","Amundi","AMUN.PA","15989220570","78.4578","France"
"1308","Bajaj Holdings &amp; Investment","BAJAJHLDNG.NS","15946615708","143.284","India"
"1309","LyondellBasell","LYB","15905514496","49.45","United States"
"1310","Bentley Systems","BSY","15895079936","52.35","United States"
"1311","Bharat Petroleum","BPCL.NS","15888425250","3.65997","India"
"1312","Nitto Denko","6988.T","15852565894","23.532","Japan"
"1313","Nippon Sanso","4091.T","15789822847","36.4783","Japan"
"1314","Nippon Paint","4612.T","15784802281","6.72057","Japan"
"1315","Ambuja Cements","AMBUJACEM.NS","15765961134","6.37772","India"
"1316","Swire Properties","1972.HK","15749800671","2.72268","Hong Kong"
"1317","Yum China","YUMC","15743505408","43.25","China"
"1318","Akeso","9926.HK","15713347318","17.0585","China"
"1319","IHH Healthcare","Q0F.SI","15706705468","1.76528","Malaysia"
"1320","Twilio","TWLO","15702393856","102.34","United States"
"1321","Equitable Holdings","EQH","15692716032","52.39","United States"
"1322","Deckers Brands","DECK","15690276864","105.77","United States"
"1323","Mizrahi-Tefahot","MZTF.TA","15678339154","60.3142","Israel"
"1324","JBS","JBSS3.SA","15666241536","7.06285","Brazil"
"1325","Q Holding","QHOLDING.AE","15622907728","0.96","United Arab Emirates"
"1326","nVent Electric","NVT","15611887616","97","United Kingdom"
"1327","bioMérieux","BIM.PA","15611507643","132.226","France"
"1328","Smith & Nephew","SNN","15590886400","35.42","United Kingdom"
"1329","Informa plc","INF.L","15568305772","12.0899","United Kingdom"
"1330","C. H. Robinson","CHRW","15565595648","131.81","United States"
"1331","Summit Therapeutics","SMMT","15562638336","20.95","United Kingdom"
"1332","International Flavors & Fragrances","IFF","15561752576","60.72","United States"
"1333","Bank of Hangzhou","600926.SS","15560511429","2.14657","China"
"1334","Bank of Ireland Group","BIRG.IR","15550150321","16.2649","Ireland"
"1335","SM Investments Corporation","SVTMF","15508014080","12.52","Philippines"
"1336","Moncler","MONC.MI","15474047687","56.974","Italy"
"1337","China Longyuan Power Group","0916.HK","15466460523","1.01169","China"
"1338","LG Chem","051910.KS","15436106773","200.436","South Korea"
"1339","Banco de Chile","BCH","15419102208","30","Chile"
"1340","Vinhomes","VHM.VN","15411551253","3.75213","Vietnam"
"1341","Bolloré","BOL.PA","15410411348","5.51603","France"
"1342","Brookfield Infrastructure Partners","BIP","15396372480","33.12","Bermuda"
"1343","Qatar Islamic Bank","QIBK.QA","15385024541","6.51099","Qatar"
"1344","OBIC","4684.T","15376644665","34.9536","Japan"
"1345","Lundin Gold","LUG.TO","15373632787","63.7112","Canada"
"1346","Lifco","LIFCO-B.ST","15372563647","33.8441","Sweden"
"1347","HMM","011200.KS","15309082541","14.5804","South Korea"
"1348","Unipol Assicurazioni","UNI.MI","15260607316","21.2731","Italy"
"1349","Grupo Bimbo","BIMBOA.MX","15253177265","3.54334","Mexico"
"1350","Zebra Technologies","ZBRA","15241850880","299.77","United States"
"1351","Clorox","CLX","15214067712","124.39","United States"
"1352","Secom","9735.T","15204488696","37.2206","Japan"
"1353","Subaru","7270.T","15193150351","20.8705","Japan"
"1354","Chongqing Changan","000625.SZ","15169959435","1.72174","China"
"1355","Investment AB Latour","LATO-B.ST","15160978441","23.7143","Sweden"
"1356","Falabella","FALABELLA.SN","15160287351","6.04274","Chile"
"1357","Yuanta Financial Holding","2885.TW","15144557594","1.1311","Taiwan"
"1358","Kingspan Group","KRX.IR","15097105217","82.9043","Ireland"
"1359","Tryg","TRYG.CO","15088261781","25.0189","Denmark"
"1360","Fresenius Medical Care","FMS","15081996288","25.58","Germany"
"1361","Nippon Yūsen","9101.T","15071394621","35.6625","Japan"
"1362","ZTO Express","ZTO","15068580864","19.31","China"
"1363","Euronext","ENX.PA","15054338300","148.256","Netherlands"
"1364","Jerónimo Martins","JEM.F","15045358829","23.941","Portugal"
"1365","Saudi Arabian Fertilizer Company","2020.SR","15041113727","31.5966","Saudi Arabia"
"1366","AeroVironment","AVAV","15039581184","301.2","United States"
"1367","Western Midstream","WES","15032062976","39.42","United States"
"1368","Allegion","ALLE","15023998976","175.01","Ireland"
"1369","Shionogi","4507.T","15018747048","17.6507","Japan"
"1370","Hua Xia Bank","600015.SS","15017241109","0.943595","China"
"1371","RPM International","RPM","15011489792","117.01","United States"
"1372","HD Hyundai Electric","267260.KS","14990254980","403.709","South Korea"
"1373","W. P. Carey","WPC","14989958144","68.45","United States"
"1374","Prada","1913.HK","14966575919","5.84901","Italy"
"1375","Duolingo","DUOL","14955812864","326.39","United States"
"1376","Hologic","HOLX","14948799488","67.21","United States"
"1377","SharkNinja","SN","14946497536","105.9","United States"
"1378","Woodward","WWD","14936985600","249.09","United States"
"1379","East West Bancorp","EWBC","14934366208","108.36","United States"
"1380","Reliance","RS","14933410816","283.94","United States"
"1381","Dynatrace","DT","14927572992","49.51","United States"
"1382","Omnicom Group","OMC","14926349312","77.05","United States"
"1383","VeriSilicon Microelectronics","688521.SS","14924557787","26.5146","China"
"1384","CF Industries","CF","14922568704","92.13","United States"
"1385","Cholamandalam Investment and Finance","CHOLAFIN.NS","14905184867","17.7148","India"
"1386","Sekisui House","1928.T","14903212683","22.9904","Japan"
"1387","Knorr-Bremse","KBX.DE","14882611609","92.3239","Germany"
"1388","Singapore Airlines","C6L.SI","14879258453","5.00163","Singapore"
"1389","Telia Company","TELIA.ST","14879247970","3.78408","Sweden"
"1390","Textron","TXT","14878359552","83.49","United States"
"1391","Inspur","000977.SZ","14859023395","10.0935","China"
"1392","XPO Logistics","XPO","14843910144","126.05","United States"
"1393","Vodacom","VOD.JO","14824024100","7.65924","South Africa"
"1394","POSCO","PKX","14822126592","48.73","South Korea"
"1395","Emaar Development","EMAARDEV.AE","14814008095","3.7035","United Arab Emirates"
"1396","Power Finance Corp","PFC.NS","14794804323","4.48314","India"
"1397","Domino's Pizza","DPZ","14793241600","435.75","United States"
"1398","Guangdong HAID Group","002311.SZ","14789304733","8.88914","China"
"1399","Zhejiang Huayou Cobalt","603799.SS","14781694258","8.01004","China"
"1400","Fannie Mae","FNMA","14765616128","12.75","United States"
"1401","Masco","MAS","14747574272","70.44","United States"
"1402","SDIC Power Holdings","600886.SS","14746864791","1.84232","China"
"1403","Unibail-Rodamco-Westfield","URW.PA","14705519283","102.621","France"
"1404","Santos","STO.AX","14680402219","4.52014","Australia"
"1405","Roku","ROKU","14674131968","99.6","United States"
"1406","Ryan Specialty Group","RYAN","14673064960","55.58","United States"
"1407","Banca Mediolanum","BMED.MI","14669926117","19.8455","Italy"
"1408","Kazatomprom","0ZQ.F","14662806286","50.55","Kazakhstan"
"1409","Everest Group","EG","14642822144","349.11","Bermuda"
"1410","Uni-President Enterprises","1216.TW","14626194464","2.57412","Taiwan"
"1411","Kimco Realty","KIM","14620758016","21.59","United States"
"1412","Galp Energia","GZ5.F","14583177286","19.5823","Portugal"
"1413","Lingyi iTECH","002600.SZ","14566903353","2.06245","China"
"1414","PTT Exploration and Production","PTTEP.BK","14566488714","3.66915","Thailand"
"1415","Kratos Defense &amp; Security Solutions","KTOS","14563589120","86.28","United States"
"1416","Neste","NESTE.HE","14563475463","18.9568","Finland"
"1417","Nemetschek","NEM.F","14554943596","125.673","Germany"
"1418","Taishin Financial Holdings","2887.TW","14532609264","0.584431","Taiwan"
"1419","Kubota","6326.T","14519269129","12.7691","Japan"
"1420","Bank of Baroda","BANKBARODA.NS","14497972936","2.80351","India"
"1421","Houlihan Lokey","HLI","14482070528","205.97","United States"
"1422","Wise PLC","WISE.L","14477239565","14.3282","United Kingdom"
"1423","Ares Capital","ARCC","14431816704","20.46","United States"
"1424","MTN Group","MTN.JO","14411012600","7.97679","South Africa"
"1425","Alamos Gold","AGI","14403511296","34.18","Canada"
"1426","Kerry Group","KRZ.IR","14403079821","88.638","Ireland"
"1427","Metro","MRU.TO","14389996519","66.1506","Canada"
"1428","Ganfeng Lithium","002460.SZ","14387523095","7.60624","China"
"1429","YANGHE","002304.SZ","14352024007","9.52708","China"
"1430","LATAM Airlines","LTM","14347118592","44.44","Chile"
"1431","Power Financial","PWF-PS.TO","14330395736","15.5906","Canada"
"1432","Alexandria Real Estate Equities","ARE","14314958848","83.85","United States"
"1433","Huaneng Power International","600011.SS","14314659629","0.999678","China"
"1434","Suncorp","SUN.AX","14302408364","13.2067","Australia"
"1435","Mapfre","MAP.MC","14296681357","4.65247","Spain"
"1436","Jones Lang LaSalle","JLL","14285441024","301.5","United States"
"1437","UPM-Kymmene","UPM.HE","14284520609","27.0887","Finland"
"1438","Meritz Financial Group","138040.KS","14277506334","79.7485","South Korea"
"1439","SBI Holdings","8473.T","14243585905","43.152","Japan"
"1440","APi Group","APG","14227544064","34.21","United States"
"1441","Sartorius","SRT.DE","14195163250","185.584","Germany"
"1442","Origin Energy","ORG.AX","14152149695","8.21487","Australia"
"1443","GarantiBank","GARAN.IS","14126903118","3.36355","Turkey"
"1444","Astra International","ASII.JK","14122170046","0.348837","Indonesia"
"1445","Emera","EMA.TO","14112596178","47.152","Canada"
"1446","Entegris","ENTG","14093825024","93.09","United States"
"1447","Illumina","ILMN","14092752896","91.69","United States"
"1448","Gjensidige Forsikring","GJF.OL","14087089532","28.1771","Norway"
"1449","Neurocrine Biosciences","NBIX","14083774464","142","United States"
"1450","Ørsted","DOGEF","14070799360","18.61","Denmark"
"1451","Tech Mahindra","TECHM.NS","14062967310","15.8845","India"
"1452","Solar Industries India","SOLARINDS.NS","14056330959","155.336","India"
"1453","Hensoldt","HAG.F","14055802915","121.226","Germany"
"1454","WH Group","0288.HK","14052200818","1.09524","Hong Kong"
"1455","Rakuten","4755.T","14043529334","6.48652","Japan"
"1456","Graco","GGG","14035954688","84.71","United States"
"1457","UDR Apartments","UDR","14029768704","37.18","United States"
"1458","Olympus","7733.T","14028762139","12.5885","Japan"
"1459","Celsius Holdings","CELH","14020836352","54.39","United States"
"1460","Eurobank Ergasias Services and Holdings","EUROB.AT","14013372698","3.83805","Greece"
"1461","Carlisle Companies","CSL","14001720320","327.52","United States"
"1462","China Railway Construction","601186.SS","13984051900","1.09362","China"
"1463","Punjab National Bank","PNB.NS","13978901443","1.2163","India"
"1464","Scentre Group","SCG.AX","13976512730","2.67933","Australia"
"1465","Snap","SNAP","13974916096","8.27","United States"
"1466","First Financial Holding","2892.TW","13974858261","0.963654","Taiwan"
"1467","Bankinter","BKT.MC","13970189998","15.5453","Spain"
"1468","Zhongjin Gold","600489.SS","13966359210","2.88126","China"
"1469","Medpace","MEDP","13956334592","496.79","United States"
"1470","UL Solutions","ULS","13949300736","69.44","United States"
"1471","Doximity","DOCS","13935079424","74.4","United States"
"1472","EDP Renováveis","EDPR.LS","13934243357","13.2577","Spain"
"1473","Woori Financial Group","WF","13875251200","56.42","South Korea"
"1474","On Holding","ONON","13868128256","42.47","Switzerland"
"1475","Kajima","1812.T","13852819710","29.7444","Japan"
"1476","Rongsheng Petrochemical","002493.SZ","13851856359","1.38665","China"
"1477","Tata Power","TATAPOWER.NS","13838381483","4.3308","India"
"1478","Smoore International Holdings","6969.HK","13825898541","2.23419","China"
"1479","ASR Nederland","ASRNL.AS","13820270936","66.8851","Netherlands"
"1480","ITT","ITT","13791960064","176.82","United States"
"1481","Joby Aviation","JOBY","13789862912","16.11","United States"
"1482","China Southern Airlines","600029.SS","13780190859","0.84545","China"
"1483","Julius Bär","BAER.SW","13777193539","67.2524","Switzerland"
"1484","Wilmar International","F34.SI","13775212981","2.2066","Singapore"
"1485","AMH (American Homes 4 Rent)","AMH","13775011840","32.62","United States"
"1486","Jefferies Financial Group","JEF","13760953344","66.71","United States"
"1487","Grupo Cibest (Bancolombia)","CIB","13736629248","51.93","Colombia"
"1488","Singapore Exchange","S68.SI","13727451472","12.8215","Singapore"
"1489","Ivanhoe Mines","IVN.TO","13715997208","10.1307","Canada"
"1490","Sage Group","SGE.L","13697247952","14.3416","United Kingdom"
"1491","Muthoot Finance","MUTHOOTFIN.NS","13688310030","34.0811","India"
"1492","Budweiser APAC","1876.HK","13678132724","1.03482","Hong Kong"
"1493","Cipla","CIPLA.NS","13667686612","16.9192","India"
"1494","Etihad Etisalat (Mobily)","7020.SR","13663476618","17.7448","Saudi Arabia"
"1495","Full Truck Alliance","YMM","13648919552","13.05","China"
"1496","Tempus AI","TEM","13634139136","78.48","United States"
"1497","Bombardier","BBD-B.TO","13618438064","137.338","Canada"
"1498","CNH Industrial","CNH","13608923136","10.88","United Kingdom"
"1499","Power Assets","0006.HK","13604488865","6.38377","Hong Kong"
"1500","Torrent Pharmaceuticals","TORNTPHARM.NS","13599532013","40.1823","India"
"1501","Hormel Foods","HRL","13595961344","24.72","United States"
"1502","Hongkong Land","H78.SI","13588340736","6.25","Hong Kong"
"1503","Mr. Cooper Group","COOP","13583210496","212.26","United States"
"1504","HDFC Asset Management Company Limited","HDFCAMC.NS","13573700975","63.4274","India"
"1505","Hyatt Hotels","H","13569372160","142.11","United States"
"1506","Pershing Square Holdings","PSHZF","13567611904","62.91","United States"
"1507","Evolution Mining","EVN.AX","13561897709","6.73436","Australia"
"1508","Santander Polska","SPL.WA","13558652429","132.682","Poland"
"1509","Annaly Capital Management","NLY","13509281792","21.04","United States"
"1510","Ball Corporation","BALL","13465927680","49.48","United States"
"1511","Computershare","CPU.AX","13462229269","23.2755","Australia"
"1512","Godrej","GODREJCP.NS","13442151256","13.1335","India"
"1513","Bureau Veritas","BVI.PA","13433227459","30.2832","France"
"1514","Cooper Companies","COO","13429543936","67.55","United States"
"1515","Wynn Resorts","WYNN","13409853440","128.97","United States"
"1516","Hua Nan Financial Holdings","2880.TW","13365440395","0.96037","Taiwan"
"1517","SM Prime Holdings","SPHXF","13362699264","0.4631","Philippines"
"1518","Zhaojin Mining Industry Company","1818.HK","13360647571","3.77164","China"
"1519","SCB (Siam Commercial Bank)","SCB.BK","13349071920","3.94901","Thailand"
"1520","CSPC Pharmaceutical Group Limited","1093.HK","13347313496","1.16852","China"
"1521","BDO Unibank","BDOUY","13343584256","25.02","Philippines"
"1522","Continental","CON.DE","13339973485","66.6979","Germany"
"1523","Power Construction Corporation of China","601669.SS","13332081343","0.772542","China"
"1524","Almarai","2280.SR","13331313348","13.4119","Saudi Arabia"
"1525","Unum","UNM","13328714752","78.26","United States"
"1526","TD Synnex","SNX","13302457344","164.5","United States"
"1527","Samsung Heavy Industries","010140.KS","13302257707","14.7932","South Korea"
"1528","FinecoBank","FBK.MI","13269540834","21.7002","Italy"
"1529","Gaming and Leisure Properties","GLPI","13267427328","46.88","United States"
"1530","CP All","CPALL.BK","13259628322","1.48476","Thailand"
"1531","Seven Group Holdings
 (SGH)","SGH.AX","13248436314","32.5516","Australia"
"1532","BXP, Inc.","BXP","13228428288","74.82","United States"
"1533","Toll Brothers","TOL","13225675776","137.22","United States"
"1534","Link REIT","0823.HK","13217632190","5.10856","Hong Kong"
"1535","Evercore","EVR","13215550464","342.39","United States"
"1536","Wistron Corporation","3231.TW","13214851982","4.20265","Taiwan"
"1537","Hims &amp; Hers Health","HIMS","13199544320","58.4","United States"
"1538","Magna International","MGA","13183781888","46.62","Canada"
"1539","CapitaLand Mall Trust","C38U.SI","13181213205","1.74979","Singapore"
"1540","Healthpeak Properties","DOC","13161850880","18.94","United States"
"1541","CG Power and Industrial Solutions","CGPOWER.NS","13138318200","8.34339","India"
"1542","Cemex","CX","13119961088","9","Mexico"
"1543","Mashreqbank","MASQ.AE","13083724141","65.2198","United Arab Emirates"
"1544","Powszechny Zakład Ubezpieczeń","PZU.WA","13081959650","15.1495","Poland"
"1545","Builders FirstSource","BLDR","13066646528","118.2","United States"
"1546","Lincoln Electric","LECO","13063689216","236.72","United States"
"1547","Regency Centers","REG","13063124992","71.52","United States"
"1548","Oracle Corp Japan","4716.T","13038553724","101.845","Japan"
"1549","SenseTime","0020.HK","13025411733","0.3368","China"
"1550","Edison","EDNR.MI","13023490868","2.74982","Italy"
"1551","Banco Comercial Português (Millennium bcp)","BCP.LS","13016846730","0.879242","Portugal"
"1552","J. B. Hunt","JBHT","13015631872","134.46","United States"
"1553","ageas","AGS.BR","13009119401","68.219","Belgium"
"1554","Huagong Tech","000988.SZ","12998240368","12.9271","China"
"1555","Aisin Seiki","7259.T","12992120503","17.5169","Japan"
"1556","Abu Dhabi National Oil Company (ADNOC)","ADNOCDIST.AE","12967299515","1.04","United Arab Emirates"
"1557","Norsk Hydro","NHY.OL","12961245911","6.59805","Norway"
"1558","Viper Energy","VNOM","12953625600","39.71","United States"
"1559","Royal Gold","RGLD","12949583872","196.71","United States"
"1560","Helvetia Holding","HELN.SW","12915086139","244.144","Switzerland"
"1561","AEGON","AEG","12912688128","7.95","Netherlands"
"1562","Mazagon Dock Shipbuilders Limited","MAZDOCK.NS","12870508091","31.9067","India"
"1563","Shriram Transport Finance","SHRIRAMFIN.NS","12863596643","6.83867","India"
"1564","National Bank of Greece","ETE.AT","12854298415","14.1236","Greece"
"1565","Covestro","1COV.F","12853730459","67.985","Germany"
"1566","Lodha Group","LODHA.NS","12850992457","12.8762","India"
"1567","Alibaba Health Information Technology","0241.HK","12846808630","0.798293","Hong Kong"
"1568","Fabrinet","FN","12823346176","358.9","Cayman Islands"
"1569","Lite-On Technology","2301.TW","12818094202","5.36822","Taiwan"
"1570","Aéroports de Paris","ADP.PA","12813806921","129.768","France"
"1571","Admiral Group","ADM.L","12812147007","42.864","United Kingdom"
"1572","B3","B3SA3.SA","12797043935","2.47593","Brazil"
"1573","Evergreen Marine","2603.TW","12795341546","5.8443","Taiwan"
"1574","Chaozhou Three-Circle","300408.SZ","12793129675","6.40467","China"
"1575","Manhattan Associates","MANH","12792734720","211.56","United States"
"1576","Universal Health Services","UHS","12781831168","200.85","United States"
"1577","Lundbergföretagen","LUND-B.ST","12764006319","51.4678","Sweden"
"1578","GAIL","GAIL.NS","12762721744","1.94107","India"
"1579","HealthSouth","EHC","12761708544","126.7","United States"
"1580","Arab National Bank","1080.SR","12755999228","6.39398","Saudi Arabia"
"1581","Nordson","NDSN","12754290688","227","United States"
"1582","ICON plc","ICLR","12738296832","163.79","Ireland"
"1583","Bank Pekao (Bank Polska Kasa Opieki)","PEO.WA","12722848596","48.4735","Poland"
"1584","SPEEH Hidroelectrica","H2O.RO","12721855757","28.2371","Romania"
"1585","Brown Forman","BF-A","12708754432","26.74","United States"
"1586","BOSCH India","BOSCHLTD.NS","12696565297","430.485","India"
"1587","TCL Technology Group Corporation","000100.SZ","12686475055","0.609901","China"
"1588","Omega Healthcare Investors","OHI","12686305280","41.84","United States"
"1589","Eurofins Scientific","ERF.PA","12667325556","71.3316","Luxembourg"
"1590","QXO, Inc.","QXO","12656130048","18.79","United States"
"1591","China Merchants Shekou Industrial Zone","001979.SZ","12640427430","1.39506","China"
"1592","Reinsurance Group of America","RGA","12627871744","191.06","United States"
"1593","Insurance Australia Group","IAG.AX","12597286347","5.32591","Australia"
"1594","BELIMO Holding","BEAN.SW","12586762909","1023.32","Switzerland"
"1595","Samvardhana Motherson","MOTHERSON.NS","12583726627","1.19227","India"
"1596","CNA Financial","CNA","12569701376","46.44","United States"
"1597","Banco Santander-Chile","BSAC","12562495488","26.35","Chile"
"1598","Formosa Petrochemical","6505.TW","12557615667","1.31825","Taiwan"
"1599","Avery Dennison","AVY","12535540736","160.75","United States"
"1600","Tōkyō Gas","9531.T","12521765020","36.0436","Japan"
"1601","Zegona Communications","ZEG.L","12516462333","16.4862","United Kingdom"
"1602","Grupo Aeroportuario del Pacífico","PAC","12514952192","248.56","Mexico"
"1603","Carpenter Technology","CRS","12504896512","250.85","United States"
"1604","Elia Group","ELI.BR","12504653824","114.674","Belgium"
"1605","Tata Consumer Products","TATACONSUM.NS","12494748943","12.6268","India"
"1606","Taiwan Cooperative Financial","5880.TW","12485231709","0.794563","Taiwan"
"1607","Rentokil Initial","RTO","12470421504","24.7","United Kingdom"
"1608","Plains All American Pipeline","PAA","12462554112","17.72","United States"
"1609","Siemens India","SIEMENS.NS","12442376938","34.9387","India"
"1610","Clean Harbors","CLH","12440083456","231.95","United States"
"1611","Polycab India","POLYCAB.NS","12435892926","82.6271","India"
"1612","China Satellite Communications","601698.SS","12402539778","2.87845","China"
"1613","Hikari Tsushin","9435.T","12383915081","282.197","Japan"
"1614","Fisher & Paykel Healthcare","FPH.NZ","12376364880","21.0751","New Zealand"
"1615","Solventum","SOLV","12374686720","71.37","United States"
"1616","ABB India","ABB.NS","12370507048","58.3767","India"
"1617","Ally Financial","ALLY","12361570304","40.16","United States"
"1618","Keppel","BN4.SI","12349718014","6.83659","Singapore"
"1619","Cummins India","CUMMINSIND.NS","12347804132","44.5447","India"
"1620","Max Healthcare Institute","MAXHEALTH.NS","12340759572","12.6765","India"
"1621","Lamar Advertising","LAMR","12311228416","121.63","United States"
"1622","DWS Group","DWS.F","12309851786","61.5493","Germany"
"1623","BJ's Wholesale Club","BJ","12266238976","93.1","United States"
"1624","SK Innovation","096775.KS","12255880927","48.6012","South Korea"
"1625","Salik Company","SALIK.AE","12254234498","1.6339","United Arab Emirates"
"1626","Eiffage","FGR.PA","12237025089","127.135","France"
"1627","Paycom","PAYC","12236370944","217.51","United States"
"1628","Kasikornbank","KBANK.BK","12229738024","5.16169","Thailand"
"1629","Host Hotels & Resorts","HST","12222344192","17.55","United States"
"1630","Booz Allen Hamilton","BAH","12211480576","99.08","United States"
"1631","SailPoint","SAIL","12201445376","21.92","United States"
"1632","Apollo Hospitals","APOLLOHOSP.NS","12184727678","84.7429","India"
"1633","Stantec","STN","12175618048","106.22","Canada"
"1634","Korea Zinc","010130.KS","12162042295","649.908","South Korea"
"1635","Huazhu Hotels","HTHT","12159858688","39.23","China"
"1636","MP Materials","MP","12154257408","68.63","United States"
"1637","IDEX","IEX","12147603456","161.35","United States"
"1638","RBC Bearings","RBC","12145918976","384.82","United States"
"1639","Lundin Mining","LUN.TO","12130939197","14.17","Canada"
"1640","Recordati","REC.MI","12124996184","59.209","Italy"
"1641","Orient Securities Company Limited (DFZQ)","600958.SS","12122625670","1.50302","China"
"1642","American Financial Group","AFG","12112215040","145.24","United States"
"1643","Canara Bank","CANBK.NS","12085876814","1.33242","India"
"1644","Franklin Resources","BEN","12081679360","23.27","United States"
"1645","T&amp;D Holdings","8795.T","12078205754","24.2676","Japan"
"1646","AkzoNobel","AKZA.AS","12076591635","70.6061","Netherlands"
"1647","Equity LifeStyle Properties","ELS","12075679744","59.53","United States"
"1648","Giant Network Group","002558.SZ","12071338234","6.23922","China"
"1649","Harmony Gold","HMY","12066853888","18.12","South Africa"
"1650","Kirin Holdings","2503.T","12054145955","14.8789","Japan"
"1651","Sociedad Química y Minera","SQM","12030392320","44.24","Chile"
"1652","Hero MotoCorp","HEROMOTOCO.NS","12028317156","60.1212","India"
"1653","Mitsubishi HC Capital","8593.T","12024076028","8.37563","Japan"
"1654","Dr. Reddy's Laboratories","RDY","12002853888","14.22","India"
"1655","Unisplendour","000938.SZ","12002045695","4.1964","China"
"1656","Cochlear","COH.AX","11995865281","183.426","Australia"
"1657","Zangge Mining Company","000408.SZ","11972137883","7.62447","China"
"1658","Owens Corning","OC","11968776192","143.12","United States"
"1659","Dixon Technologies","DIXON.NS","11950040903","197.594","India"
"1660","Jonhon Optronic Technology","002179.SZ","11945216372","5.63913","China"
"1661","Adani Energy Solutions","ADANIENSOL.NS","11917804240","9.9209","India"
"1662","Symrise","SY1.DE","11916442159","85.2563","Germany"
"1663","Sunny Optical","2382.HK","11899298425","10.9267","China"
"1664","Lasertec","6920.T","11889194779","131.937","Japan"
"1665","Porsche SE","PAH3.DE","11883044135","38.8018","Germany"
"1666","GEA Group","G1A.F","11877701266","72.9581","Germany"
"1667","Alstom","ALO.PA","11861616342","25.6728","France"
"1668","China Eastern Airlines","600115.SS","11857581049","0.573448","China"
"1669","Coeur Mining","CDE","11851677696","18.44","United States"
"1670","GameStop","GME","11827348480","26.42","United States"
"1671","Jindal Steel &amp; Power","JINDALSTEL.NS","11822290039","11.6169","India"
"1672","Skyworks Solutions","SWKS","11801476096","79.51","United States"
"1673","BB Seguridade Participações","BBSE3.SA","11797660252","6.07746","Brazil"
"1674","RenaissanceRe","RNR","11795264512","250.61","Bermuda"
"1675","Renault","RNO.PA","11787137298","40.6623","France"
"1676","VAT Group","VACN.SW","11774146682","392.786","Switzerland"
"1677","Shree Cement","SHREECEM.NS","11770284831","326.221","India"
"1678","AtkinsRéalis","ATRL.TO","11738070236","70.7854","Canada"
"1679","Stifel","SF","11715203072","114.66","United States"
"1680","Globe Life","GL","11709871104","144.56","United States"
"1681","Leonardo DRS","DRS","11693471744","43.94","United States"
"1682","SEGRO","SGRO.L","11687028901","8.63982","United Kingdom"
"1683","China Resources Power Holdings","0836.HK","11666365968","2.25347","Hong Kong"
"1684","ADNOC Logistics &amp; Services","ADNOCLS.AE","11663710262","1.58","United Arab Emirates"
"1685","J.M. Smucker Company","SJM","11651086336","109.21","United States"
"1686","Banque Saudi Fransi","1050.SR","11649572490","4.69817","Saudi Arabia"
"1687","Ascendis Pharma","ASND","11625840640","191.99","Denmark"
"1688","Daifuku","6383.T","11618123674","31.5967","Japan"
"1689","Japan Exchange Group","8697.T","11617136740","11.3012","Japan"
"1690","Ooredoo Qatar","ORDS.QA","11615999103","3.62637","Qatar"
"1691","Sino Land","0083.HK","11609508174","1.26878","Hong Kong"
"1692","First Horizon National","FHN","11602033664","22.85","United States"
"1693","Obayashi","1802.T","11592270565","16.5674","Japan"
"1694","Tele2","TEL2-B.ST","11578696223","16.6776","Sweden"
"1695","Dino Polska","DNP.WA","11569640494","11.8009","Poland"
"1696","Union Bank of India","UNIONBANK.NS","11549337387","1.51296","India"
"1697","Impala Platinum","IMP.JO","11535784800","12.8605","South Africa"
"1698","Suzano","SUZ","11519726592","9.24","Brazil"
"1699","Permian Resources","PR","11518649344","13.68","United States"
"1700","Service Corporation International","SCI","11515107328","82.11","United States"
"1701","DT Midstream","DTM","11507382272","113.27","United States"
"1702","J&amp;T Global Express","1519.HK","11503640123","1.27136","China"
"1703","Taisei Corporation","1801.T","11492753277","69.4124","Japan"
"1704","PMetal (Press Metal Aluminium)","8869.KL","11483515489","1.3937","Malaysia"
"1705","Bank Albilad","1140.SR","11478775497","7.65252","Saudi Arabia"
"1706","JX Advanced Metals","5016.T","11448939901","11.9867","Japan"
"1707","Yageo","2327.TW","11444312754","5.45031","Taiwan"
"1708","Unicharm","8113.T","11435043943","6.57211","Japan"
"1709","Camden Property Trust","CPT","11433241600","107","United States"
"1710","Stanley Black &amp; Decker","SWK","11431406592","73.85","United States"
"1711","Metso","METSO.HE","11429414298","13.8076","Finland"
"1712","Daiwa Securities Group","8601.T","11417349253","8.21514","Japan"
"1713","POOLCORP","POOL","11414085632","305.86","United States"
"1714","Allegheny Technologies","ATI","11413877760","82.81","United States"
"1715","Indian Hotels Company","INDHOTEL.NS","11402377786","8.00939","India"
"1716","Norwegian Cruise Line","NCLH","11399484416","25.04","United States"
"1717","IREN (Iris Energy)","IREN","11385103360","41.86","Australia"
"1718","360 Security Technology","601360.SS","11374292897","1.56331","China"
"1719","Osaka Gas","9532.T","11363962795","29.0221","Japan"
"1720","Emirates Integrated Telecommunications Company","DU.AE","11356335786","2.50531","United Arab Emirates"
"1721","Penske Automotive Group","PAG","11342460928","171.74","United States"
"1722","Shinkin Central Bank","8421.T","11326319946","1300.65","Japan"
"1723","Shanghai Zhangjiang Hi-Tech Park Development","600895.SS","11323718728","7.3048","China"
"1724","Telecom Italia","TIT.MI","11322084817","0.518371","Italy"
"1725","BE Semiconductor","BESI.AS","11309291408","143.225","Netherlands"
"1726","Crown Holdings","CCK","11296578560","97.07","United States"
"1727","Baxter","BAX","11289390080","21.98","United States"
"1728","True Corporation","TRUE.BK","11281002529","0.326493","Thailand"
"1729","Raiffeisen Bank International","RAW.F","11276292391","34.3553","Austria"
"1730","Airtel Africa","AAF.L","11271089281","3.09082","United Kingdom"
"1731","Mobileye","MBLY","11270769664","13.85","Israel"
"1732","Accor","AC.PA","11268303849","47.5661","France"
"1733","Wayfair","W","11257162752","86.82","United States"
"1734","Sieyuan Electric","002028.SZ","11252132480","14.4554","China"
"1735","SKF (Svenska Kullagerfabriken)","SKF-B.ST","11248051454","24.6816","Sweden"
"1736","Lumentum","LITE","11236424704","160.75","United States"
"1737","Embraer","ERJ","11233759232","60.61","Brazil"
"1738","Mueller Industries","MLI","11225056256","101.4","United States"
"1739","Mankind Pharma","MANKIND.NS","11223354356","28.0171","India"
"1740","Israel Discount Bank","DSCT.TA","11222163221","9.16788","Israel"
"1741","The Mosaic Company","MOS","11209802752","35.32","United States"
"1742","Capcom","9697.T","11204832424","26.7886","Japan"
"1743","Samsung SDI","006405.KS","11181834354","90.3202","South Korea"
"1744","Desay SV","002920.SZ","11163878073","20.1169","China"
"1745","Bâloise","BALN.SW","11163320914","246.149","Switzerland"
"1746","Instacart (Maplebear Inc.)","CART","11148707840","42.32","United States"
"1747","Boliden","BOL.ST","11130504408","39.1801","Sweden"
"1748","Viatris","VTRS","11099103232","9.52","United States"
"1749","Ovintiv","OVV","11096300544","43.17","United States"
"1750","Nextracker","NXT","11090683904","73.07","United States"
"1751","Sanrio Company","8136.T","11075650148","46.6762","Japan"
"1752","Hong Kong Telecom","6823.HK","11075493308","1.46161","Hong Kong"
"1753","Shanghai Airport (AVINEX)","600009.SS","11070693971","4.43896","China"
"1754","Zydus Lifesciences","ZYDUSLIFE.NS","11070492208","11.0019","India"
"1755","TopBuild","BLD","11070380032","393.42","United States"
"1756","Klépierre","LI.PA","11068670583","38.6614","France"
"1757","BKW AG","BKW.SW","11062821608","209.678","Switzerland"
"1758","China Zheshang Bank","2016.HK","11049808733","0.334229","China"
"1759","Rambus","RMBS","11041278976","102.62","United States"
"1760","PhosAgro","PHOR.ME","11032784828","85.79","Russia"
"1761","Procore","PCOR","11022649344","73.39","United States"
"1762","Tsingtao","600600.SS","11017394227","9.33219","China"
"1763","Swiss Prime Site","SPSN.SW","11010915105","137.237","Switzerland"
"1764","Asahi Kasei","3407.T","11006876813","8.1048","Japan"
"1765","China Resources Beer","0291.HK","11000851131","3.39114","Hong Kong"
"1766","Lynas","LYC.AX","10990517971","11.0711","Australia"
"1767","Enel Américas","ENELAM.SN","10985842165","0.102404","Chile"
"1768","FactSet","FDS","10952245248","289.69","United States"
"1769","Huntington Ingalls Industries","HII","10939110400","278.77","United States"
"1770","ING Bank Slaski","ING.WA","10935860921","84.0573","Poland"
"1771","Everbright Securities Company","6178.HK","10931535422","1.32278","Hong Kong"
"1772","Industrial Bank of Korea (IBK)","024110.KS","10930849567","13.7077","South Korea"
"1773","San’an Optoelectronics","600703.SS","10926135141","2.13676","China"
"1774","Toho Co.","9602.T","10923342418","64.4171","Japan"
"1775","Swiggy","SWIGGY.NS","10922098700","4.74662","India"
"1776","Rural Electrification Corp","RECLTD.NS","10916672185","4.14574","India"
"1777","Akamai","AKAM","10904470528","76.05","United States"
"1778","Qantas Airways","QAN.AX","10904154488","7.20603","Australia"
"1779","Hotai Motor","2207.TW","10901704725","19.3059","Taiwan"
"1780","Jack Henry &amp; Associates","JKHY","10885527552","149.38","United States"
"1781","Assurant","AIZ","10880015360","215.62","United States"
"1782","Vanke","2202.HK","10876056107","0.696739","China"
"1783","BIDV  (Commercial Bank for Investment and Development of Vietnam)","BID.VN","10869986542","1.53686","Vietnam"
"1784","IDBI Bank","IDBI.NS","10867544405","1.01071","India"
"1785","James Hardie Industries","JHX","10867477504","18.77","Ireland"
"1786","Kawasaki Heavy Industries","7012.T","10867045994","65.019","Japan"
"1787","Lufthansa","LHA.DE","10866806228","9.06857","Germany"
"1788","Dayforce","DAY","10866170880","68.86","United States"
"1789","Krung Thai Bank","KTB.BK","10864474989","0.777363","Thailand"
"1790","Swire Pacific","0019.HK","10863987832","8.48427","Hong Kong"
"1791","ARC Resources","ARX.TO","10854288276","18.6613","Canada"
"1792","Azrieli Group","AZRG.TA","10846971525","89.4428","Israel"
"1793","Acciona","ANA.MC","10835588966","198.806","Spain"
"1794","Essential Utilities","WTRG","10834504704","38.63","United States"
"1795","YPF 
 (Yacimientos Petrolíferos Fiscales)","YPF","10829997056","26.05","Argentina"
"1796","Luckin Coffee","LKNCY","10804580352","38.09","China"
"1797","Mowi","MNHVF","10802850816","20.75","Norway"
"1798","Texas Roadhouse","TXRH","10800218112","162.53","United States"
"1799","Permata Bank","BNLI.JK","10796415615","0.305605","Indonesia"
"1800","Ipsen","IPN.PA","10792201371","130.587","France"
"1801","Orient Overseas Container Line","0316.HK","10789608924","16.3387","Hong Kong"
"1802","Mitsui O.S.K. Lines","9104.T","10778743465","31.3827","Japan"
"1803","Sprouts Farmers Market","SFM","10738151424","109.88","United States"
"1804","Indian Bank","INDIANB.NS","10735919995","7.97046","India"
"1805","GBL","GBLB.VI","10731579757","87.9359","Belgium"
"1806","Bilibili","BILI","10706271232","26.09","China"
"1807","Ryohin Keikaku","7453.T","10683123951","20.1483","Japan"
"1808","Advanced Drainage Systems","WMS","10682430464","137.39","United States"
"1809","CACI","CACI","10679967744","485.59","United States"
"1810","Nitori Holdings","9843.T","10674588639","94.4557","Japan"
"1811","Chubu Electric Power","9502.T","10666170777","14.1232","Japan"
"1812","Havells India","HAVELLS.NS","10663973196","17.0095","India"
"1813","United Spirits","UNITDSPR.BO","10652836196","14.6461","India"
"1814","Nan Ya Plastics","1303.TW","10650116165","1.30019","Taiwan"
"1815","monday.com","MNDY","10650016768","206.59","Israel"
"1816","Piraeus Financial Holdings","TPEIR.AT","10641844958","8.51861","Greece"
"1817","Freedom Holding","FRHC","10625636352","173.56","Kazakhstan"
"1818","Taiwan Mobile","3045.TW","10625557111","3.51315","Taiwan"
"1819","ICICI Lombard","ICICIGI.NS","10622482323","21.3719","India"
"1820","TIM S.A.","TIMB","10610958336","21.52","Brazil"
"1821","Hasbro","HAS","10600177664","75.59","United States"
"1822","SEI Investments","SEIC","10594666496","85.7","United States"
"1823","Zensho Holdings","7550.T","10591528428","67.6069","Japan"
"1824","Turkish Airlines","THYAO.IS","10567703961","7.69309","Turkey"
"1825","Kanzhun","BZ","10560194560","23","China"
"1826","Antero Resources","AR","10537636864","34.11","United States"
"1827","KT&amp;G (Korea Tobacco)","033780.KS","10531486330","97.6281","South Korea"
"1828","mBank","MBK.WA","10529061380","247.592","Poland"
"1829","Carrefour","CA.PA","10527173974","14.9076","France"
"1830","HELLA","HLE.F","10518210080","94.5472","Germany"
"1831","Koç Holding","KCHOL.IS","10514944198","4.14789","Turkey"
"1832","Exelixis","EXEL","10509667328","39.04","United States"
"1833","Orion Corporation","ORNAV.HE","10508093497","74.3038","Finland"
"1834","Sinopac Financial Holdings","2890.TW","10503186597","0.800721","Taiwan"
"1835","Skanska","SKA-B.ST","10502944785","25.5","Sweden"
"1836","Samsung Electro-Mechanics","009155.KS","10495928205","60.2371","South Korea"
"1837","INWIT","INW.MI","10486384122","11.5668","Italy"
"1838","Fosun Pharma","600196.SS","10480934972","4.10246","China"
"1839","Crane Company","CR","10475251712","182.03","United States"
"1840","Centrica","CNA.L","10437616560","2.23904","United Kingdom"
"1841","Largan Precision","3008.TW","10429583883","76.173","Taiwan"
"1842","Core &amp; Main","CNM","10427991040","52.82","United States"
"1843","Old Republic International","ORI","10425790464","41.96","United States"
"1844","TMX Group","X.TO","10425346162","37.4877","Canada"
"1845","Waaree Energies Limited (WEL)","WAAREEENER.NS","10411042002","36.1946","India"
"1846","Sterling Infrastructure","STRL","10406928384","342.11","United States"
"1847","Molina Healthcare","MOH","10405315584","191.98","United States"
"1848","WESCO International","WCC","10403115008","213.78","United States"
"1849","Strabag","XD4.F","10402445121","89.5156","Austria"
"1850","GMR Airports","GMRAIRPORT.NS","10399198770","0.984868","India"
"1851","Orkla","ORK.OL","10390129267","10.4185","Norway"
"1852","Bajaj Housing Finance Limited (BHFL)","BAJAJHFL.NS","10382863024","1.24609","India"
"1853","Ooredoo","ORDS.AE","10380457859","3.24","United Arab Emirates"
"1854","Acuity Brands","AYI","10377566208","338.64","United States"
"1855","Element Fleet Management","EFN.TO","10371778632","25.836","Canada"
"1856","Japan Post Insurance","7181.T","10369614691","27.9188","Japan"
"1857","Albemarle","ALB","10367865856","88.1","United States"
"1858","AGNC Investment","AGNC","10364693504","9.84","United States"
"1859","Pinnacle West Capital","PNW","10361507840","86.76","United States"
"1860","Roivant Sciences","ROIV","10359315456","15.17","United Kingdom"
"1861","Red Eléctrica","RED.MC","10345280375","19.1435","Spain"
"1862","Bank of the Philippine Islands","BPHLY","10343027712","39.15","Philippines"
"1863","BioMarin Pharmaceutical","BMRN","10339986432","53.85","United States"
"1864","Boubyan Bank","BOUBYAN.KW","10325060433","2341.19","Kuwait"
"1865","Far EasTone","4904.TW","10311484816","2.85977","Taiwan"
"1866","CapitaLand Investment Limited","9CI.SI","10310439055","2.06724","Singapore"
"1867","Bank of Chengdu","601838.SS","10310398763","2.4326","China"
"1868","Indus Towers","INDUSTOWER.NS","10305446079","3.90765","India"
"1869","West Japan Railway","9021.T","10276115420","22.4554","Japan"
"1870","United Utilities","UU.L","10272928072","15.0654","United Kingdom"
"1871","Huadong Medicine (HD Medicine)","000963.SZ","10262509968","5.85085","China"
"1872","JSW Energy","JSWENERGY.NS","10242741659","5.86881","India"
"1873","CTP N.V.","CTPNV.AS","10240595369","21.3667","Netherlands"
"1874","South State Corp","SSB","10239313920","101.17","United States"
"1875","Severn Trent","SVT.L","10232327942","33.991","United Kingdom"
"1876","Sichuan Road and Bridge Group (SRBG)","600039.SS","10216767864","1.16652","China"
"1877","Marico","MARICO.NS","10215420511","7.88019","India"
"1878","Ionis Pharmaceuticals","IONS","10215383040","64.09","United States"
"1879","Zhejiang NHU Co., Ltd.","002001.SZ","10199780401","3.31871","China"
"1880","iA Financial","IAG.TO","10198335092","109.902","Canada"
"1881","Brookfield Property Partners","BPYPP","10190045184","15.42","Bermuda"
"1882","China Resources Microelectronics","688396.SS","10183128323","7.67074","China"
"1883","Rexford Industrial","REXR","10181049344","41.58","United States"
"1884","Celcomdigi","6947.KL","10177132217","0.867504","Malaysia"
"1885","Aurora Innovation","AUR","10158554112","5.505","United States"
"1886","A. O. Smith","AOS","10152387584","72.45","United States"
"1887","JD Logistics","2618.HK","10145277806","1.64929","China"
"1888","Exact Sciences","EXAS","10141824000","53.57","United States"
"1889","Hindustan Petroleum","HINDPETRO.NS","10138376279","4.76467","India"
"1890","Invesco","IVZ","10132296704","22.72","United States"
"1891","Bangkok Dusit Medical Services (BDMS)","BDMS.BK","10130163057","0.637438","Thailand"
"1892","Grupo Aeroportuario del Sureste","ASR","10127104000","339.86","Mexico"
"1893","Bunzl","BNZL.L","10124534673","31.3103","United Kingdom"
"1894","Smiths Group","SMIN.L","10122343466","31.0959","United Kingdom"
"1895","Tianqi Lithium","002466.SZ","10118262402","6.27708","China"
"1896","Chongqing Rural Commercial Bank","3618.HK","10108625422","0.782867","China"
"1897","Rigetti Computing","RGTI","10107470848","31.18","United States"
"1898","Aramark","ARMK","10098732032","38.42","United States"
"1899","Buzzi Unicem","BZU.MI","10095536293","55.7688","Italy"
"1900","ENKA","ENKAI.IS","10085500172","1.72027","Turkey"
"1901","Banque Cantonale Vaudoise","BCVN.SW","10078022610","117.309","Switzerland"
"1902","BAWAG Group","0B2.F","10063313724","130.47","Austria"
"1903","UWM Holdings","UWMC","10058365952","6.24","United States"
"1904","Pegasystems","PEGA","10035592192","58.66","United States"
"1905","M3, Inc","2413.T","10030319813","14.7953","Japan"
"1906","Coca-Cola Consolidated","COKE","10025764864","115.39","United States"
"1907","Melrose Industries","MRO.L","10015204883","7.92676","United Kingdom"
"1908","Dabur","DABUR.NS","10002162478","5.63918","India"
"1909","CSPC Innovation Pharmaceutical","300765.SZ","9998344008","6.7005","China"
"1910","Swedish Orphan Biovitrum","SOBI.ST","9986713211","28.9759","Sweden"
"1911","AppFolio","APPF","9986144256","278.53","United States"
"1912","National Silicon Industry Group","688126.SS","9983712278","3.53603","China"
"1913","Sanlam","SLM.JO","9982517100","4.78169","South Africa"
"1914","Sainsbury's","SBRY.L","9975649917","4.42848","United Kingdom"
"1915","HF Sinclair","DINO","9963910144","53.26","United States"
"1916","Westlake Chemical","WLK","9958322176","77.65","United States"
"1917","Pandora","PNDORA.CO","9956226141","131.177","Denmark"
"1918","CCL Industries","CCL-B.TO","9955435672","57.1679","Canada"
"1919","The Ensign Group","ENSG","9953276928","172.5","United States"
"1920","Webster Financial","WBS","9944728576","59.84","United States"
"1921","Beijing Wantai Biological Pharmacy Enterprise","603392.SS","9933243777","7.79412","China"
"1922","D'Ieteren Group","DIE.BR","9917500967","187.105","Belgium"
"1923","Sofina","SOF.VI","9908905526","296.045","Belgium"
"1924","Morningstar","MORN","9907550208","234.9","United States"
"1925","China Steel","2002A.TW","9900814866","1.30512","Taiwan"
"1926","Lupin Limited","LUPIN.NS","9894762154","21.663","India"
"1927","XP Inc.","XP","9893052416","18.78","Brazil"
"1928","Ascendas Reit","A17U.SI","9884153197","2.14466","Singapore"
"1929","Penumbra","PEN","9881208832","253.37","United States"
"1930","Wix.com","WIX","9879849984","177.42","Israel"
"1931","SITC International","1308.HK","9877059860","3.6868","Hong Kong"
"1932","Endeavour Mining","EDV.TO","9874820625","40.7378","United Kingdom"
"1933","Leapmotor","9863.HK","9874525405","8.45856","China"
"1934","(HLBank) Hong Leong Bank","5819.KL","9874197134","4.81631","Malaysia"
"1935","Generac Power Systems","GNRC","9873402880","168.27","United States"
"1936","Applied Industrial Technologies","AIT","9869262848","261.43","United States"
"1937","Longfor Group","0960.HK","9864104893","1.44618","China"
"1938","Saputo","SAP.TO","9862048818","23.9276","Canada"
"1939","Whitecap Resources","WCP.TO","9853316324","7.99977","Canada"
"1940","Allegro.eu","ALE.WA","9848530172","9.67551","Poland"
"1941","Banco de Crédito e Inversiones","BCI.SN","9834378292","44.9871","Chile"
"1942","Albertsons","ACI","9830903808","17.56","United States"
"1943","Shimano","7309.T","9830314956","112.444","Japan"
"1944","Deutsche Wohnen","DWNI.DE","9823513081","24.7484","Germany"
"1945","Getlink","GET.PA","9809460341","18.102","France"
"1946","Vodafone Idea","IDEA.NS","9804799445","0.0904977","India"
"1947","Sichuan Chuantou Energy","600674.SS","9800746161","2.01057","China"
"1948","Swatch","UHR.SW","9798063741","187.808","Switzerland"
"1949","Empyrean Technology","301269.SZ","9778004324","17.4782","China"
"1950","Kinsale Capital Group","KNSL","9770388480","419.33","United States"
"1951","MMG Limited","1208.HK","9769732243","0.80472","Australia"
"1952","Suntory","2587.T","9767499160","31.6101","Japan"
"1953","Lattice Semiconductor","LSCC","9767498752","71.35","United States"
"1954","ServiceTitan","TTAN","9767053312","105.08","United States"
"1955","Toray Industries","3402.T","9763739871","6.45642","Japan"
"1956","Revvity","RVTY","9757060096","84.06","United States"
"1957","Severstal","CHMF.ME","9756559030","11.67","Russia"
"1958","Elanco","ELAN","9742517248","19.61","United States"
"1959","Western Alliance Bancorporation","WAL","9742255104","88.27","United States"
"1960","Dillard's","DDS","9738743808","623.76","United States"
"1961","Fuji Electric","6504.T","9734495601","66.0755","Japan"
"1962","Swissquote","SQN.SW","9727360141","651.092","Switzerland"
"1963","U-Haul","UHAL","9702586368","57.28","United States"
"1964","MGM Resorts","MGM","9690000384","35.6","United States"
"1965","Empresas Copec","COPEC.SN","9684272088","7.45028","Chile"
"1966","Ebara Corporation","6361.T","9683727234","20.9775","Japan"
"1967","Interpublic Group","IPG","9651120128","26.35","United States"
"1968","Alpha Services and Holdings","ALPHA.AT","9649510369","4.16803","Greece"
"1969","Stockland","SGP.AX","9648217303","3.98297","Australia"
"1970","Marks &amp; Spencer","MKS.L","9646022459","4.78367","United Kingdom"
"1971","MACOM","MTSI","9635838976","129.39","United States"
"1972","Pilgrim's Pride","PPC","9627797504","40.53","United States"
"1973","Washington H. Soul Pattinson and Company (Soul Patts)","SOL.AX","9626788769","25.339","Australia"
"1974","Eisai","4523.T","9623268334","34.111","Japan"
"1975","Info Edge","NAUKRI.NS","9621745904","14.852","India"
"1976","Hitachi Energy India","POWERINDIA.NS","9615919315","215.626","India"
"1977","Autoliv","ALV","9615495168","125.19","Sweden"
"1978","Hainan Airlines","900945.SS","9596231680","0.285","China"
"1979","Shimizu Corporation","1803.T","9577591529","14.1366","Japan"
"1980","BridgeBio Pharma","BBIO","9567983616","50.05","United States"
"1981","Campbell's","CPB","9559600128","32.08","United States"
"1982","OpenText","OTEX","9558218752","37.45","Canada"
"1983","Lineage","LINE","9554744320","38.25","United States"
"1984","ICICI Prulife","ICICIPRULI.NS","9554519389","6.60679","India"
"1985","Ayvens","AYV.PA","9552265718","11.7014","France"
"1986","Regal Rexnord","RRX","9551909888","143.91","United States"
"1987","Caliway Biopharmaceuticals","6919.TW","9549179387","6.05772","Taiwan"
"1988","SCSK Corporation","9719.T","9540243183","30.5267","Japan"
"1989","BorgWarner","BWA","9529943040","44.04","United States"
"1990","Moderna","MRNA","9528562688","24.49","United States"
"1991","Qiagen","QGEN","9519025152","43.9","Netherlands"
"1992","Klaviyo","KVYO","9503504384","31.68","United States"
"1993","RENK Group","R3NK.DE","9498010254","94.9801","Germany"
"1994","Rakuten Bank","5838.T","9497682319","54.4332","Japan"
"1995","Anker Innovations","300866.SZ","9489109488","17.4137","China"
"1996","Skechers","SKX","9486923776","63.13","United States"
"1997","Dongfeng Motor","0489.HK","9484147986","1.14923","China"
"1998","Krafton","259960.KS","9482498953","209.659","South Korea"
"1999","Shenzhen Salubris Pharmaceuticals","002294.SZ","9481481210","8.50497","China"
"2000","NHPC Limited","NHPC.NS","9480446503","0.943794","India"
"2001","Intertek","ITRK.L","9479098843","61.5216","United Kingdom"
"2002","Rexel","RXL.PA","9475181141","32.132","France"
"2003","New York Times","NYT","9474426880","58.19","United States"
"2004","Yara International","YAR.OL","9471130030","37.1817","Norway"
"2005","Diploma plc","DPLM.L","9467413319","70.6359","United Kingdom"
"2006","“K” Line","9107.T","9463864497","14.9825","Japan"
"2007","Madrigal Pharmaceuticals","MDGL","9455668224","424.23","United States"
"2008","Bharti Hexacom","BHARTIHEXA.NS","9451078665","18.9022","India"
"2009","Donaldson Company","DCI","9440445440","81.02","United States"
"2010","AES","AES","9427535872","13.24","United States"
"2011","Sodexo","SW.PA","9417482589","64.5331","France"
"2012","The Weir Group","WEIR.L","9416017049","36.2696","United Kingdom"
"2013","Ashok Leyland","ASHOKLEY.NS","9406566628","1.60154","India"
"2014","Citic Pacific Special Steel Group","000708.SZ","9397564981","1.86195","China"
"2015","SRF Limited","SRF.NS","9388686787","31.6731","India"
"2016","Komerční banka","KOMB.PR","9385842024","49.6984","Czech Republic"
"2017","SBI Card","SBICARD.NS","9382761844","9.86053","India"
"2018","Antero Midstream","AM","9367287808","19.58","United States"
"2019","BSE","BSE.NS","9363502080","23.0555","India"
"2020","DaVita","DVA","9352200192","130.8","United States"
"2021","Frontier Communications","FYBR","9351731200","37.36","United States"
"2022","VPBank (Vietnam Prosperity Joint Stock Commercial Bank)","VPB.VN","9333207546","1.15217","Vietnam"
"2023","Ezdan Holding Group","ERES.QA","9327460443","0.351648","Qatar"
"2024","Zhejiang Zheneng Electric","600023.SS","9324806609","0.695428","China"
"2025","CTS Eventim","EVD.F","9322896791","96.9459","Germany"
"2026","KT Corporation","KT","9314522112","19.32","South Korea"
"2027","SPIE","SPIE.PA","9294564846","55.3007","France"
"2028","Dahua Technology","002236.SZ","9290270029","2.82658","China"
"2029","Watts Water Technologies","WTS","9288231936","278.41","United States"
"2030","Seibu Holdings","9024.T","9286932505","36.5452","Japan"
"2031","Bank Negara Indonesia","BBNI.JK","9286429159","0.249255","Indonesia"
"2032","CubeSmart","CUBE","9286106112","40.51","United States"
"2033","Founder Securities","601901.SS","9279768584","1.11745","China"
"2034","LG Electronics","066570.KS","9263175368","54.1354","South Korea"
"2035","Puig Brands","PUIG.MC","9227948531","16.3819","Spain"
"2036","OGE Energy","OGE","9209799680","45.73","United States"
"2037","NICE","NICE","9207862272","145.78","Israel"
"2038","POSCO Chemical","003670.KS","9204553378","100.253","South Korea"
"2039","Zurich Airport","FHZN.SW","9195879005","299.54","Switzerland"
"2040","ANA Holdings","9202.T","9189265498","19.5532","Japan"
"2041","Nova Measuring Instruments","NVMI","9185147904","309.76","Israel"
"2042","CAR Group (Carsales)","CAR.AX","9183025469","24.2843","Australia"
"2043","Satellite Chemical","002648.SZ","9181676610","2.72563","China"
"2044","Isuzu","7202.T","9179482056","13.1101","Japan"
"2045","Smithfield Foods","SFD","9179182080","23.35","United States"
"2046","CAE","CAE","9174110208","28.51","Canada"
"2047","Svenska Cellulosa Aktiebolaget (SCA)","SCA-B.ST","9161241989","13.0476","Sweden"
"2048","Umm Al Qura for development and construction","4325.SR","9152658405","6.36199","Saudi Arabia"
"2049","D-Wave Quantum","QBTS","9152410624","26.76","Canada"
"2050","Bullish","BLSH","9149640704","62.59","Cayman Islands"
"2051","Align Technology","ALGN","9147055104","126.19","United States"
"2052","Surgutneftegas","SNGS.ME","9145164061","0.26","Russia"
"2053","Italgas","IG.MI","9136506267","9.00421","Italy"
"2054","Elastic NV","ESTC","9133986816","85.95","United States"
"2055","Zoomlion","1157.HK","9125322145","0.889563","China"
"2056","AltaGas","ALA.TO","9125224916","30.4996","Canada"
"2057","Advantech","2395.TW","9110025581","10.3917","Taiwan"
"2058","Levi Strauss &amp; Co.","LEVI","9107964928","23.02","United States"
"2059","Realtek","2379.TW","9093017035","17.6971","Taiwan"
"2060","Vipshop","VIPS","9085989888","18.43","China"
"2061","Bharat Heavy Electricals Limited","BHEL.NS","9076758330","2.60672","India"
"2062","ENN Energy","2688.HK","9071165496","8.1629","China"
"2063","UMB Financial","UMBF","9068111872","119.43","United States"
"2064","Verona Pharma","VRNA","9066396672","106.69","United Kingdom"
"2065","Japan Airlines","9201.T","9046315233","20.7167","Japan"
"2066","SPX Corporation","SPXC","9040972800","182.95","United States"
"2067","LPP SA","LPP.WA","9039416525","4870.66","Poland"
"2068","Hyundai Glovis","086280.KS","9035566913","119.552","South Korea"
"2069","Paylocity","PCTY","9029406720","163.69","United States"
"2070","Pearson","PSO","9024140288","13.99","United Kingdom"
"2071","Toromont","TIH.TO","9020692119","110.863","Canada"
"2072","Liberty Broadband","LBRDA","9019832320","62.62","United States"
"2073","MakeMyTrip","MMYT","9007602688","94.67","India"
"2074","Chart Industries","GTLS","9001411584","200.28","United States"
"2075","Baycurrent","6532.T","8991427337","59.2078","Japan"
"2076","Primerica","PRI","8987298816","277.46","United States"
"2077","GAC (Guangzhou Automobile Group)","601238.SS","8986788900","1.05842","China"
"2078","Amdocs","DOX","8978647040","81.63","United States"
"2079","EastGroup Properties","EGP","8975644672","168.29","United States"
"2080","Wintrust Financial","WTFC","8974283776","134.04","United States"
"2081","Hai Di Lao Hot Pot","6862.HK","8972677417","1.657","China"
"2082","Range Resources","RRC","8967895040","37.65","United States"
"2083","Alchip Technologies","3661.TW","8961942348","107.529","Taiwan"
"2084","Thai Beverage","Y92.SI","8950297643","0.356153","Thailand"
"2085","StandardAero","SARO","8940390400","26.73","United States"
"2086","Türkiye Petrol Rafinerileri","TUPRS.IS","8937852125","4.63871","Turkey"
"2087","Vår Energi","VAR.OL","8929473832","3.55873","Norway"
"2088","Addtech AB","ADDT-B.ST","8929060815","33.0845","Sweden"
"2089","Dongfang Electric Corporation","600875.SS","8927456184","2.65693","China"
"2090","Comerica","CMA","8922237952","69.42","United States"
"2091","Türkiye Is Bankasi","ISCTR.IS","8921975553","0.340445","Turkey"
"2092","Auto Trader Group","AUTO.L","8920373888","10.2697","United Kingdom"
"2093","InterDigital","IDCC","8903104512","345.05","United States"
"2094","Concordia Financial Group","7186.T","8894153877","7.81057","Japan"
"2095","Lyft","LYFT","8888876032","21.87","United States"
"2096","Molson Coors","TAP","8878407680","44.83","United States"
"2097","Metlen Energy &amp; Metals","MYTIL.AT","8838834528","61.6663","Greece"
"2098","Corcept Therapeutics","CORT","8837527552","83.87","United States"
"2099","APA Corporation","APA","8833747968","24.69","United States"
"2100","Liberty Live Group","LLYVA","8824287232","93.81","United States"
"2101","Novatek Microelectronics","3034.TW","8800917386","14.266","Taiwan"
"2102","Scout24 (ImmoScout24)","G24.F","8788290555","121.343","Germany"
"2103","Rational AG","RAA.F","8787602261","772.876","Germany"
"2104","Bangkok Bank","BBL.BK","8784476253","4.60199","Thailand"
"2105","Jardine Cycle &amp; Carriage","C07.SI","8776364787","22.2054","Singapore"
"2106","Meridian Energy","MEZ.AX","8775429192","3.34753","New Zealand"
"2107","Zhejiang Chint Electrics","601877.SS","8764845734","4.07863","China"
"2108","Tetra Tech","TTEK","8758238208","33.33","United States"
"2109","Multiply Group","MULTIPLY.AE","8752144370","0.78","United Arab Emirates"
"2110","Cathay Pacific","0293.HK","8749669168","1.35877","Hong Kong"
"2111","Dutch Bros","BROS","8735936512","53.1","United States"
"2112","Planet Fitness","PLNT","8731650048","103.66","United States"
"2113","Match Group","MTCH","8720146432","36.24","United States"
"2114","Zhuzhou CRRC Times Electric","3898.HK","8717872001","5.09313","Hong Kong"
"2115","AptarGroup","ATR","8715333632","132.29","United States"
"2116","Conagra Brands","CAG","8702652416","18.18","United States"
"2117","Parsons","PSN","8699425792","81.46","United States"
"2118","Persistent Systems","PERSISTENT.NS","8685601871","55.8671","India"
"2119","Topicus","TOI.V","8681941703","104.176","Canada"
"2120","PetGas (Petronas Gas)","6033.KL","8676592324","4.38493","Malaysia"
"2121","Old National Bank","ONB","8675670016","22.14","United States"
"2122","KION Group","KGX.DE","8669025590","66.1128","Germany"
"2123","Nissan","7201.T","8668735035","2.48226","Japan"
"2124","Idemitsu Kosan","5019.T","8668379178","7.07833","Japan"
"2125","PB Fintech","POLICYBZR.NS","8667739779","18.9244","India"
"2126","FirstService","FSV","8666041344","189.7","Canada"
"2127","Medibank","MPL.AX","8659820832","3.14445","Australia"
"2128","Banco Popular","BPOP","8653307904","128.04","United States"
"2129","Makita","6586.T","8651144649","32.7067","Japan"
"2130","Jiangsu Eastern Shenghong","000301.SZ","8648370775","1.30813","China"
"2131","Federal Realty Investment Trust","FRT","8637871104","99.52","United States"
"2132","Gildan","GIL","8627980288","57.67","Canada"
"2133","PChem (Petronas Chemicals Group)","5183.KL","8627637162","1.07845","Malaysia"
"2134","Halozyme Therapeutics","HALO","8626242560","73.75","United States"
"2135","Intermediate Capital Group (ICG)","ICG.L","8624711861","29.6751","United Kingdom"
"2136","St. James's Place","STJ.L","8624396870","16.5398","United Kingdom"
"2137","Equatorial Energia","EQTL3.SA","8621106815","6.87905","Brazil"
"2138","Qorvo","QRVO","8618699776","93.02","United States"
"2139","Wharf Holdings","0004.HK","8611294702","2.81781","Hong Kong"
"2140","Shoprite","SHP.JO","8597734100","15.9063","South Africa"
"2141","Sime Darby Plantation","5285.KL","8589321017","1.242","Malaysia"
"2142","Kunlun Tech","300418.SZ","8584013674","6.32615","China"
"2143","Brenntag","BNR.DE","8582701529","59.443","Germany"
"2144","Sportradar","SRAD","8573719040","28.97","Switzerland"
"2145","Pure Health Holding","PUREHEALTH.AE","8561669904","0.77","United Arab Emirates"
"2146","Indutrade","INDT.ST","8558337178","23.4911","Sweden"
"2147","Suzlon","SUZLON.NS","8557257922","0.62378","India"
"2148","Grifols","GRFS","8555200000","9.82","Spain"
"2149","Babcock International Group","BAB.L","8553021702","17.0625","United Kingdom"
"2150","President Chain Store (PSCS)","2912.TW","8550591906","8.22471","Taiwan"
"2151","UBTECH Robotics","9880.HK","8541890535","17.1871","China"
"2152","Thyssenkrupp","TKA.F","8541053750","13.7199","Germany"
"2153","Stora Enso","STEAV.HE","8540810511","11.1163","Finland"
"2154","Wharf REIC","1997.HK","8539889160","2.81266","Hong Kong"
"2155","SCREEN Holdings","7735.T","8535354347","90.3766","Japan"
"2156","Five Below","FIVE","8534311936","154.76","United States"
"2157","Haisco Pharmaceutical Group","002653.SZ","8526217823","7.61325","China"
"2158","Securitas AB","SECU-B.ST","8509517794","14.8653","Sweden"
"2159","Ford Otosan","FROTO.IS","8501894432","2.42281","Turkey"
"2160","The Lottery Corporation","TLC.AX","8500762404","3.81919","Australia"
"2161","Phoenix Group","PHNX.L","8495124553","8.50445","United Kingdom"
"2162","Zions Bancorporation","ZION","8494273024","57.54","United States"
"2163","IGM Financial","IGM.TO","8486814599","35.9882","Canada"
"2164","YTL Power International","6742.KL","8482862877","0.988386","Malaysia"
"2165","Dropbox","DBX","8480384512","31.425","United States"
"2166","Trelleborg AB","TREL-B.ST","8475942004","37.3625","Sweden"
"2167","Capital Securities Corporation","601136.SS","8469452246","3.0439","China"
"2168","Alcoa","AA","8469100032","32.71","United States"
"2169","National Fuel Gas","NFG","8468881408","93.72","United States"
"2170","Delivery Hero","DHER.F","8467392492","28.645","Germany"
"2171","Commvault","CVLT","8460673536","190.3","United States"
"2172","EPAM Systems","EPAM","8457018368","151.84","United States"
"2173","Sumitomo Metal Mining","5713.T","8454488880","31.249","Japan"
"2174","Equinox Gold","EQX","8448709632","10.79","Canada"
"2175","Elisa","ELISA.HE","8439584659","52.5786","Finland"
"2176","Cinda Securities","601059.SS","8439085003","2.57561","China"
"2177","Siam Cement","SCC.BK","8432835670","7.02736","Thailand"
"2178","Brixmor Property Group","BRX","8411615744","27.48","United States"
"2179","Vornado Realty Trust","VNO","8406319616","40.27","United States"
"2180","Ackermans &amp; Van Haaren","ACKB.BR","8403382907","256.728","Belgium"
"2181","Acciona Energías Renovables","ANE.MC","8402096018","25.8835","Spain"
"2182","Merlin Properties","MRL.MC","8396765730","14.9193","Spain"
"2183","CPFL Energia","CPFE3.SA","8394707568","7.28546","Brazil"
"2184","Armstrong World Industries","AWI","8391250944","193.98","United States"
"2185","China Development Financial","2883.TW","8387954741","0.485931","Taiwan"
"2186","Hoa Phat Group","HPG.VN","8377401570","1.08205","Vietnam"
"2187","JB Hi-Fi","JBH.AX","8367828219","76.5346","Australia"
"2188","Hulic","3003.T","8362922282","11.0137","Japan"
"2189","Ibiden","4062.T","8362189531","59.8966","Japan"
"2190","Ecopro BM","247540.KQ","8348501657","81.6642","South Korea"
"2191","OPAP (Organization of Football Prognostics)","OPAP.AT","8337762314","23.2506","Greece"
"2192","Bid Corp","BID.JO","8336301700","24.8115","South Africa"
"2193","KGHM Polska Miedź","KGH.WA","8323750106","41.6188","Poland"
"2194","Technip Energies","TE.PA","8323309368","47.1098","France"
"2195","Dycom Industries","DY","8322856448","287.45","United States"
"2196","Kesko","KESKOA.HE","8322112345","21.0391","Finland"
"2197","Indian Overseas Bank","IOB.NS","8319744005","0.431049","India"
"2198","Oshkosh Corporation","OSK","8318120448","129.97","United States"
"2199","HealthEquity","HQY","8316670976","96.53","United States"
"2200","SK Telecom","SKM","8313731072","21.57","South Korea"
"2201","Fastighets AB Balder","BALD-B.ST","8302828024","6.97717","Sweden"
"2202","Cullen/Frost Bankers","CFR","8290243072","128.88","United States"
"2203","Primo Brands","PRMB","8288430080","22.19","United States"
"2204","Financière de Tubize","TUB.BR","8281656197","186.052","Belgium"
"2205","Sembcorp","U96.SI","8270941275","4.65322","Singapore"
"2206","ZOZO","3092.T","8267207230","9.34861","Japan"
"2207","Kingnet Network","002517.SZ","8264440905","3.86832","China"
"2208","Birkenstock","BIRK","8259220480","44.91","Germany"
"2209","UNO Minda","UNOMINDA.NS","8257478853","14.3183","India"
"2210","Nippon Building Fund","8951.T","8254291194","954.253","Japan"
"2211","Floor &amp; Decor","FND","8242705408","76.54","United States"
"2212","Goldwind Science&amp;Technology","002202.SZ","8239999173","2.01057","China"
"2213","Aditya Birla Capital","ABCAPITAL.NS","8221865594","3.14711","India"
"2214","Avolta AG","AVOL.SW","8221284842","56.6494","Switzerland"
"2215","Caris Life Sciences","CAI","8210205696","29.19","United States"
"2216","Revolution Medicines","RVMD","8210105344","43.92","United States"
"2217","MatsukiyoCocokara","3088.T","8208968493","20.6164","Japan"
"2218","AutoNation","AN","8207091712","217.66","United States"
"2219","AGCO","AGCO","8191808000","109.78","United States"
"2220","Sunway","5211.KL","8189321702","1.31548","Malaysia"
"2221","Arabian Internet and Communications Services","7202.SR","8182788115","68.7393","Saudi Arabia"
"2222","Descartes Systems Group","DSGX","8180666880","94.94","Canada"
"2223","MKS Instruments","MKSI","8180637696","121.81","United States"
"2224","New Oriental","EDU","8179653632","51.35","China"
"2225","Lithia Motors","LAD","8176233472","318.93","United States"
"2226","Copenhagen Airport","KBHL.CO","8168934321","1040.88","Denmark"
"2227","Syensqo","SYENS.BR","8164321567","79.8034","Belgium"
"2228","KakaoBank","323410.KS","8163895508","16.6734","South Korea"
"2229","Gap Inc.","GAP","8159328768","21.99","United States"
"2230","The Phoenix Holdings","PHOE.TA","8141323002","32.0205","Israel"
"2231","Empire Company","EMP-A.TO","8133391741","35.2349","Canada"
"2232","Formosa Plastics","1301.TW","8130391295","1.26079","Taiwan"
"2233","Technology One","TNE.AX","8130062997","24.8346","Australia"
"2234","LG Corp","003550.KS","8124205364","51.5811","South Korea"
"2235","Ollie's Bargain Outlet","OLLI","8117463552","132.4","United States"
"2236","Want Want China","0151.HK","8117446869","0.68774","Hong Kong"
"2237","Paytm","PAYTM.NS","8113932824","12.6968","India"
"2238","Kikkoman","2801.T","8111399654","8.65649","Japan"
"2239","Life360","LIF","8104609280","104.51","United States"
"2240","SK Group","034730.KS","8103994631","146.513","South Korea"
"2241","StepStone Group","STEP","8102382592","65.46","United States"
"2242","Hwatsing Technology","688120.SS","8086552076","22.8818","China"
"2243","Fincantieri","FCT.MI","8083207373","24.9473","Italy"
"2244","kyowa Kirin","4151.T","8079492591","15.4339","Japan"
"2245","MBME GROUP","MBME.AE","8073257081","2.94","United Arab Emirates"
"2246","Bio-Techne","TECH","8072704512","51.85","United States"
"2247","Avantor","AVTR","8071785984","11.84","United States"
"2248","Adani Total Gas","ATGL.NS","8057364108","7.32614","India"
"2249","Millicom","TIGO","8056242688","48.23","Luxembourg"
"2250","ICL Group","ICL","8052869632","6.09","Israel"
"2251","VZ Holding","VZN.SW","8046046974","204.038","Switzerland"
"2252","JFE Holdings","5411.T","8028554184","12.622","Japan"
"2253","Freddie Mac","FMCC","8021735424","12.34","United States"
"2254","Indra Sistemas","IDR.MC","8017434006","45.6822","Spain"
"2255","Henry Schein","HSIC","8010990080","66.06","United States"
"2256","Evonik Industries","EVK.DE","8010226704","17.1893","Germany"
"2257","Mitsubishi Chemical Holdings","4188.T","8004362911","5.89203","Japan"
"2258","Colliers International","CIGI","8000541696","157","Canada"
"2259","HYBE","352820.KS","8000476928","190.503","South Korea"
"2260","NNN REIT","NNN","7998688256","42.37","United States"
"2261","Mohawk Industries","MHK","7989542400","128.59","United States"
"2262","Beijer Ref","BEIJ-B.ST","7979812018","15.7422","Sweden"
"2263","Pharmaron Beijing","300759.SZ","7978640912","4.70676","China"
"2264","Commerce Bancshares","CBSH","7974869504","59.85","United States"
"2265","A2A","A2A.MI","7973394577","2.54856","Italy"
"2266","Zalando","ZAL.DE","7970695584","30.7512","Germany"
"2267","M&G plc","MNG.L","7964611480","3.36291","United Kingdom"
"2268","Huadian Power International","600027.SS","7961846410","0.710851","China"
"2269","Fortis Healthcare","FORTIS.NS","7946053262","10.5252","India"
"2270","HENGTONG Optic-Electric","600487.SS","7930433386","3.19392","China"
"2271","Fraport","FRA.DE","7929913520","85.8296","Germany"
"2272","GitLab","GTLB","7916856832","47.47","United States"
"2273","Localiza","RENT3.SA","7915404822","7.50646","Brazil"
"2274","Agree Realty","ADC","7910836224","71.26","United States"
"2275","Commercial Bank of Dubai","CBD.AE","7909677013","2.64964","United Arab Emirates"
"2276","Otsuka","4768.T","7903986657","20.8438","Japan"
"2277","Hamilton Lane","HLNE","7898511872","140.9","United States"
"2278","Sibanye-Stillwater","SBSW","7897282048","11.16","South Africa"
"2279","Hanwha Systems","272210.KS","7894041368","41.0804","South Korea"
"2280","Kunlun Energy Company","0135.HK","7891955989","0.911416","Hong Kong"
"2281","Galaxy Digital Holdings","7LX.F","7887111260","22.3715","United States"
"2282","CPI Property Group","O5G.DE","7883841909","0.941961","Luxembourg"
"2283","ENN Natural Gas Co.,Ltd.","600803.SS","7881347773","2.54476","China"
"2284","Unimicron","3037.TW","7878595091","4.89214","Taiwan"
"2285","Gamuda Berhad","5398.KL","7865577502","1.3297","Malaysia"
"2286","Niterra","5334.T","7861014717","39.6146","Japan"
"2287","Sekisui Chemical","4204.T","7852084105","18.958","Japan"
"2288","Central Pattana","CPN.BK","7849813371","1.74907","Thailand"
"2289","China Merchants Port","0144.HK","7846544101","1.86911","Hong Kong"
"2290","Zurn Water Solutions","ZWS","7838106112","46.78","United States"
"2291","Accelleron Industries","ACLN.SW","7837950601","83.4702","Switzerland"
"2292","South32","S32.AX","7830865153","1.74255","Australia"
"2293","Saia","SAIA","7819544064","293.57","United States"
"2294","Hecla Mining","HL","7818708992","11.67","United States"
"2295","NewMarket Corp","NEU","7800605184","830.15","United States"
"2296","IES Holdings","IESC","7799826432","392.85","United States"
"2297","Columbia Banking System","COLB","7796403200","26.06","United States"
"2298","LKQ Corporation","LKQ","7795983360","30.3","United States"
"2299","Ingredion","INGR","7768454656","121.04","United States"
"2300","MGM China Holdings","2282.HK","7760597656","2.04137","Macau"
"2301","Samyang Foods","003230.KS","7757472724","1040.14","South Korea"
"2302","CareTrust REIT","CTRE","7751572480","34.8","United States"
"2303","Rockwool","ROCK-B.CO","7748154929","37.2383","Denmark"
"2304","Square Enix","9684.T","7741807835","64.4372","Japan"
"2305","Schroders","SDR.L","7735414476","4.98874","United Kingdom"
"2306","Akbank","AKBNK.IS","7731830199","1.48689","Turkey"
"2307","Imeik Technology Development","300896.SZ","7730367820","25.5472","China"
"2308","Entain","ENT.L","7726859640","12.0818","Isle of Man"
"2309","OTE Group","OTE.F","7721476322","18.9445","Greece"
"2310","Indoritel","DNET.JK","7717545871","0.542636","Indonesia"
"2311","Industrial Securities","601377.SS","7712973761","0.888914","China"
"2312","MISC Berhad","3816.KL","7712896279","1.7279","Malaysia"
"2313","Lincoln National Corporation","LNC","7710235136","40.67","United States"
"2314","PSP Swiss Property","PSPN.SW","7708937691","168.068","Switzerland"
"2315","Jazz Pharmaceuticals","JAZZ","7703668736","127","Ireland"
"2316","Lamb Weston","LW","7695168000","55.22","United States"
"2317","Cognex","CGNX","7688095744","45.79","United States"
"2318","GDS Holdings","GDS","7686091776","40.08","China"
"2319","Masimo","MASI","7681528320","141.4","United States"
"2320","Novolipetsk Steel","NLMK.ME","7680075583","1.29","Russia"
"2321","GlobalWafers","6488.TWO","7676317759","15.0376","Taiwan"
"2322","Tower Semiconductor","TSEM","7661422592","68.5","Israel"
"2323","Kingdom Holding","4280.SR","7658249148","2.06645","Saudi Arabia"
"2324","Ryder","R","7658034176","187.74","United States"
"2325","LIG Nex1","079550.KS","7656678701","348.368","South Korea"
"2326","Dai Nippon Printing","7912.T","7644176765","17.0154","Japan"
"2327","Sirius XM","SIRI","7644008448","22.7","United States"
"2328","Beijing Roborock Technology","688169.SS","7638084778","29.2486","China"
"2329","Ayala Land","AYAAF","7631873536","0.5251","Philippines"
"2330","Keyera","KEY.TO","7630279992","33.2977","Canada"
"2331","Vicinity Centres","VCX.AX","7623480499","1.65739","Australia"
"2332","SiTime","SITM","7612922880","292.76","United States"
"2333","Sysmex","6869.T","7608418382","12.2007","Japan"
"2334","APA Group","APA.AX","7607631139","5.78447","Australia"
"2335","iSoftStone Information Technology","301236.SZ","7605038477","7.62167","China"
"2336","Hualu Hengsheng","600426.SS","7600046184","3.57949","China"
"2337","Valmont Industries","VMI","7596753920","384.87","United States"
"2338","Chang Hwa Commercial Bank","2801.TW","7591121714","0.641889","Taiwan"
"2339","Choice Properties REIT","CHP-UN.TO","7576751400","10.4679","Canada"
"2340","Korea Aerospace Industries","047810.KS","7572936509","75.9882","South Korea"
"2341","Murphy USA","MUSA","7570898944","392.43","United States"
"2342","Informatica","INFA","7560248320","24.81","United States"
"2343","Davide Campari-Milano","CPR.MI","7556399161","6.30236","Italy"
"2344","Datang International Power Generation Company","601991.SS","7554099634","0.472498","China"
"2345","TIS","3626.T","7554087061","33.235","Japan"
"2346","Starwood Property Trust","STWD","7553611264","20.05","United States"
"2347","MinebeaMitsumi","6479.T","7546125853","18.7908","Japan"
"2348","Demant","DEMANT.CO","7539928426","35.3963","Denmark"
"2349","Eagle Materials","EXP","7536673280","232.26","United States"
"2350","Tingyi (master kang)","0322.HK","7535546435","1.33692","China"
"2351","Shenzhen New Industries Biomedical Engineering","300832.SZ","7535180263","9.57896","China"
"2352","Oil India","OIL.NS","7529996067","4.62926","India"
"2353","Globus Medical","GMED","7522689024","55.7","United States"
"2354","Pony AI","PONY","7521543168","21.17","China"
"2355","BİM Birleşik Mağazalar","BIMAS.IS","7517313561","12.6554","Turkey"
"2356","Yes Bank","YESBANK.NS","7513590067","0.236626","India"
"2357","Auckland Airport","AIA.AX","7508850859","4.44808","New Zealand"
"2358","Barry Callebaut","BARN.SW","7507688819","1369.86","Switzerland"
"2359","Investec","INVR.L","7506078163","8.51115","United Kingdom"
"2360","AXIS Capital","AXS","7502357504","95.97","Bermuda"
"2361","Romgaz","SNG.RO","7501080054","1.9462","Romania"
"2362","Toppan","7911.T","7498878368","26.1199","Japan"
"2363","Virtu Financial","VIRT","7498180096","35.21","United States"
"2364","Webull","BULL","7496572416","15.16","United States"
"2365","Chiba Bank","CHBAY","7491238400","52.84","Japan"
"2366","Guardant Health","GH","7486092288","60.03","United States"
"2367","Qingdao Port International","601298.SS","7483275467","1.19597","China"
"2368","Chifeng Jilong Gold Mining","600988.SS","7481618069","3.93982","China"
"2369","ASX","ASX.AX","7479222947","38.4933","Australia"
"2370","The Toro Company","TTC","7475688960","76.39","United States"
"2371","American Airlines","AAL","7462664192","11.31","United States"
"2372","IMI plc","IMI.L","7458225707","30.2917","United Kingdom"
"2373","Shizuoka Financial Group","5831.T","7456580453","13.7554","Japan"
"2374","Pinnacle Financial Partners","PNFP","7446139392","96","United States"
"2375","Sagax","SAGA-B.ST","7445643577","20.6318","Sweden"
"2376","Nykaa","NYKAA.NS","7443200673","2.60232","India"
"2377","National Mineral Development Corporation","NMDC.NS","7439527534","0.846188","India"
"2378","VinFast Auto","VFS","7437424640","3.18","Vietnam"
"2379","Whitbread","WTB.L","7431986118","43.0919","United Kingdom"
"2380","Federal Signal","FSS","7431201280","122.24","United States"
"2381","CP Axtra","CPAXT.BK","7425169229","0.712065","Thailand"
"2382","Randstad","RAND.AS","7422590186","42.359","Netherlands"
"2383","International Games System","3293.TWO","7420456890","26.1352","Taiwan"
"2384","Aaon","AAON","7420106752","91.01","United States"
"2385","Bio-Rad Laboratories","BIO","7417275392","271.36","United States"
"2386","TFI International","TFII","7398964736","88.8","Canada"
"2387","Loar Holdings","LOAR","7398047232","79.02","United States"
"2388","Lotus Bakeries","LOTB.BR","7395478630","9103.67","Belgium"
"2389","Monotaro","3064.T","7395055734","14.8822","Japan"
"2390","NIBE Industrier","NIBE-B.ST","7384662231","3.66291","Sweden"
"2391","Zeekr","ZK","7382900224","28.82","China"
"2392","Discovery Limited","DSY.JO","7378370400","11.071","South Africa"
"2393","COSCO Shipping Energy","600026.SS","7372403270","1.6937","China"
"2394","Giant Biogene","2367.HK","7369106384","6.96096","China"
"2395","Mengniu Dairy","2319.HK","7365713366","1.89096","China"
"2396","Lucid Motors","LCID","7362907648","23.96","United States"
"2397","e.l.f. Beauty","ELF","7362488832","129.77","United States"
"2398","Silan Microelectronics","600460.SS","7358751851","4.37867","China"
"2399","Jindal Stainless","JSL.NS","7356183427","8.90477","India"
"2400","Genpact","G","7355939840","42.21","Bermuda"
"2401","Hess Midstream","HESM","7352231936","35","United States"
"2402","NEXTDC","NXT.AX","7347494217","11.4576","Australia"
"2403","Yokogawa Electric Corporation","6841.T","7347327930","28.855","Japan"
"2404","SalMar ASA","SALM.OL","7346467198","54.3486","Norway"
"2405","Quiñenco","QUINENCO.SN","7345155507","4.41745","Chile"
"2406","Spring Airlines","601021.SS","7337192474","7.49968","China"
"2407","Covivio","COV.PA","7331925567","66.1713","France"
"2408","Alkem Laboratories","ALKEM.NS","7330052888","61.306","India"
"2409","Prestige Group","PRESTIGE.NS","7326511381","17.0095","India"
"2410","Daito Trust Construction","1878.T","7316672941","110.405","Japan"
"2411","Charles River Laboratories","CRL","7311258112","148.56","United States"
"2412","Zain (Mobile Telecommunications Company)","ZAIN.KW","7310944735","1689.59","Kuwait"
"2413","Voya Financial","VOYA","7306540032","75.78","United States"
"2414","Sangfor Technologies","300454.SZ","7302800041","16.5907","China"
"2415","Sinopharm","1099.HK","7293070984","2.33703","China"
"2416","Tokyo Electric Power Company","9501.T","7280723920","4.54457","Japan"
"2417","Modine Manufacturing","MOD","7277769728","138.65","United States"
"2418","Coromandel","COROMANDEL.NS","7275472711","24.6747","India"
"2419","Lumine Group","LMN.V","7272620191","28.34","Canada"
"2420","Yamaha Motor","7272.T","7271440957","7.49962","Japan"
"2421","PJT Partners","PJT","7266345984","182.86","United States"
"2422","CAVA Group","CAVA","7259897856","62.61","United States"
"2423","Changchun High-Tech Industry","000661.SZ","7257573649","17.7909","China"
"2424","Zheshang Securities","601878.SS","7252870223","1.58014","China"
"2425","Osisko Gold Royalties","OR","7252830720","38.42","Canada"
"2426","Gecina","GFC.PA","7243486046","97.8821","France"
"2427","Sumitomo Forestry","1911.T","7240430112","11.8396","Japan"
"2428","Capital Power","CPX.TO","7236960667","46.657","Canada"
"2429","Rightmove","RMV.L","7235225572","9.41186","United Kingdom"
"2430","Patanjali Foods","PATANJALI.NS","7234323490","6.64628","India"
"2431","Jackson Financial","JXN","7229821440","103.8","United States"
"2432","ADT","ADT","7224910848","8.81","United States"
"2433","YTL Corporation Berhad","1773.T","7216188878","0.62859","Malaysia"
"2434","Vend Marketplaces","VENDA.OL","7213900488","35.0759","Norway"
"2435","Barratt Redrow","BTRW.L","7213084976","5.08257","United Kingdom"
"2436","Shimadzu","7701.T","7212274450","24.9631","Japan"
"2437","Primoris Services Corporation","PRIM","7206385664","133.42","United States"
"2438","Nanya Technology","2408.TW","7204931509","2.3252","Taiwan"
"2439","Eastman Chemical","EMN","7201140736","62.71","United States"
"2440","Yonyou","600588.SS","7199679245","2.10702","China"
"2441","Trend Micro","4704.T","7199078811","54.6004","Japan"
"2442","Tokyu","9005.T","7195438726","12.5986","Japan"
"2443","A1 Telekom Austria","TA1.F","7189442667","10.7653","Austria"
"2444","Construction Partners","ROAD","7179533824","128","United States"
"2445","BOK Financial","BOKF","7177875968","112.84","United States"
"2446","Amkor Technology","AMKR","7173327360","29.025","United States"
"2447","QuantumScape","QS","7165840384","12.66","United States"
"2448","Allison Transmission","ALSN","7164280832","85.68","United States"
"2449","SG Micro","300661.SZ","7163324815","11.4549","China"
"2450","Iamgold","IAG","7160837632","12.42","Canada"
"2451","China Oilfield Services","2883.HK","7148250627","0.853569","China"
"2452","Aurobindo Pharma","AUROPHARMA.NS","7143608700","12.2996","India"
"2453","Wuhan Guide Infrared","002414.SZ","7143541714","1.67267","China"
"2454","Banca Popolare di Sondrio","BPSO.MI","7142597604","15.8788","Italy"
"2455","UGI Corporation","UGI","7141931520","33.23","United States"
"2456","JBT Marel Corporation","JBTM","7138134016","137.35","United States"
"2457","Abbott India","ABBOTINDIA.NS","7135604998","335.586","India"
"2458","Light &amp; Wonder","LNW","7132102144","84.96","United States"
"2459","Simpson Manufacturing Company","SSD","7124880896","171.2","United States"
"2460","Hankyu Hanshin Holdings","9042.T","7123030564","29.9918","Japan"
"2461","General Insurance Corporation of India","GICRE.NS","7120859195","4.05886","India"
"2462","Aritzia","ATZ.TO","7118246198","62.0036","Canada"
"2463","Toyo Suisan","2875.T","7116306091","71.7529","Japan"
"2464","Madras Rubber Factory","MRF.NS","7108930920","1676.18","India"
"2465","Universal Display Corporation","OLED","7106358784","149.5","United States"
"2466","American Healthcare REIT","AHR","7105444864","42.15","United States"
"2467","Air Lease Corporation","AL","7098196992","63.51","United States"
"2468","Nordnet AB","SAVE.ST","7089664364","28.3381","Sweden"
"2469","JSC Halyk Bank","H4L1.F","7077324494","25.509","Kazakhstan"
"2470","Quebecor","QBR-B.TO","7070331353","30.8368","Canada"
"2471","Flowserve","FLS","7068780032","54.05","United States"
"2472","AUTO1","AG1.F","7068422309","32.2958","Germany"
"2473","Repligen","RGEN","7066519040","125.61","United States"
"2474","EXL Service","EXLS","7066200576","43.75","United States"
"2475","Copel","ELP","7065027072","9.52","Brazil"
"2476","Zhifei Biological Products","300122.SZ","7058227666","2.90369","China"
"2477","Banca Transilvania","TLV.RO","7048729527","6.47197","Romania"
"2478","Schaeffler India","SCHAEFFLER.NS","7040816994","45.0458","India"
"2479","CD Projekt","CDR.WA","7022714084","70.29","Poland"
"2480","Wan Hai Lines","2615.TW","7020663523","2.43622","Taiwan"
"2481","Torrent Power","TORNTPOWER.NS","7018476437","13.9166","India"
"2482","ESR","1821.HK","7017956662","1.65486","Hong Kong"
"2483","Sichuan Changhong Electric","600839.SS","7015982408","1.46797","China"
"2484","First Industrial Realty Trust","FR","7012250624","51.37","United States"
"2485","Idacorp","IDA","7011311616","129.76","United States"
"2486","ALK-Abelló","ALK-B.CO","7008588254","31.6325","Denmark"
"2487","Stevanato Group","STVN","7004805632","25.66","Italy"
"2488","Kingfisher","KGF.L","7004459107","4.03442","United Kingdom"
"2489","Cadence Bancorp","CADE","7001417728","37.58","United States"
"2490","Janus Henderson","JHG","6998755840","44.87","United Kingdom"
"2491","Shift4 Payments","FOUR","6996670464","79.12","United States"
"2492","Pirelli","PIRC.MI","6978703686","6.9787","Italy"
"2493","Kinden Corporation","1944.T","6976513839","35.1275","Japan"
"2494","Beazley","BEZ.L","6974548062","11.7012","United Kingdom"
"2495","Qatar Gas Transport Company","QGTS.QA","6974034507","1.25879","Qatar"
"2496","MINISO Group","MNSO","6973035008","22.26","China"
"2497","Charter Hall Group","CHC.AX","6968690687","14.733","Australia"
"2498","Canadian Tire","CTC.TO","6959688896","191.959","Canada"
"2499","OneMain Financial","OMF","6958670336","58.54","United States"
"2500","SDIC Capital","600061.SS","6955729144","1.08786","China"
"2501","Cemig","CIG","6954602496","2.08","Brazil"
"2502","Indofood CBP","ICBP.JK","6954029978","0.596303","Indonesia"
"2503","Unicaja Banco","UNI.MC","6953454166","2.7077","Spain"
"2504","Shanghai Allist Pharmaceuticals","688578.SS","6949722114","15.0484","China"
"2505","Yapı Kredi","YKBNK.IS","6942460691","0.82188","Turkey"
"2506","Dolby","DLB","6938160640","72.39","United States"
"2507","Synovus","SNV","6937436672","49.98","United States"
"2508","China Gold International Resources","CGG.TO","6934019651","17.4919","Canada"
"2509","Western Mining","601168.SS","6929520930","2.9079","China"
"2510","Compagnie du Cambodge","CBDG.PA","6926183846","114.088","France"
"2511","Genting Singapore","G13.SI","6922805649","0.572942","Singapore"
"2512","Vienna Insurance Group","WSV2.F","6919852444","54.0019","Austria"
"2513","Wingstop Restaurants","WING","6909453312","247.44","United States"
"2514","Sunoco","SUN","6901262336","50.52","United States"
"2515","Shin Kong Financial Holding","2888.TW","6901126407","0.389619","Taiwan"
"2516","Infratil","IFT.NZ","6900508990","7.04429","New Zealand"
"2517","Boyd Gaming","BYD","6891030528","85.94","United States"
"2518","The Fertilisers And Chemicals Travancore Limited","FACT.NS","6884244520","10.6369","India"
"2519","AGC","5201.T","6881531976","32.4058","Japan"
"2520","Yealink Network Technology","300628.SZ","6880410623","5.32227","China"
"2521","Berger Paints","BERGEPAINT.NS","6860177949","5.88405","India"
"2522","Sonic Healthcare","SHL.AX","6847777517","13.8552","Australia"
"2523","HD Hyundai Marine Solution","443060.KS","6838423716","144.385","South Korea"
"2524","Tube Investments of India","TIINDIA.NS","6832175714","35.3088","India"
"2525","Hitachi Construction Machinery","6305.T","6828828307","32.1049","Japan"
"2526","Colgate-Palmolive India","COLPAL.NS","6826571717","25.099","India"
"2527","China Taiping Insurance","0966.HK","6823881502","1.89868","Hong Kong"
"2528","37 Interactive Entertainment","002555.SZ","6823777132","3.08456","China"
"2529","Confluent","CFLT","6822486528","19.79","United States"
"2530","EVA Air","2618.TW","6817712692","1.2493","Taiwan"
"2531","Fluor Corporation","FLR","6817385984","42.17","United States"
"2532","TAL Education Group","TAL","6815443456","11.2","China"
"2533","Tokyo Metro","9023.T","6809284650","11.7292","Japan"
"2534","Kyndryl","KD","6807190016","29.45","United States"
"2535","FirstCash","FCFS","6801088512","153.3","United States"
"2536","Churchill Downs","CHDN","6797851136","96.94","United States"
"2537","Maxis Berhad","6012.KL","6796968542","0.862764","Malaysia"
"2538","Affiliated Managers Group","AMG","6791619584","239.04","United States"
"2539","Andritz","AZ2.F","6786474829","69.5647","Austria"
"2540","Gaztransport & Technigaz","GTT.PA","6782612961","183.01","France"
"2541","Ternium","TX","6768688640","34.48","Luxembourg"
"2542","Blue Owl Capital Corporation","OBDC","6766278144","13.24","United States"
"2543","Installed Building Products","IBP","6759355392","249.18","United States"
"2544","Sailun Group","601058.SS","6753875847","2.05404","China"
"2545","Shiseido","4911.T","6752654282","16.9017","Japan"
"2546","Grupo Catalana Occidente","GCO.MC","6746325426","57.1612","Spain"
"2547","Isetan Mitsukoshi Holdings","3099.T","6745154549","19.075","Japan"
"2548","Compagnie de l'Odet","ODET.PA","6745013973","1598.41","France"
"2549","Middleby","MIDD","6741263872","133.01","United States"
"2550","Chemed","CHE","6735474688","462.23","United States"
"2551","MarketAxess","MKTX","6730710016","180.14","United States"
"2552","China State Construction International","3311.HK","6729154492","1.27393","Hong Kong"
"2553","Super Group","SGHC","6724980224","13.3","Guernsey"
"2554","HK Electric Investments","2638.HK","6724467768","0.761013","Hong Kong"
"2555","Bosideng","3998.HK","6713912766","0.583615","Hong Kong"
"2556","Spirax-Sarco Engineering","SPX.L","6712649021","91.076","United Kingdom"
"2557","Shanghai Commercial and Savings Bank","5876.TW","6712289075","1.36914","Taiwan"
"2558","AAK","AAK.ST","6693261238","25.787","Sweden"
"2559","MSA Safety","MSA","6688793600","170.88","United States"
"2560","G-bits Network Technology","603444.SS","6686753546","83.5369","China"
"2561","ESAB","ESAB","6680500224","110.06","United States"
"2562","Axfood","AXFO.ST","6676526460","30.9211","Sweden"
"2563","Kokusai Electric","6525.T","6672195510","28.5875","Japan"
"2564","Varonis","VRNS","6671285248","59.54","United States"
"2565","Nippon Television Holdings","9404.T","6661638561","26.6081","Japan"
"2566","First International Bank of Israel","FIBI.TA","6661548508","66.3964","Israel"
"2567","STAG Industrial","STAG","6661012992","34.93","United States"
"2568","Godrej Properties","GODREJPROP.NS","6653519292","22.0896","India"
"2569","Jyske Bank","JYSK.CO","6649463098","111.77","Denmark"
"2570","Brunello Cucinelli","BC.MI","6639919174","97.8235","Italy"
"2571","GPT Group","GPT.AX","6638326080","3.46544","Australia"
"2572","Yuntianhua","600096.SS","6635284060","3.63978","China"
"2573","MGIC Investment","MTG","6632146944","28.77","United States"
"2574","CarMax","KMX","6624626176","44.86","United States"
"2575","Lundbeck","HLUN-B.CO","6622491558","6.97267","Denmark"
"2576","First American","FAF","6614964224","64.98","United States"
"2577","Zhongtai Securities","600918.SS","6608881707","0.954811","China"
"2578","PGE Polska","PGE.WA","6602557655","2.94269","Poland"
"2579","Saudi Tadawul Group Holding Company","1111.SR","6591296539","54.9275","Saudi Arabia"
"2580","Rakus Co., Ltd.","3923.T","6589970599","18.5568","Japan"
"2581","Rhythm Pharmaceuticals","RYTM","6586216448","99.16","United States"
"2582","Seek Limited","SEK.AX","6578093547","18.4147","Australia"
"2583","Tong Ren Tang","600085.SS","6576319531","4.79509","China"
"2584","Chailease Holding","5871.TW","6574392250","3.77582","Taiwan"
"2585","ALS Global","ALQ.AX","6572164879","12.9577","Australia"
"2586","Commercial Metals Company","CMC","6568083456","58.68","United States"
"2587","Elis","ELIS.PA","6551006955","28.1067","France"
"2588","Taylor Morrison","TMHC","6548362752","66.25","United States"
"2589","Urban Outfitters","URBN","6547947520","73","United States"
"2590","Lottomatica Group","LTMC.MI","6545848012","26.3749","Italy"
"2591","Ayala Corporation","AYALY","6544705536","8.25","Philippines"
"2592","Waystar","WAY","6544416256","37.56","United States"
"2593","Orica","ORI.AX","6541416034","13.8094","Australia"
"2594","Bestechnic","688608.SS","6541267240","38.5528","China"
"2595","Riot Blockchain","RIOT","6538634240","17.69","United States"
"2596","Gruma (Maseca)","GRUMAB.MX","6538167773","18.5907","Mexico"
"2597","Opendoor","OPEN","6538074112","8.81","United States"
"2598","SmartSens Technology","688213.SS","6535566275","15.5013","China"
"2599","BlueScope Steel","BSL.AX","6522400424","14.8706","Australia"
"2600","Nexans","NEX.PA","6515041741","148.959","France"
"2601","Doosan","000150.KS","6513229245","390.938","South Korea"
"2602","B2Gold","BTG","6509092352","4.92","Canada"
"2603","Soochow Securities","601555.SS","6506693331","1.30253","China"
"2604","Nexi","NEXI.MI","6504284110","5.56284","Italy"
"2605","SoundHound AI","SOUN","6498519552","15.94","United States"
"2606","Galaxycore","688728.SS","6486608728","2.49429","China"
"2607","UiPath","PATH","6483773952","12.21","United States"
"2608","Cirrus Logic","CRUS","6475040768","126.14","United States"
"2609","Oberoi Realty","OBEROIRLTY.NS","6473129461","17.8028","India"
"2610","Stride (K12 Education)","LRN","6472489984","148.36","United States"
"2611","Konecranes","KCR.HE","6469876584","81.6756","Finland"
"2612","MOL Group","MOL.BD","6469831197","8.2007","Hungary"
"2613","Bupa Arabia for Cooperative Insurance Company","8210.SR","6459310739","43.0621","Saudi Arabia"
"2614","Hera Group","HER.MI","6451157969","4.39738","Italy"
"2615","Telekom Malaysia","4863.KL","6449292983","1.68049","Malaysia"
"2616","Littelfuse","LFUS","6438744576","259.82","United States"
"2617","Knight-Swift","KNX","6435274752","39.65","United States"
"2618","Games Workshop Group","GAW.L","6434623022","195.153","United Kingdom"
"2619","Storebrand","STB.OL","6434450259","15.0913","Norway"
"2620","OUTsurance Group","OUT.JO","6420195900","4.14947","South Africa"
"2621","PennyMac","PFSI","6414112256","124.04","United States"
"2622","Hanover Insurance Group","THG","6413999104","179.31","United States"
"2623","Gates Industrial Corp","GTES","6413844480","24.9","United States"
"2624","LB Group (LomonBillions)","002601.SZ","6400430376","2.68216","China"
"2625","Fortune Brands Innovations","FBIN","6394470912","53.27","United States"
"2626","RTL Group","RRTL.F","6391864584","41.1304","Luxembourg"
"2627","FPT Corporation","FPT.VN","6391374066","3.69528","Vietnam"
"2628","IONOS Group","IOS.DE","6389964804","45.4014","Germany"
"2629","H&amp;R Block","HRB","6387002880","49.95","United States"
"2630","Essent Group","ESNT","6382031360","64.77","Bermuda"
"2631","China National Chemical Engineering (CNCEC)","601117.SS","6378900862","1.04454","China"
"2632","Bharat Forge","BHARATFORG.NS","6371745780","13.3275","India"
"2633","Etsy","ETSY","6360787968","64.18","United States"
"2634","APT Medical","688617.SS","6358600327","44.3616","China"
"2635","SG Holdings","9143.T","6356913976","10.4754","Japan"
"2636","CITIC Metal","601061.SS","6354892719","1.28009","China"
"2637","Healthcare Realty Trust","HR","6354020864","17.86","United States"
"2638","Tokyo Century","8439.T","6353826083","13.0232","Japan"
"2639","Uranium Energy","UEC","6352507392","13.67","United States"
"2640","Georg Fischer","GF.SW","6351815895","77.5169","Switzerland"
"2641","Indian Railway Catering & Tourism","IRCTC.NS","6347027702","7.93379","India"
"2642","Schaeffler","SHA0.DE","6346405263","6.71659","Germany"
"2643","Gentex","GNTX","6343242240","28.9","United States"
"2644","Banca Generali","BGN.MI","6339957634","55.4645","Italy"
"2645","HANMI Semiconductor","042700.KS","6332820584","63.7137","South Korea"
"2646","Red Rock Resorts","RRR","6324643328","61.73","United States"
"2647","Prosperity Bancshares","PB","6322278912","66.55","United States"
"2648","Sectra AB","SECT-B.ST","6311776477","32.7599","Sweden"
"2649","GATX","GATX","6307363840","176.97","United States"
"2650","Yang Ming","2609.TW","6306127589","1.75001","Taiwan"
"2651","PharmaEssentia","6446.TW","6302133932","16.8106","Taiwan"
"2652","Sinotrans Limited","601598.SS","6300134855","0.984255","China"
"2653","Technoprobe","TPRO.MI","6296660504","9.7882","Italy"
"2654","Shanghai BOCHU Electronic Technology","688188.SS","6286761392","21.355","China"
"2655","Glenmark Pharmaceuticals","GLENMARK.NS","6279676210","22.2487","India"
"2656","Advanced Energy","AEIS","6278877696","166.46","United States"
"2657","Oberbank","OBS.VI","6273766687","88.9305","Austria"
"2658","Avidity Biosciences","RNA","6266548736","42.95","United States"
"2659","IndusInd Bank","INDUSINDBK.NS","6265855533","8.04268","India"
"2660","Yuhan","000100.KS","6263294945","81.3804","South Korea"
"2661","Metropolitan Bank (Metrobank)","MTPOY","6258153984","27.83","Philippines"
"2662","LEG Immobilien","LEG.DE","6253691686","77.2876","Germany"
"2663","Scor","SCR.PA","6253491583","34.9637","France"
"2664","Onto Innovation","ONTO","6251875840","127.58","United States"
"2665","AU Small Finance Bank","AUBANK.NS","6249392591","8.38627","India"
"2666","Seatrium","5E2.SI","6240381039","1.8427","Singapore"
"2667","Food &amp; Life Companies","3563.T","6238718571","55.1421","Japan"
"2668","Global-e","GLBE","6235736576","36.74","Israel"
"2669","Valmet","VALMT.HE","6230286828","33.817","Finland"
"2670","China Great Wall Securities","002939.SZ","6227870372","1.54368","China"
"2671","Arrow Electronics","ARW","6227586048","120.92","United States"
"2672","Brookfield Renewable","BEPC","6223994880","34.56","United States"
"2673","Vanguard International Semiconductor","5347.TWO","6223210791","3.31615","Taiwan"
"2674","Phoenix Mills","PHOENIXLTD.NS","6221992315","17.3819","India"
"2675","Wyndham Hotels &amp; Resorts","WH","6219979776","81.46","United States"
"2676","Bank Muscat","BKMB.OM","6219586291","0.828571","Oman"
"2677","Subsea 7","SUBC.OL","6218990131","21.0375","Luxembourg"
"2678","Shanghai RAAS Blood Products","002252.SZ","6217031819","0.936584","China"
"2679","Sanwa Holdings","5929.T","6209781951","29.2361","Japan"
"2680","Piper Sandler","PIPR","6206902784","350.86","United States"
"2681","Pegatron","4938.TW","6204840184","2.31146","Taiwan"
"2682","Bharat Dynamics","BDL.NS","6199123749","16.9012","India"
"2683","Zabka Group","ZAB.WA","6195287442","6.19529","Poland"
"2684","Capstone Copper","CS.TO","6185303363","8.11457","Canada"
"2685","Vontier","VNT","6184871936","42.16","United States"
"2686","Changjiang Securities","000783.SZ","6179588763","1.11745","China"
"2687","Motilal Oswal Financial Services","MOTILALOFS.NS","6175403638","10.2769","India"
"2688","Bright Horizons","BFAM","6171733504","108.52","United States"
"2689","Rithm Capital","RITM","6161995264","11.62","United States"
"2690","Legend Biotech","LEGN","6159123968","33.37","United States"
"2691","Life Time Group","LTH","6157690880","27.99","United States"
"2692","BOC Aviation","2588.HK","6155816636","8.86992","Singapore"
"2693","DCC plc","DCC.L","6150828376","63.4784","Ireland"
"2694","New Hope Liuhe","000876.SZ","6148793675","1.36562","China"
"2695","Resideo Technologies","REZI","6148391936","41.33","United States"
"2696","Fomento de Construcciones y Contratas","FCC.MC","6142865196","12.9885","Spain"
"2697","ENGIE Brasil","EGIE3.SA","6135427564","7.51957","Brazil"
"2698","GXO Logistics","GXO","6131189248","53.56","United States"
"2699","Japan Real Estate Investment","8952.T","6127579830","861.302","Japan"
"2700","TPG Telecom","TPG.AX","6126753385","3.29512","Australia"
"2701","Cleveland-Cliffs","CLF","6119380480","12.37","United States"
"2702","Posco International","047050.KS","6119133699","34.6594","South Korea"
"2703","ChinaLin Securities","002945.SZ","6113736215","2.26435","China"
"2704","Steel Authority of India","SAIL.NS","6106694778","1.47843","India"
"2705","Matador Resources","MTDR","6101471744","49.01","United States"
"2706","KBR","KBR","6100651008","47.35","United States"
"2707","Kobe Bussan","3038.T","6098012572","27.551","Japan"
"2708","Française des Jeux","FDJ.VI","6096672564","32.9979","France"
"2709","Masraf Al Rayan","MARK.QA","6096098567","0.655494","Qatar"
"2710","Grand Canyon Education","LOPE","6093239296","216.94","United States"
"2711","Gerdau","GGB","6087496704","3.07","Brazil"
"2712","Public Power Corporation","PPC.AT","6083924087","16.4755","Greece"
"2713","Axalta","AXTA","6083567616","28.09","United States"
"2714","SentinelOne","S","6083171328","18.15","United States"
"2715","Sanmina","SANM","6080288256","114.11","United States"
"2716","Convatec Group","CTEC.L","6080149069","3.01844","United Kingdom"
"2717","Linde India","LINDEINDIA.NS","6079151038","71.2811","India"
"2718","Lumen","LUMN","6074754560","5.92","United States"
"2719","Tokyu Fudosan Holdings","3289.T","6072836556","8.49265","Japan"
"2720","Supreme Industries","SUPREMEIND.NS","6069184310","47.7787","India"
"2721","Sampoerna","HMSP.JK","6069070851","0.0521765","Indonesia"
"2722","Mebuki Financial Group","7167.T","6068984359","6.41496","Japan"
"2723","CCC Intelligent Solutions","CCCS","6063188480","9.31","United States"
"2724","Onex","ONEX.TO","6061230819","88.349","Canada"
"2725","Volvo Car","VOLCAR-B.ST","6060027281","2.04457","Sweden"
"2726","Definity Financial","DFY.TO","6051819106","50.4739","Canada"
"2727","Harel Group","HARL.TA","6044539429","29.3641","Israel"
"2728","Kimberly-Clark de México","KIMBERA.MX","6042438674","2.01412","Mexico"
"2729","IMCD","IMCD.AS","6040054807","102.317","Netherlands"
"2730","Howden Joinery","HWDN.L","6039503647","11.1449","United Kingdom"
"2731","Element Solutions","ESI","6033168384","24.97","United States"
"2732","Cytokinetics","CYTK","6030720512","50.4","United States"
"2733","OFILM Group","002456.SZ","6029964706","1.79605","China"
"2734","Finning","FTT.TO","6020584605","45.4157","Canada"
"2735","Yunnan Energy New Material","002812.SZ","6020157576","6.21819","China"
"2736","InPost","INPST.AS","6020075064","12.0524","Luxembourg"
"2737","UPL","UPL.NS","6019471209","7.31204","India"
"2738","KBC Ancora","KBCA.BR","6010636075","78.0482","Belgium"
"2739","Mondi","MNDI.L","6008018336","13.6379","United Kingdom"
"2740","JD Sports Fashion","JD.L","6007936672","1.1929","United Kingdom"
"2741","Commercial International Bank","CIN.F","6005795860","1.84882","Egypt"
"2742","Korean Air Lines","003495.KS","6001141284","16.3541","South Korea"
"2743","Nexstar Media Group","NXST","5996459008","197.8","United States"
"2744","Max Financial Services","MFSL.NS","5993016395","17.4406","India"
"2745","Hiscox","HSX.L","5990465344","17.9873","Bermuda"
"2746","Kingsoft","3888.HK","5990175345","4.30641","China"
"2747","Nordex","NDX1.F","5987345647","25.3218","Germany"
"2748","Archer Aviation","ACHR","5985843712","9.28","United States"
"2749","Chord Energy","CHRD","5985189376","104.53","United States"
"2750","Valley Bank","VLY","5977820672","10.68","United States"
"2751","Bank of India","BANKINDIA.NS","5976143765","1.31267","India"
"2752","Marathon Digital Holdings","MARA","5975485440","16.13","United States"
"2753","RLI Corp.","RLI","5973507584","65.05","United States"
"2754","PI Industries","PIIND.NS","5970144871","39.3541","India"
"2755","TXNM Energy","TXNM","5967611392","56.63","United States"
"2756","Harvey Norman","HVN.AX","5966792710","4.78873","Australia"
"2757","Voestalpine","VAS.F","5963113418","34.6127","Austria"
"2758","Prio SA (Petro Rio)","PRIO3.SA","5962712278","7.34914","Brazil"
"2759","Terreno Realty","TRNO","5959468544","57.69","United States"
"2760","First Majestic Silver","AG","5949847040","12.14","Canada"
"2761","CyberAgent","4751.T","5949344927","11.7459","Japan"
"2762","Jabal Omar Development","4250.SR","5946681669","5.03946","Saudi Arabia"
"2763","Australian Foundation Investment Company","AFI.AX","5934827005","4.70357","Australia"
"2764","Triple Flag Precious Metals","TFPM","5931492352","28.63","Canada"
"2765","Glacier Bancorp","GBCI","5916964864","49.91","United States"
"2766","South Bow","SOBO","5914974720","28.31","Canada"
"2767","EFG International","EFGN.SW","5913412891","19.7521","Switzerland"
"2768","Essential Properties Realty Trust","EPRT","5911129600","29.75","United States"
"2769","Louisiana-Pacific","LPX","5899982336","84.72","United States"
"2770","Buenaventura Mining Company","BVN","5896340992","23.24","Peru"
"2771","The Yokohama Rubber Company","5101.T","5893028344","37.3677","Japan"
"2772","Taiwan Cement","1101.TW","5892297249","0.78143","Taiwan"
"2773","Clearwater Analytics","CWAN","5890986496","18.09","United States"
"2774","Shandong Hi-Speed","600350.SS","5890444686","1.2184","China"
"2775","Porto Seguro","PSSA3.SA","5889827502","9.15084","Brazil"
"2776","Holmen","HOLM-B.ST","5885761715","37.9471","Sweden"
"2777","Brinker International","EAT","5882205696","132.19","United States"
"2778","Eldorado Gold","EGO","5881856000","28.85","Canada"
"2779","Corporación Financiera Alba","ALB.MC","5871019284","97.9515","Spain"
"2780","Nuvalent","NUVL","5868613120","81.39","United States"
"2781","Mirvac Group","MGR.AX","5867738066","1.48706","Australia"
"2782","Alaska Airlines","ALK","5866995712","50.88","United States"
"2783","Mallplaza","MALLPLAZA.SN","5861569560","2.67652","Chile"
"2784","Bank OZK","OZK","5858477056","52.01","United States"
"2785","JFrog","FROG","5847595008","50.09","United States"
"2786","Applied Digital","APLD","5846834176","21.71","United States"
"2787","Ryman Hospitality Properties","RHP","5841336832","92.72","United States"
"2788","RadNet","RDNT","5838698496","75.91","United States"
"2789","Getinge","GETI-B.ST","5833700912","21.4183","Sweden"
"2790","F.N.B. Corporation","FNB","5832490496","16.24","United States"
"2791","Sweco","SWEC-A.ST","5828627841","16.2099","Sweden"
"2792","Axsome Therapeutics","AXSM","5826498048","116.76","United States"
"2793","Sallie Mae","SLM","5818715136","27.91","United States"
"2794","Coforge","COFORGE.NS","5808736379","17.3604","India"
"2795","Bechtle","BC8.F","5791340595","45.963","Germany"
"2796","Aker ASA","AKER.OL","5787329752","77.9131","Norway"
"2797","Land Securities Group","LAND.L","5781446939","7.76056","United Kingdom"
"2798","IOI Corporation Berhad","1961.KL","5778746500","0.9315","Malaysia"
"2799","Comstock Resources","CRK","5776346624","19.71","United States"
"2800","Rohm","6963.T","5773902538","14.9591","Japan"
"2801","Enact Holdings","ACT","5767469568","39.1","United States"
"2802","Global Unichip Corp.","3443.TW","5764008547","41.2056","Taiwan"
"2803","TTM Technologies","TTMI","5762813952","55.78","United States"
"2804","SiteOne Landscape Supply","SITE","5758592000","129.08","United States"
"2805","Mapletree Commercial Trust","N2IU.SI","5758416894","1.09169","Singapore"
"2806","Post Holdings","POST","5754130944","105.93","United States"
"2807","VF Corporation","VFC","5753781248","14.73","United States"
"2808","Graphic Packaging","GPK","5747224576","19.4","United States"
"2809","Fortnox AB","FNOX.ST","5745976981","9.41177","Sweden"
"2810","Beijing New Building Materials","000786.SZ","5745609624","3.37899","China"
"2811","SSAB","SSAB-B.ST","5744466322","5.71226","Sweden"
"2812","Fonterra","FCG.NZ","5742814863","3.57988","New Zealand"
"2813","Ormat Technologies","ORA","5736295936","94.87","United States"
"2814","Fukuoka Financial Group","8354.T","5727392186","30.2927","Japan"
"2815","Dentsu","4324.T","5726716408","22.0608","Japan"
"2816","Strathcona Resources","SCR.TO","5725594744","26.7257","Canada"
"2817","United Tractors","UNTR.JK","5722751896","1.57573","Indonesia"
"2818","Saipem","SPM.MI","5709695588","2.91715","Italy"
"2819","Meiji Holdings","2269.T","5707975622","21.0711","Japan"
"2820","RaiaDrogasil","RADL3.SA","5707446410","3.33184","Brazil"
"2821","Warehouses De Pauw","WDP.BR","5704742740","24.3155","Belgium"
"2822","Avanza Bank","AZA.ST","5704287529","36.2783","Sweden"
"2823","Formosa Chemicals &amp; Fibre","1326.TW","5703640526","0.962012","Taiwan"
"2824","Ypsomed","YPSN.SW","5703625018","417.977","Switzerland"
"2825","Kandenko","1942.T","5702410752","27.8987","Japan"
"2826","Main Street Capital","MAIN","5701187072","63.75","United States"
"2827","Ringkjøbing Landbobank","RILBA.CO","5693266601","230.907","Denmark"
"2828","BRF","BRFS","5691009024","3.38","Brazil"
"2829","Iveco Group","IVG.MI","5690957802","21.3667","Italy"
"2830","Casella Waste Systems","CWST","5687475712","89.58","United States"
"2831","TBS Holdings","9401.T","5685429092","36.612","Japan"
"2832","IDFC FIRST Bank","IDFCFIRSTB.NS","5679921733","0.77397","India"
"2833","Avis Budget Group","CAR","5675656704","161.27","United States"
"2834","Mphasis","MPHASIS.NS","5672587655","29.8169","India"
"2835","Home BancShares","HOMB","5669953024","28.77","United States"
"2836","Itron","ITRI","5667652096","123.97","United States"
"2837","Clearway Energy","CWEN","5663112192","28.54","United States"
"2838","Axiata Group","6888.KL","5660636748","0.61626","Malaysia"
"2839","Canadian Utilities","CU.TO","5657398852","27.5651","Canada"
"2840","Nedbank","NED.JO","5657351200","12.1568","South Africa"
"2841","McDonald's Japan","2702.T","5654757450","42.5301","Japan"
"2842","China Resources Gas Group","1193.HK","5652168332","2.49001","Hong Kong"
"2843","Sulzer","SUN.SW","5639786885","167.191","Switzerland"
"2844","Group 1 Automotive","GPI","5635612160","435.53","United States"
"2845","TG Therapeutics","TGTX","5632629248","35.5","United States"
"2846","Fosun","0656.HK","5626882873","0.689026","China"
"2847","Nomura Real Estate Holdings","3231.T","5626693382","6.55071","Japan"
"2848","Petrovietnam Gas","GAS.VN","5624279818","2.33087","Vietnam"
"2849","Caesars Entertainment","CZR","5624091136","27.04","United States"
"2850","Southwest Gas","SWX","5623741952","78.13","United States"
"2851","Hudbay Minerals","HBM","5622740480","14.16","Canada"
"2852","Li Ning Company","2331.HK","5610753402","2.17892","China"
"2853","CRISPR Therapeutics","CRSP","5608912384","61.67","Switzerland"
"2854","LondonMetric Property","LMP.L","5608494929","2.40457","United Kingdom"
"2855","TMBThanachart Bank (ttb)","TTB.BK","5605658773","0.0590796","Thailand"
"2856","Fertiglobe","FERTIGLB.AE","5605486791","0.68","United Arab Emirates"
"2857","Remgro Limited","REM.JO","5598677300","9.95413","South Africa"
"2858","Thor Industries","THO","5596489216","106.33","United States"
"2859","Edenred","EDEN.PA","5576165799","23.4262","France"
"2860","Centrus Energy","LEU","5559764480","305.35","United States"
"2861","Japan Metropolitan Fund Investment","8953.T","5555462791","772.363","Japan"
"2862","Sojitz Corporation","2768.T","5547748755","26.6683","Japan"
"2863","Nippon Express","9147.T","5536938061","22.5356","Japan"
"2864","JK Cement","JKCEMENT.NS","5534356475","71.6252","India"
"2865","Nissin Foods","2897.T","5530219285","19.2556","Japan"
"2866","Burberry","BRBY.L","5529120104","15.3938","United Kingdom"
"2867","Hang Lung Properties","0101.HK","5525252935","1.09267","Hong Kong"
"2868","Castellum","CAST.ST","5521078781","11.2194","Sweden"
"2869","Upstart","UPST","5518087680","57.35","United States"
"2870","Amorepacific","090430.KS","5516101156","86.8436","South Korea"
"2871","Bill.com","BILL","5506237952","54.18","United States"
"2872","WEX","WEX","5501477888","160.56","United States"
"2873","Metsera","MTSR","5500808192","52.25","United States"
"2874","Trex","TREX","5498975744","51.28","United States"
"2875","China Gas","0384.HK","5497808140","1.00911","China"
"2876","Allegro MicroSystems","ALGM","5497552896","29.71","United States"
"2877","Bath &amp; Body Works","BBWI","5496961024","26.66","United States"
"2878","Temenos","TEMN.SW","5494419159","79.6476","Switzerland"
"2879","Amentum","AMTM","5491927552","22.57","United States"
"2880","Vail Resorts","MTN","5488896512","147.74","United States"
"2881","iRhythm
(ZIO)","IRTC","5487743488","170.81","United States"
"2882","Mirion Technologies","MIR","5477023744","23.76","United States"
"2883","Adtalem Global Education","ATGE","5471739904","152.18","United States"
"2884","Semtech","SMTC","5464157696","62.97","United States"
"2885","The Company for Cooperative Insurance","8010.SR","5454014921","36.4228","Saudi Arabia"
"2886","Zhejiang Supor","002032.SZ","5445916435","6.79584","China"
"2887","Mattel","MAT","5445179904","16.9","United States"
"2888","Spectris","SXS.L","5441037751","54.7662","United Kingdom"
"2889","Bachem","BANB.SW","5422084377","72.3157","Switzerland"
"2890","Beijing Enterprises Holdings","0392.HK","5420713343","4.30898","Hong Kong"
"2891","Yaskawa","6506.T","5419631421","20.8973","Japan"
"2892","New Gold","NGD","5416314368","6.83","Canada"
"2893","Ono Pharmaceutical","4528.T","5412688263","11.5219","Japan"
"2894","Springer Nature AG","SPG.DE","5410916093","27.2057","Germany"
"2895","PTT Oil and Retail Business","OR.BK","5410447691","0.450871","Thailand"
"2896","Credito Emiliano","CE.MI","5404694329","15.9139","Italy"
"2897","CSN Mineração","CMIN3.SA","5402134684","0.994494","Brazil"
"2898","Universal Forest Products","UFPI","5401555968","92.23","United States"
"2899","Lear Corporation","LEA","5397225984","101.44","United States"
"2900","Dar Al Arkan Real Estate Development Company","4300.SR","5393664341","4.99413","Saudi Arabia"
"2901","Omron","6645.T","5393035483","27.3905","Japan"
"2902","ACI Worldwide","ACIW","5392817664","52.26","United States"
"2903","Jiangsu Yuyue Medical Equipment &amp; Supply Co., Ltd.","002223.SZ","5379020978","5.36573","China"
"2904","Enel Chile","ENIC","5374241280","3.84","Chile"
"2905","Mercury NZ","MCY.AX","5371796381","3.73403","New Zealand"
"2906","Moelis &amp; Company","MC","5370661888","72.4","United States"
"2907","eMemory Technology","3529.TWO","5369407364","66.8155","Taiwan"
"2908","MSG Sports","MSGS","5369137152","223.55","United States"
"2909","Hancock Whitney","HWC","5361599488","63.26","United States"
"2910","Kuala Lumpur Kepong","2445.KL","5358446305","4.81157","Malaysia"
"2911","United Internet","UTDI.F","5355410885","30.9619","Germany"
"2912","Bank of Ayudhya","BAY.BK","5352139806","0.727612","Thailand"
"2913","Mineral Resources","MIN.AX","5345704338","27.0488","Australia"
"2914","Charoen Pokphand Foods","CPF.BK","5345373765","0.690299","Thailand"
"2915","Nestle Malaysia","4707.KL","5338085233","22.7637","Malaysia"
"2916","Hoshizaki Corporation","6465.T","5337601969","37.7622","Japan"
"2917","Menora Mivtachim Holdings","MMHD.TA","5331624649","85.4775","Israel"
"2918","SOL S.p.A.","SOL.MI","5327802666","58.7409","Italy"
"2919","Kakao Pay","377300.KS","5321378481","37.6039","South Korea"
"2920","Federal Bank","FEDERALBNK.NS","5320009516","2.1645","India"
"2921","Fuchs Petrolub","FPE.F","5313117864","36.2158","Germany"
"2922","Kalyan Jewellers India","KALYANKJIL.NS","5310676177","5.14325","India"
"2923","West Fraser Timber","WFG","5306419712","66.94","Canada"
"2924","Teleflex","TFX","5302695936","119.99","United States"
"2925","United Breweries","UBL.NS","5302661382","20.0539","India"
"2926","Richter Gedeon","RIG2.F","5302352444","28.996","Hungary"
"2927","Galenica","GALE.SW","5298753653","106.343","Switzerland"
"2928","ESCO Technologies","ESE","5296901632","205.11","United States"
"2929","HUB24 Limited","HUB.AX","5296211227","64.8149","Australia"
"2930","Abu Dhabi Ports","ADPORTS.AE","5294143377","1.04","United Arab Emirates"
"2931","Rumo","RAIL3.SA","5293339139","2.85238","Brazil"
"2932","United Bankshares","UBSI","5290523648","37.35","United States"
"2933","WPP","WPP","5281711616","24.04","United Kingdom"
"2934","De' Longhi","DLG.MI","5279152482","35.3616","Italy"
"2935","Tiantan Bio","600161.SS","5273138202","2.66674","China"
"2936","Firefly Aerospace","FLY","5272482816","35.98","United States"
"2937","Timken Company","TKR","5261529600","75.55","United States"
"2938","Aurubis","NDA.F","5257033914","120.173","Germany"
"2939","ISS A/S","ISS.CO","5235030053","31.5714","Denmark"
"2940","MEG Energy","MEG.TO","5230683576","20.5626","Canada"
"2941","Vopak","VPK.AS","5227948888","45.6354","Netherlands"
"2942","FTI Consulting","FCN","5226491904","161.52","United States"
"2943","NexGen Energy","NXE","5219658752","9.1","Canada"
"2944","Perfect World Entertainment","002624.SZ","5219634011","2.69058","China"
"2945","Atour Lifestyle","ATAT","5217901568","37.76","China"
"2946","Yadea Group","1585.HK","5215077197","1.71614","China"
"2947","Merus","MRUS","5210450944","68.89","Netherlands"
"2948","Azimut Holding","AZM.MI","5210417112","36.6604","Italy"
"2949","Aboitiz Power","ABZPY","5205349888","12.55","Philippines"
"2950","Galicia Financial Group","GGAL","5203749376","29.58","Argentina"
"2951","Contact Energy","CEN.NZ","5203699757","5.23702","New Zealand"
"2952","SFS Group","SFSN.SW","5202277759","133.853","Switzerland"
"2953","Page Industries","PAGEIND.NS","5202166590","465.352","India"
"2954","APL Apollo","APLAPOLLO.NS","5200839172","18.7326","India"
"2955","Badger Meter","BMI","5198003200","176.39","United States"
"2956","Bezeq","BEZQ.TA","5194392590","1.87323","Israel"
"2957","StoneX Group","SNEX","5190775808","99.49","United States"
"2958","Bank of Suzhou","002966.SZ","5190062158","1.16092","China"
"2959","Tata Communications","TATACOMM.NS","5189565362","18.209","India"
"2960","Taiwan High Speed Rail","2633.TW","5183491977","0.916046","Taiwan"
"2961","Turkcell","TKC","5176202752","5.94","Turkey"
"2962","PCCW","0008.HK","5174573706","0.668458","Hong Kong"
"2963","Pepkor","PPH.JO","5171028800","1.4016","South Africa"
"2964","Boot Barn Holdings","BOOT","5169400320","169.18","United States"
"2965","Graham Holdings","GHC","5165575168","1184.8","United States"
"2966","Reply","REY.MI","5160326666","138.427","Italy"
"2967","China Power International Development","2380.HK","5152175788","0.416501","Hong Kong"
"2968","Credit Acceptance","CACC","5152017920","458.46","United States"
"2969","Melisron","MLSR.TA","5149335491","108.196","Israel"
"2970","Meritage Homes","MTH","5148146176","72.35","United States"
"2971","Ricoh Company","7752.T","5147590912","9.04434","Japan"
"2972","Hangzhou Greatstar Industrial","002444.SZ","5146490866","4.30857","China"
"2973","Core Scientific","CORZ","5146132480","16.85","United States"
"2974","Bausch + Lomb","BLCO","5143681536","14.5","Canada"
"2975","Frontline","FRO","5140362752","23.09","Bermuda"
"2976","Acom","8572.T","5135408941","3.27803","Japan"
"2977","Ameris Bancorp","ABCB","5134411264","74.86","United States"
"2978","Presight AI","PRESIGHT.AE","5131147431","0.91","United Arab Emirates"
"2979","Balkrishna Industries","BALKRISIND.NS","5131071335","26.5422","India"
"2980","NKT A/S","NKT.CO","5127872985","95.9369","Denmark"
"2981","Atlantic Union Bankshares","AUB","5126122496","35.97","United States"
"2982","UOL Group","U14.SI","5122467034","6.06234","Singapore"
"2983","Sumitomo Chemical","4005.T","5116695764","3.1249","Japan"
"2984","Oji Holdings","3861.T","5114240700","5.58977","Japan"
"2985","Yamato Holdings","9064.T","5111987231","16.1427","Japan"
"2986","Dukhan Bank","DUBK.QA","5107561629","0.975824","Qatar"
"2987","Impinj","PI","5103786496","175.45","United States"
"2988","Biocon","BIOCON.NS","5103577881","3.82415","India"
"2989","Kilroy Realty","KRC","5094325248","42.65","United States"
"2990","The Commercial Bank (P.S.Q.C.)","CBQK.QA","5092423308","1.25824","Qatar"
"2991","Lazard","LAZ","5091527168","53.96","Bermuda"
"2992","Coway","021240.KS","5091130415","70.9507","South Korea"
"2993","LG Display","LPL","5090000384","5.09","South Korea"
"2994","Altius Telecom Infrastructure Trust","ALTIUSINVIT.BO","5089258405","1.67003","India"
"2995","NuScale Power","SMR","5087948288","38","United States"
"2996","Trina Solar","688599.SS","5087619946","2.33165","China"
"2997","Bank of Changsha","601577.SS","5085934983","1.24364","China"
"2998","Dottikon ES","DESN.SW","5082146193","367.845","Switzerland"
"2999","National Marine Dredging","NMDC.AE","5080946087","6.02","United Arab Emirates"
"3000","Darling Ingredients","DAR","5079349248","32.11","United States"
"3001","Laurus Labs","LAURUSLABS.NS","5069862202","9.39168","India"
"3002","Choice Hotels International","CHH","5064073728","109.45","United States"
"3003","Sealed Air","SEE","5063006208","34.42","United States"
"3004","MSC Industrial Direct","MSM","5062598144","90.93","United States"
"3005","Asia Commercial Joint Stock Bank","ACB.VN","5061704507","0.972143","Vietnam"
"3006","Pilbara Minerals","PLS.AX","5061325482","1.57222","Australia"
"3007","Nomura Real Estate Master Fund","3462.T","5058332126","1088.66","Japan"
"3008","Yanbu National Petrochemical","2290.SR","5048461344","8.97504","Saudi Arabia"
"3009","Grupo Aeroportuario Centro Norte","OMAB","5045119488","104.57","Mexico"
"3010","Dexus","DXS.AX","5044904587","4.69047","Australia"
"3011","Hexcel","HXL","5041929216","63.37","United States"
"3012","Flughafen Wien (Vienna Airport)","FLU.VI","5025021711","59.9111","Austria"
"3013","Radian Group","RDN","5010312192","36.99","United States"
"3014","StoneCo","STNE","5008056832","18.72","Brazil"
"3015","NOV","NOV","5005996544","13.48","United States"
"3016","Voltas","VOLTAS.NS","5003912078","15.1228","India"
"3017","Weatherford International","WFRD","5000434176","69.61","United States"
"3018","Procter &amp; Gamble India","PGHH.NS","4999087154","154.004","India"
"3019","S-OIL","010950.KS","4995561305","43.7056","South Korea"
"3020","Fluidra","FDR.MC","4995064080","26.3047","Spain"
"3021","Nissan Chemical","4021.T","4983313323","36.9531","Japan"
"3022","Fielmann","FIE.F","4983006378","59.326","Germany"
"3023","Taiwan Business Bank","2834.TW","4977566883","0.510556","Taiwan"
"3024","Kite Realty","KRG","4977276928","22.15","United States"
"3025","Hudco","HUDCO.NS","4970809452","2.48305","India"
"3026","Maximus","MMS","4965529600","88.12","United States"
"3027","AirTAC International","1590.TW","4964376088","24.6249","Taiwan"
"3028","Rush Street Interactive","RSI","4961370624","21.72","United States"
"3029","Mobile TeleSystems","MTSS.ME","4960021463","2.48","Russia"
"3030","ABC-Mart","2670.T","4959255277","20.028","Japan"
"3031","Croda International","CRDA.L","4958123221","35.519","United Kingdom"
"3032","TOTVS","TOTS3.SA","4951356804","8.42604","Brazil"
"3033","Tata Investment Corporation","TATAINVEST.NS","4947572610","97.7872","India"
"3034","Riyadh Cables Group Company","4142.SR","4946138889","33.0365","Saudi Arabia"
"3035","Axos Financial","AX","4939713024","87.45","United States"
"3036","XD Inc.","2400.HK","4934749379","10.0976","China"
"3037","Qualys","QLYS","4932862976","136.66","United States"
"3038","Belden","BDC","4917217792","124.11","United States"
"3039","Bank Millennium","MIL.WA","4916377665","4.05614","Poland"
"3040","EVN Group","EVN.F","4913539794","27.5568","Austria"
"3041","SSR Mining","SSRM","4906003968","24.13","Canada"
"3042","Reynolds Consumer","REYN","4904780800","23.32","United States"
"3043","Erdemir","EREGL.IS","4903545072","0.729491","Turkey"
"3044","Xinyi Glass Holdings","0868.HK","4899735058","1.11581","Hong Kong"
"3045","VusionGroup","VU.PA","4893528598","292.3","France"
"3046","Eagers Automotive Limited","APE.AX","4892673384","18.9584","Australia"
"3047","Mapletree Logistics Trust","M44U.SI","4890501589","0.960064","Singapore"
"3048","IG Group","IGG.L","4885840483","14.1004","United Kingdom"
"3049","Zeta Global","ZETA","4884597248","20.52","United States"
"3050","Hikma Pharmaceuticals","HIK.L","4879731111","22.0352","United Kingdom"
"3051","ACEA","ACE.MI","4879698128","22.9581","Italy"
"3052","Vinamilk (Vietnam Dairy Products)","VNM.VN","4879077342","2.31571","Vietnam"
"3053","Frontdoor","FTDR","4877995520","66.96","United States"
"3054","Luzerner Kantonalbank","LUKN.SW","4877032086","98.8858","Switzerland"
"3055","Brink's","BCO","4874487808","117","United States"
"3056","Balchem","BCPC","4870875136","150.08","United States"
"3057","CLEAR Secure","YOU","4869068288","36.63","United States"
"3058","Bucher Industries","BUCN.SW","4862562242","475.629","Switzerland"
"3059","Far Eastern New Century","1402.TW","4858832511","0.902912","Taiwan"
"3060","Nan Ya PCB","8046.TW","4858387098","7.19047","Taiwan"
"3061","Selective Insurance","SIGI","4858288128","79.84","United States"
"3062","Krystal Biotech","KRYS","4857210880","167.82","United States"
"3063","Reece Group","REH.AX","4853874081","7.51392","Australia"
"3064","Nippon Prologis REIT","3283.T","4852567379","578.437","Japan"
"3065","BrightSpring Health Services","BTSG","4852102656","27.39","United States"
"3066","First Financial Bankshares","FFIN","4849558016","34.11","United States"
"3067","Yakult","2267.T","4846184301","16.5306","Japan"
"3068","L&amp;T Technology Services","LTTS.NS","4846115805","45.7686","India"
"3069","Zealand Pharma","ZEAL.CO","4846043317","68.8332","Denmark"
"3070","Beijing Yanjing Brewery","000729.SZ","4844901950","1.71894","China"
"3071","Copa Holdings","CPA","4838627328","117.63","Panama"
"3072","Macy's","M","4833103872","18","United States"
"3073","Dundee Precious Metals","DPM.TO","4823275885","21.7393","Canada"
"3074","NGK Insulators","5333.T","4820157647","16.7914","Japan"
"3075","Magnolia Oil &amp; Gas","MGY","4819975680","25.26","United States"
"3076","Parkland Corp","PKI.TO","4818141889","27.6225","Canada"
"3077","OceanaGold","OGC.TO","4817130959","20.8425","Canada"
"3078","Elang Mahkota Teknologi","EMTK.JK","4813065134","0.078712","Indonesia"
"3079","Flagstar Financial","FLG","4812198400","11.58","United States"
"3080","Azbil Corporation","6845.T","4811631538","9.52916","Japan"
"3081","ONE Gas","OGS","4811269120","80.19","United States"
"3082","Mazda","7261.T","4810214683","7.62667","Japan"
"3083","FAW Car","000800.SZ","4809294034","0.977244","China"
"3084","Ramsay Health Care","RHC.AX","4808639308","20.832","Australia"
"3085","Clicks Group","CLS.JO","4807465000","20.4661","South Africa"
"3086","Arkema","AKE.PA","4806914866","63.7725","France"
"3087","Workiva","WK","4805576704","85.79","United States"
"3088","Persimmon","PSN.L","4802976058","14.9984","United Kingdom"
"3089","Bendigo and Adelaide Bank","BEN.AX","4802010644","8.51621","Australia"
"3090","Interpump Group","IP.MI","4799612306","45.1673","Italy"
"3091","Mitsui Chemicals","4183.T","4798124305","25.6117","Japan"
"3092","New Jersey Resources","NJR","4797111808","47.78","United States"
"3093","C&amp;D International Investment Group","1908.HK","4794321938","2.24448","Hong Kong"
"3094","Qatar Electricity &amp; Water Company","QEWS.QA","4789835255","4.3544","Qatar"
"3095","OneStream","OS","4786467840","19.71","United States"
"3096","Kobe Steel","5406.T","4785610580","12.1605","Japan"
"3097","Howard Hughes Holdings","HHH","4783988224","80.54","United States"
"3098","Camtek","CAMT","4781846528","104.63","Israel"
"3099","Ecopro","086520.KQ","4776819133","34.1273","South Korea"
"3100","Phillips Edison &amp; Company","PECO","4774243840","34.49","United States"
"3101","Cal-Maine Foods","CALM","4773606400","98.43","United States"
"3102","Enphase Energy","ENPH","4772403200","36.5","United States"
"3103","Granite Construction","GVA","4772253184","108.99","United States"
"3104","Charoen Pokphand Indonesia","CPIN.JK","4771749363","0.290996","Indonesia"
"3105","Mabanee Company","MABANEE.KW","4764905402","3222","Kuwait"
"3106","Ampol","ALD.AX","4764480859","19.9934","Australia"
"3107","Oscar Health","OSCR","4762642432","18.42","United States"
"3108","Cousins Properties","CUZ","4762591744","28.35","United States"
"3109","Portland General Electric","POR","4759389184","43.44","United States"
"3110","Jumbo S.A.","5JB.F","4755453655","34.7063","Greece"
"3111","Worley","WOR.AX","4752232437","9.20406","Australia"
"3112","Spire Energy","SR","4751518720","80.5","United States"
"3113","Merit Medical","MMSI","4749372928","80.2","United States"
"3114","Icahn Enterprises","IEP","4747916800","8.28","United States"
"3115","The Marzetti Company","MZTI","4742731264","172.25","United States"
"3116","Dorman Products","DORM","4741968384","155.3","United States"
"3117","Macerich","MAC","4739186176","17.9","United States"
"3118","Trump Media &amp; Technology Group","DJT","4738120704","16.93","United States"
"3119","Just Eat Takeaway","TKWY.AS","4732393285","23.6953","Netherlands"
"3120","Kirby Corporation","KEX","4727933952","84.73","United States"
"3121","Taylor Wimpey","TW.L","4727670374","1.33498","United Kingdom"
"3122","Maire Tecnimont","MAIRE.MI","4726326691","14.5097","Italy"
"3123","The Berkeley Group","BKG.L","4725404021","49.3513","United Kingdom"
"3124","City Developments","C09.SI","4724394732","5.2881","Singapore"
"3125","California Resources Corporation","CRC","4723475456","56.44","United States"
"3126","Tritax Big Box REIT","BBOX.L","4718101598","1.90194","United Kingdom"
"3127","Newmark","NMRK","4714432000","18.98","United States"
"3128","Bruker","BRKR","4709368832","31.04","United States"
"3129","Asbury Automotive Group","ABG","4698892288","239","United States"
"3130","BIG Shopping Centers","BIG.TA","4696020480","190.215","Israel"
"3131","Covivio Hotels","COVH.PA","4695593810","29.7215","France"
"3132","Box","BOX","4689953280","32.37","United States"
"3133","Dalmia Bharat","DALBHARAT.NS","4689382400","24.9986","India"
"3134","Bank of Maharashtra","MAHABANK.NS","4687570234","0.609224","India"
"3135","PTC Therapeutics","PTCT","4686053376","58.99","United States"
"3136","Adecco Group","ADEN.SW","4683812391","27.9738","Switzerland"
"3137","Mapletree Industrial Trust","ME8U.SI","4682217900","1.6414","Singapore"
"3138","DiaSorin","DIA.MI","4679798557","86.754","Italy"
"3139","Yancoal","YAL.AX","4679709892","3.54406","Australia"
"3140","Saudi Investment Bank","1030.SR","4679238555","3.74617","Saudi Arabia"
"3141","TUI","TUI1.F","4678863345","9.22069","Germany"
"3142","Atlas Arteria","ALX.AX","4676123041","3.22306","Australia"
"3143","Q2","QTWO","4674439168","74.86","United States"
"3144","ADES Holding Company","2382.SR","4673339986","4.24488","Saudi Arabia"
"3145","Wynn Macau","1128.HK","4672727219","0.89342","Macau"
"3146","Unite Group (Unite Students)","UTG.L","4661786949","9.52981","United Kingdom"
"3147","Valvoline","VVV","4661300224","36.67","United States"
"3148","Archrock","AROC","4659268096","26.5","United States"
"3149","Spirit AeroSystems","SPR","4655672832","39.65","United States"
"3150","British Land","BLND.L","4655195827","4.65634","United Kingdom"
"3151","Makkah Construction &amp; Development","4100.SR","4652837051","23.2642","Saudi Arabia"
"3152","Qube Holdings","QUB.AX","4648637378","2.62692","Australia"
"3153","Colruyt","COLR.BR","4643583514","38.4741","Belgium"
"3154","Noble Corporation","NE","4642448896","29.23","United Kingdom"
"3155","BellRing Brands","BRBR","4636033536","36.8","United States"
"3156","EnPro Industries","NPO","4635616256","222.03","United States"
"3157","Netwealth","NWL.AX","4630708825","18.8732","Australia"
"3158","abrdn","ABDN.L","4628267926","2.58819","United Kingdom"
"3159","Halkbank","HALKB.IS","4625833163","0.643838","Turkey"
"3160","HASEKO Corporation","1808.T","4623419488","17.206","Japan"
"3161","COSMOS Pharmaceutical","3349.T","4621101157","58.3051","Japan"
"3162","Alfamart","AMRT.JK","4617960718","0.11121","Indonesia"
"3163","Mercury Systems","MRCY","4610788864","76.82","United States"
"3164","Mercury General","MCY","4608887808","83.21","United States"
"3165","Alkermes","ALKS","4604024832","27.89","Ireland"
"3166","Oppein Home Group","603833.SS","4603470649","7.44641","China"
"3167","Hisense Visual Technology","600060.SS","4597949436","3.47574","China"
"3168","Canadian Apartment Properties REIT","CAR-UN.TO","4595334701","29.0216","Canada"
"3169","Argo Investments","ARG.AX","4591404062","6.03341","Australia"
"3170","Ramelius Resources","RMS.AX","4589711595","2.39764","Australia"
"3171","KDX Realty Investment","8972.T","4589107760","1136.14","Japan"
"3172","Glaukos","GKOS","4583410688","79.92","United States"
"3173","easyJet","EZJ.L","4581737194","6.10256","United Kingdom"
"3174","360 One Wam","360ONE.NS","4578674253","11.3043","India"
"3175","Hong Leong Financial Group","1082.KL","4570369666","4.01043","Malaysia"
"3176","Nelnet","NNI","4562960896","126.14","United States"
"3177","Gujarat Fluorochemicals","FLUOROCHEM.NS","4561563501","41.5139","India"
"3178","Laureate Education","LAUR","4559414272","30.94","United States"
"3179","Emmi AG","EMMN.SW","4559363839","852.248","Switzerland"
"3180","CNX Resources","CNX","4557920256","32.23","United States"
"3181","Vallourec","VK.PA","4554472689","19.1435","France"
"3182","Cellebrite","CLBT","4554459136","18.63","Israel"
"3183","Gulf Bank","GBK.KW","4551649616","1142.76","Kuwait"
"3184","Multi Commodity Exchange","MCX.NS","4549438147","89.375","India"
"3185","Silgan Holdings","SLGN","4547210240","42.5","United States"
"3186","Arcosa","ACA","4542539264","92.62","United States"
"3187","Uniqa Insurance Group","UN9.F","4540647910","14.6735","Austria"
"3188","Espressif Systems (Shanghai)","688018.SS","4539398108","27.6208","China"
"3189","Arrowhead Pharmaceuticals","ARWR","4534847488","32.8","United States"
"3190","Intercorp Financial Services","IFS","4533894144","40.16","Peru"
"3191","Parkin PJSC","PARKIN.AE","4532782528","1.51136","United Arab Emirates"
"3192","Cavco Industries","CVCO","4532615168","572.47","United States"
"3193","Krones","KRN.F","4532307990","143.459","Germany"
"3194","GCL Technology","3800.HK","4529744483","0.161972","Hong Kong"
"3195","Arcadis","ARCAD.AS","4528373031","50.5266","Netherlands"
"3196","Qatar International Islamic Bank","QIIK.QA","4520270076","2.98626","Qatar"
"3197","Petronet LNG","PETRONET.NS","4520060056","3.0117","India"
"3198","Masan Group","MSN.VN","4519209715","3.11541","Vietnam"
"3199","Sabra Health Care REIT","SBRA","4515286528","18.83","United States"
"3200","ServisFirst Bancshares","SFBS","4511092736","82.59","United States"
"3201","Cipher Mining","CIFR","4510990848","11.47","United States"
"3202","Container Corporation of India","CONCOR.NS","4510610244","5.92185","India"
"3203","SL Green Realty","SLG","4504680448","59.37","United States"
"3204","Jubilant FoodWorks","JUBLFOOD.NS","4503777554","6.84826","India"
"3205","Acushnet Holdings","GOLF","4503687680","76.78","United States"
"3206","Mesaieed Petrochemical Holding Company","MPHC.QA","4497202508","0.357967","Qatar"
"3207","Sega Sammy Holdings","6460.T","4495894665","21.3854","Japan"
"3208","Iida Group","3291.T","4495834187","16.2698","Japan"
"3209","SAIC","SAIC","4494968832","97.67","United States"
"3210","BGC Group","BGC","4491763712","9.47","United States"
"3211","Sotera Health","SHC","4490776576","15.81","United States"
"3212","Mycronic","MYCR.ST","4481244616","22.9596","Sweden"
"3213","PrairieSky Royalty","PSK.TO","4478316259","19.0201","Canada"
"3214","Kontoor Brands","KTB","4474836992","80.52","United States"
"3215","National Storage","NSA","4467761152","30.37","United States"
"3216","Celanese","CE","4465562112","40.78","United States"
"3217","Crocs","CROX","4463877120","81.73","United States"
"3218","Hesai Group","HSAI","4459254784","28.77","China"
"3219","Estithmar Holding","IGRD.QA","4454238957","1.18956","Qatar"
"3220","Bombardier Recreational Products","DOOO","4450862592","60.71","Canada"
"3221","Johnson Matthey","JMAT.L","4444159150","26.5253","United Kingdom"
"3222","TeraWulf","WULF","4441959424","10.83","United States"
"3223","OPC Energy","OPCE.TA","4441490184","14.9966","Israel"
"3224","Emperador Brandy","EMI.SI","4438968539","0.278728","Philippines"
"3225","TECOM Group","TECOM.AE","4438756172","0.887751","United Arab Emirates"
"3226","Black Hills","BKH","4437692416","60.91","United States"
"3227","Compass","COMP","4432453632","7.95","United States"
"3228","Option Care Health","OPCH","4430654976","27.3","United States"
"3229","Arcellx","ACLX","4422848000","79.75","United States"
"3230","Poonawalla Fincorp","POONAWALLA.NS","4422569518","5.47556","India"
"3231","Logista (Compañía de Distribución Integral Logista)","LOG.MC","4420757175","33.4894","Spain"
"3232","White Mountains Insurance Group","WTM","4418821632","1715.94","Bermuda"
"3233","Ithaca Energy","ITH.L","4416166184","2.68068","United Kingdom"
"3234","Cencosud","CENCOSUD.SN","4413783257","2.96407","Chile"
"3235","Jarir","4190.SR","4412329205","3.67694","Saudi Arabia"
"3236","Vaxcyte","PCVX","4411397632","33.98","United States"
"3237","Mitsui Mining &amp; Smelting","5706.T","4407681538","77.0357","Japan"
"3238","Carl Zeiss Meditec","AFXA.F","4404459866","50.3159","Germany"
"3239","Tomra","TOM.OL","4404352370","14.8907","Norway"
"3240","Escorts Kubota","ESCORTS.NS","4401476882","39.9871","India"
"3241","Sensata Technologies","ST","4398298112","30.2","United States"
"3242","Rush Enterprises","RUSHA","4397350400","56.3","United States"
"3243","Genscript Biotech","1548.HK","4395331697","2.01566","China"
"3244","Victory Capital","VCTR","4390339072","65.74","United States"
"3245","Plains GP","PAGP","4387005952","18.84","United States"
"3246","Haitian International Holdings","1882.HK","4386430291","2.74839","Hong Kong"
"3247","Blue Star","BLUESTARCO.NS","4384798743","21.3279","India"
"3248","Embassy Office Parks REIT","EMBASSY.BO","4382702236","4.62362","India"
"3249","Americana Restaurants International","AMR.AE","4380738839","0.52","United Arab Emirates"
"3250","Sabancı Holding","SAHOL.IS","4380621792","2.11846","Turkey"
"3251","Westports","5246.KL","4380358559","1.27992","Malaysia"
"3252","EPR Properties","EPR","4375945216","57.49","United States"
"3253","NLC India","NLCINDIA.NS","4373754920","3.15422","India"
"3254","TOTO","5332.T","4373582360","26.6014","Japan"
"3255","GLP J-REIT","3281.T","4372919292","911.456","Japan"
"3256","KEI Industries","KEI.NS","4366020399","45.6923","India"
"3257","Brother Industries","6448.T","4365893304","17.2528","Japan"
"3258","Eurazeo","RF.PA","4358527847","64.1236","France"
"3259","International Bancshares Corp","IBOC","4357785088","70.11","United States"
"3260","Bank of Georgia Group","BGEO.L","4357525822","99.6542","United Kingdom"
"3261","BancFirst","BANF","4356524544","130.79","United States"
"3262","Radico Khaitan","RADICO.NS","4354648234","32.5295","India"
"3263","DKSH Holding","DKSH.SW","4340193460","66.8012","Switzerland"
"3264","Bumrungrad Hospital","BH.BK","4338191304","5.45709","Thailand"
"3265","Avnet","AVT","4335054848","51.94","United States"
"3266","Endurance Technologies","ENDURANCE.NS","4333642860","30.8087","India"
"3267","CTF Services Limited","0659.HK","4332026168","1.08367","Hong Kong"
"3268","Whirlpool","WHR","4331257344","77.49","United States"
"3269","Globalstar","GSAT","4330940928","34.19","United States"
"3270","Sonoco","SON","4330890240","43.91","United States"
"3271","Asia Cement","1102.TW","4325928897","1.21975","Taiwan"
"3272","Crinetics Pharmaceuticals","CRNX","4323619840","45.91","United States"
"3273","Associated Banc-Corp","ASB","4321999872","26.06","United States"
"3274","Kingsoft Cloud","KC","4316944896","15.64","China"
"3275","Telephone and Data Systems","TDS","4313649664","37.51","United States"
"3276","Asahi Intecc","7747.T","4313433739","16.1394","Japan"
"3277","Global Business Travel Group","GBTG","4309103616","8.14","United States"
"3278","RAKBANK (The National Bank of Ras Al Khaimah)","RAKBANK.AE","4299352584","2.14","United Arab Emirates"
"3279","Oil &amp; Gas Development Company","OGDC.PK","4291291181","0.997759","Pakistan"
"3280","Türk Telekom","TTKOM.IS","4290448646","1.22584","Turkey"
"3281","Siegfried Holding","SFZN.SW","4289662424","98.0085","Switzerland"
"3282","Silicon Labs","SLAB","4286992128","130.64","United States"
"3283","Grupo Simec","SIMECB.MX","4286599337","9.30596","Mexico"
"3284","Murphy Oil","MUR","4286236672","30.03","United States"
"3285","Bank AlJazira","1020.SR","4285642791","3.35964","Saudi Arabia"
"3286","DFI Retail Group","D01.SI","4277536256","3.16","Hong Kong"
"3287","MISUMI Group","9962.T","4275715951","15.6579","Japan"
"3288","dLocal","DLO","4273386240","14.55","Uruguay"
"3289","Zhongsheng Group","0881.HK","4268993124","1.80355","China"
"3290","AEON Mall Co., Ltd.","8905.T","4267690216","18.7531","Japan"
"3291","Hirose Electric","6806.T","4266659562","127.055","Japan"
"3292","Ultrapar Participacoes","UGP","4265230080","3.94","Brazil"
"3293","Astral Poly Technik","ASTRAL.NS","4262095837","15.4911","India"
"3294","Core Natural Resources","CNR","4261841920","82.8","United States"
"3295","Steadfast Group","SDF.AX","4261375199","3.85195","Australia"
"3296","DMG Mori Aktiengesellschaft","GIL.F","4260930620","53.9434","Germany"
"3297","Jollibee","JBFCF","4258452736","3.8","Philippines"
"3298","Northland Power","NPI.TO","4253331825","16.265","Canada"
"3299","FS KKR Capital","FSK","4248607744","15.17","United States"
"3300","Endeavour Group","EDV.AX","4247197847","2.37144","Australia"
"3301","Grupo Elektra","XEKT.MC","4246891959","20.2434","Mexico"
"3302","Teleperformance","TEP.PA","4239931491","72.923","France"
"3303","Chartwell Retirement Residences","CSH-UN.TO","4235636878","14.5574","Canada"
"3304","Koito Manufacturing","7276.T","4235437481","15.1998","Japan"
"3305","Sumitomo Pharma","4506.T","4232168591","10.6526","Japan"
"3306","Landstar System","LSTR","4231196672","122.1","United States"
"3307","Franklin Electric","FELE","4230488320","95.1","United States"
"3308","Seiko Epson Corporation","6724.T","4227640616","13.1937","Japan"
"3309","ASMPT
 (ASM Pacific Technology)","0522.HK","4221085704","10.1361","Hong Kong"
"3310","Kyushu Railway Company","9142.T","4221008175","27.2835","Japan"
"3311","PLDT","PHI","4215878400","19.04","Philippines"
"3312","Vontobel","VONN.SW","4213616414","74.8223","Switzerland"
"3313","Hagerty","HGTY","4206155776","12.01","United States"
"3314","FMC","FMC","4202025728","33.64","United States"
"3315","Champion Homes","SKY","4199861760","74.31","United States"
"3316","Perseus Mining","PRU.AX","4195762390","3.10514","Australia"
"3317","VakıfBank","VAKBN.IS","4194618847","0.629402","Turkey"
"3318","Protagonist Therapeutics","PTGX","4194287104","67.42","United States"
"3319","Furukawa Electric","5801.T","4193778092","59.5088","Japan"
"3320","AllianceBernstein","AB","4189363712","37.9","United States"
"3321","Warba Bank","WARBABANK.KW","4183016758","929.928","Kuwait"
"3322","EnerSys","ENS","4182807808","111.64","United States"
"3323","The Bidvest Group","BVT.JO","4182094400","12.3043","South Africa"
"3324","Phillips-Van Heusen","PVH","4175834880","86.78","United States"
"3325","LandBridge","LB","4175830784","54.55","United States"
"3326","Frasers Group","FRAS.L","4175055133","9.64374","United Kingdom"
"3327","Balfour Beatty","BBY.L","4174395987","8.52456","United Kingdom"
"3328","Delek Group","DLEKG.TA","4171142704","228.079","Israel"
"3329","Knife River Corporation","KNF","4169349376","73.58","United States"
"3330","Tauron Polska","TPE.WA","4165183742","2.37664","Poland"
"3331","NOF Corporation","4403.T","4165026414","18.1221","Japan"
"3332","GMO Payment Gateway","3769.T","4164678445","54.908","Japan"
"3333","China Airlines","2610.TW","4163461452","0.678005","Taiwan"
"3334","Central Retail Corporation","CRC.BK","4163190213","0.68097","Thailand"
"3335","Unilever Indonesia","UNVR.JK","4163059061","0.109123","Indonesia"
"3336","Toyo Tire","5105.T","4161417882","27.0227","Japan"
"3337","National Aluminum &amp; Alloy","NATIONALUM.NS","4157742217","2.26335","India"
"3338","Brunswick Corporation","BC","4155692288","63.61","United States"
"3339","Algonquin Power & Utilities","AQN","4154625024","5.39","Canada"
"3340","Golar LNG","GLNG","4154403072","40.61","Bermuda"
"3341","Sasa Polyester","SASA.IS","4153513798","0.0947953","Turkey"
"3342","Softcat","SCT.L","4145095364","20.7887","United Kingdom"
"3343","Rayonier","RYN","4130918400","26.45","United States"
"3344","Glanbia plc","GL9.IR","4127784261","16.5223","Ireland"
"3345","1&1","1U1.DE","4125898560","23.4028","Germany"
"3346","Minor International","MINT.BK","4125542929","0.727612","Thailand"
"3347","Webuild S.p.A.","WBD.MI","4122826021","4.14229","Italy"
"3348","Sixt","SIX2.F","4120532925","97.8821","Germany"
"3349","Pepco Group","PCO.WA","4117507330","7.13048","United Kingdom"
"3350","Hualan Biological Engineering","002007.SZ","4112373031","2.25033","China"
"3351","Qatar Fuel Company (WOQOD)","QFLS.QA","4110865042","4.13462","Qatar"
"3352","SkyWest","SKYW","4110506496","101.8","United States"
"3353","Cabot Corporation","CBT","4108915968","77.23","United States"
"3354","MONETA Money Bank","MONET.PR","4107724860","8.0386","Czech Republic"
"3355","KB Home","KBH","4100544000","63.28","United States"
"3356","Saudi Research and Media Group","4210.SR","4099829279","51.2479","Saudi Arabia"
"3357","Cleanaway Waste Management","CWY.AX","4095512353","1.83426","Australia"
"3358","Groupe SEB","SK.PA","4092893552","74.7133","France"
"3359","Harbour Energy","HBR.L","4092513248","2.87905","United Kingdom"
"3360","Persol Holdings","2181.T","4088738006","1.84297","Japan"
"3361","Dun &amp; Bradstreet","DNB","4082629120","9.15","United States"
"3362","CSW Industrials","CSW","4079135232","242.77","United States"
"3363","Aroundtown","AT1.F","4078477152","3.72806","Luxembourg"
"3364","Sunrun","RUN","4077044736","17.67","United States"
"3365","Bilfinger","GBF.F","4075322834","109.525","Germany"
"3366","Nikon","NINOY","4068281856","11.89","Japan"
"3367","Capstone Infrastructure","CSE-PA.TO","4064979273","13.3449","Canada"
"3368","Umicore","UMI.VI","4064724865","16.8968","Belgium"
"3369","Thermax","THERMAX.NS","4064515317","36.0829","India"
"3370","E-L Financial","ELF.TO","4056144289","11.7163","Canada"
"3371","Sensient Technologies","SXT","4054666752","95.48","United States"
"3372","BIPROGY","8056.T","4049354000","41.5137","Japan"
"3373","TransAlta","TAC","4048875008","13.62","Canada"
"3374","Saigon Thuong Tin Commercial Bank","STB.VN","4044035846","2.14137","Vietnam"
"3375","Abercrombie &amp; Fitch","ANF","4042826496","85.89","United States"
"3376","SJVN","SJVN.NS","4037506241","1.02741","India"
"3377","CorVel Corporation","CRVL","4035234560","78.64","United States"
"3378","Federated Hermes","FHI","4030796544","51.97","United States"
"3379","SPS Commerce","SPSC","4030459392","106.32","United States"
"3380","Assured Guaranty","AGO","4028766208","84.65","Bermuda"
"3381","Qifu Technology","QFIN","4026057984","29.75","China"
"3382","Inter &amp; Co","INTR","4021974272","9.14","Brazil"
"3383","Kymera Therapeutics","KYMR","4021740032","56.25","United States"
"3384","Enagás","ENG.MC","4021111704","15.4692","Spain"
"3385","Calix","CALX","4020766976","61.57","United States"
"3386","Indofood","INDF.JK","4018471873","0.457663","Indonesia"
"3387","Kintetsu GHD","9041.T","4017291798","21.1246","Japan"
"3388","Sunrise Communications AG","SNRE","4017001728","55.9","Switzerland"
"3389","Apex Investment","APEX.AE","4005290255","1.13","United Arab Emirates"
"3390","Alm. Brand","ALMB.CO","4003390414","2.8154","Denmark"
"3391","Gentera, S.A.B. de C.V.","GENTERA.MX","4001531031","2.53383","Mexico"
"3392","ATCO","ACO-X.TO","3996583179","35.486","Canada"
"3393","HD Bank (Ho Chi Minh City Development Joint Stock Commercial Bank)","HDB.VN","3993787496","1.14269","Vietnam"
"3394","RioCan REIT","REI-UN.TO","3986396003","13.5171","Canada"
"3395","Bank of East Asia","0023.HK","3985660874","1.51174","Hong Kong"
"3396","AntarChile","ANTARCHILE.SN","3984876865","8.78281","Chile"
"3397","Vertex","VERX","3982070784","24.97","United States"
"3398","NextVision Stabilized Systems","NXSN.TA","3979768182","43.7375","Israel"
"3399","Grupo Aval","AVAL","3979671296","3.32","Colombia"
"3400","OSI Systems","OSIS","3977982208","236.42","United States"
"3401","The a2 Milk Company","A2M.AX","3977607120","5.48313","New Zealand"
"3402","Odakyu Electric Railway","9007.T","3977555440","11.5219","Japan"
"3403","Universal Robina Corporation","UVRBF","3976483072","1.86","Philippines"
"3404","SIG Combibloc","SIGN.SW","3976141115","10.4024","Switzerland"
"3405","Protector Forsikring","PROT.OL","3975989688","48.2319","Norway"
"3406","Vietnam Airlines","HVN.VN","3969675931","1.38336","Vietnam"
"3407","Mueller Water Products","MWA","3966729472","25.38","United States"
"3408","Independence Realty Trust","IRT","3965609984","16.54","United States"
"3409","Sasol","SSL","3958839296","6.28","South Africa"
"3410","Texas Capital Bancshares","TCBI","3958277888","86.51","United States"
"3411","Koei Tecmo","3635.T","3956034849","12.525","Japan"
"3412","Narayana Hrudayalaya","NH.NS","3953320574","19.4649","India"
"3413","Inmobiliaria Colonial","COL.MC","3952973947","6.44161","Spain"
"3414","ITV plc","ITV.L","3951170075","1.0582","United Kingdom"
"3415","Herc Holdings","HRI","3950830592","118.87","United States"
"3416","CCC S.A.","CCC.WA","3950240691","51.2846","Poland"
"3417","Luberef (Saudi Aramco Base Oil Company)","2223.SR","3947964162","23.4642","Saudi Arabia"
"3418","Sydbank A/S","SYDB.CO","3947874219","80.0258","Denmark"
"3419","Commercial Bank of Kuwait","CBK.KW","3947838353","2000.65","Kuwait"
"3420","COSCO SHIPPING Development","601866.SS","3946641609","0.353322","China"
"3421","Sapporo","2501.T","3945360011","50.6015","Japan"
"3422","Metaplanet Inc.","3350.T","3944539612","3.45725","Japan"
"3423","AGL Energy","AGL.AX","3944374580","5.86309","Australia"
"3424","Shake Shack","SHAK","3944329216","92.4","United States"
"3425","Wendel","MF.PA","3943223421","92.8505","France"
"3426","Nahdi Medical Company","4164.SR","3941179452","30.3168","Saudi Arabia"
"3427","Global Health Limited (Medanta)","MEDANTA.NS","3940961535","14.6658","India"
"3428","Amada Co., Ltd.","6113.T","3936893066","12.3846","Japan"
"3429","Marui Group","8252.T","3936834779","21.9338","Japan"
"3430","MoonLake Immunotherapeutics","MLTX","3936451840","61.99","Switzerland"
"3431","Signet Jewelers","SIG","3933138176","96.05","Bermuda"
"3432","Wallenius Wilhelmsen","WAWI.OL","3925814903","9.2854","Norway"
"3433","Ipca Laboratories","IPCALAB.NS","3925471416","15.4726","India"
"3434","Travel + Leisure","TNL","3923197952","60.35","United States"
"3435","Liberty Global","LBTYB","3919058432","12.42","United Kingdom"
"3436","Magnit","MGNT.ME","3914929946","40.07","Russia"
"3437","Paymentus","PAY","3914509824","31.25","United States"
"3438","Indorama Ventures","IVL.BK","3910633348","0.696517","Thailand"
"3439","Becle","CUERVO.MX","3906742613","1.08787","Mexico"
"3440","Verra Mobility","VRRM","3905559040","24.48","United States"
"3441","FLSmidth","FLS.CO","3900473693","69.8521","Denmark"
"3442","Ambu","AMBU-B.CO","3891956078","14.61","Denmark"
"3443","NH Foods (Nipponham)","2282.T","3891898174","39.755","Japan"
"3444","Kerry Properties","0683.HK","3884277620","2.6764","Hong Kong"
"3445","ViaSat","VSAT","3884224256","28.93","United States"
"3446","CNO Financial Group","CNO","3884062720","40.07","United States"
"3447","Vista Oil &amp; Gas","VIST","3884045056","36.17","Mexico"
"3448","Iren","IRE.MI","3882557473","3.02598","Italy"
"3449","TransMedics Group","TMDX","3881869056","113.87","United States"
"3450","Globe Telecom, Inc.","GTMEY","3872038656","23.12","Philippines"
"3451","SAL Saudi Logistics Services","4263.SR","3871587099","48.3948","Saudi Arabia"
"3452","Mitsubishi Motors","7211.T","3869299055","2.89151","Japan"
"3453","Credit Saison","8253.T","3866849688","26.7886","Japan"
"3454","ACC","ACC.NS","3866829857","20.5865","India"
"3455","United Community Bank","UCB","3866532096","31.83","United States"
"3456","Plexus","PLXS","3866388224","143.27","United States"
"3457","Mouwasat Medical Services Company","4002.SR","3866254130","19.3313","Saudi Arabia"
"3458","Energy Fuels","UUUU","3859838976","16.71","United States"
"3459","Rohto Pharmaceutical","4527.T","3857718359","17.0722","Japan"
"3460","Dallah Healthcare","4004.SR","3855949147","37.9959","Saudi Arabia"
"3461","SATS","S58.SI","3854011356","2.59372","Singapore"
"3462","Saudi International Petrochemical Company (Sipchem)","2310.SR","3852033515","5.25277","Saudi Arabia"
"3463","VEON","VEON","3847404544","52.6","Netherlands"
"3464","Allete","ALE","3846003456","66.27","United States"
"3465","M/I Homes","MHO","3845654016","145.72","United States"
"3466","QinetiQ","QQ.L","3843152402","7.15741","United Kingdom"
"3467","Challenger Limited","CGF.AX","3842312000","5.55519","Australia"
"3468","Rubis","RUI.PA","3841331768","37.2572","France"
"3469","Navitas Petroleum","NVPT.TA","3837856146","32.8816","Israel"
"3470","Hilton Grand Vacations","HGV","3832170496","43.49","United States"
"3471","Welcia Holdings","3141.T","3823616114","18.4197","Japan"
"3472","AWL Agri Business","AWL.NS","3822809124","2.9502","India"
"3473","First National of Nebraska","FINN","3820155392","14100","United States"
"3474","China Resources Pharmaceutical Group","3320.HK","3820014317","0.60804","Hong Kong"
"3475","Akero Therapeutics","AKRO","3818673920","47.74","United States"
"3476","Allreal Holding","ALLN.SW","3816646209","231.11","Switzerland"
"3477","CRISIL","CRISIL.NS","3815886584","52.1378","India"
"3478","Thai Life Insurance","TLI.BK","3809546207","0.332711","Thailand"
"3479","Tanger Factory Outlet Centers","SKT","3808305664","33.65","United States"
"3480","Hinge Health","HNGE","3800972032","48.46","United States"
"3481","Lemonade","LMND","3799978496","51.43","United States"
"3482","Takasago Thermal Engineering","1969.T","3797846711","56.9743","Japan"
"3483","Restoration Hardware","RH","3795876608","202.5","United States"
"3484","HASI (Hannon Armstrong)","HASI","3793818368","30.51","United States"
"3485","Bellway","BWY.L","3793592546","31.9805","United Kingdom"
"3486","National Health Investors","NHI","3790731776","79.85","United States"
"3487","Apar Industries","APARINDS.NS","3789476510","94.3399","India"
"3488","Hangzhou EZVIZ Network","688475.SS","3787172519","4.68853","China"
"3489","Tikehau Capital","TKO.PA","3780746101","21.9284","France"
"3490","Air Canada","AC.TO","3777623182","12.7566","Canada"
"3491","PBF Energy","PBF","3774089216","32.62","United States"
"3492","Treasury Wine Estates","TWE.AX","3774076302","4.65116","Australia"
"3493","Rotork","ROR.L","3772408244","4.54375","United Kingdom"
"3494","QL Resources","7084.KL","3770946747","1.03342","Malaysia"
"3495","Innolux","3481.TW","3763784438","0.47159","Taiwan"
"3496","Quantum Computing","QUBT","3762088192","20.145","United States"
"3497","CIE Automotive","CIE.MC","3761317840","31.4182","Spain"
"3498","Tohoku Electric Power","9506.T","3761043545","7.51968","Japan"
"3499","Enlight Renewable Energy","ENLT","3760883200","28.53","Israel"
"3500","Delhivery","DELHIVERY.NS","3759374440","5.02928","India"
"3501","Planet Labs","PL","3756660736","12.2","United States"
"3502","Empresas CMPC","CMPC.SN","3750664071","1.50027","Chile"
"3503","Bank Handlowy w Warszawie","BHW.WA","3750550418","28.7413","Poland"
"3504","St. Galler Kantonalbank","SGKN.SW","3747520209","626.653","Switzerland"
"3505","Metro Brands","METROBRAND.NS","3746096192","13.7552","India"
"3506","Freenet","FNTN.F","3744013426","31.7341","Germany"
"3507","WillScot","WSC","3743463680","20.56","United States"
"3508","JCDecaux","DEC.PA","3740299539","17.5521","France"
"3509","Asseco","ACP.WA","3740287727","54.8498","Poland"
"3510","Melco Resorts &amp; Entertainment","MLCO","3740100864","9.58","Hong Kong"
"3511","Genworth Financial","GNW","3739052800","9.11","United States"
"3512","Shurgard Self Storage","SHUR.BR","3738533660","37.0349","Luxembourg"
"3513","Kingboard Holdings","0148.HK","3738491327","3.37314","Hong Kong"
"3514","Crane NXT","CXT","3736202752","65.07","United States"
"3515","Sharp Corporation","6753.T","3733643860","5.75026","Japan"
"3516","Exide Industries","EXIDEIND.NS","3733406962","4.38722","India"
"3517","Hiab Oyj","HIAB.HE","3733344714","57.8646","Finland"
"3518","Doosan Bobcat","241560.KS","3728235733","38.5972","South Korea"
"3519","Tata Elxsi","TATAELXSI.NS","3727530087","59.8391","India"
"3520","Wacker Chemie","WCH.F","3726139258","75.0058","Germany"
"3521","Schneider","SNDR","3726091264","21.26","United States"
"3522","ZhongAn Insurance","6060.HK","3725210432","2.21105","China"
"3523","ADMA Biologics","ADMA","3725025536","15.61","United States"
"3524","Scholar Rock Holding","SRRK","3724931584","38.75","United States"
"3525","CarGurus","CARG","3722257152","37.5","United States"
"3526","PriceSmart","PSMT","3719375872","120.94","United States"
"3527","KPIT Technologies","KPITTECH.NS","3718757296","13.6852","India"
"3528","Royal Unibrew","RBREW.CO","3717760549","75.2447","Denmark"
"3529","United States Lime &amp; Minerals","USLM","3716839424","129.78","United States"
"3530","Netmarble","251270.KS","3714706237","44.1313","South Korea"
"3531","dormakaba","DOKA.SW","3711024593","892.354","Switzerland"
"3532","TFS Financial","TFSL","3710695936","13.22","United States"
"3533","3M India","3MINDIA.NS","3710140171","328.929","India"
"3534","Whitehaven Coal","WHC.AX","3708144184","4.45463","Australia"
"3535","Alior Bank S.A.","ALR.WA","3702166313","28.3574","Poland"
"3536","Central Bank of India","CENTRALBK.NS","3698347226","0.408594","India"
"3537","Atmus Filtration Technologies","ATMU","3697660672","45.01","United States"
"3538","Hawkins","HWKN","3694625792","176.97","United States"
"3539","ALSOK","2331.T","3691717141","7.59324","Japan"
"3540","Korn Ferry","KFY","3687277312","70.38","United States"
"3541","Argan","AGX","3683961600","266.73","United States"
"3542","ZoomInfo","GTM","3683372032","11.56","United States"
"3543","PTT Global Chemical","PTTGC.BK","3680263914","0.816231","Thailand"
"3544","Zip Co","ZIP.AX","3678430743","2.84966","Australia"
"3545","Boyd Group","BYD.TO","3675953462","171.231","Canada"
"3546","KLCC Property Holdings","5235SS.KL","3675707948","2.02892","Malaysia"
"3547","Computacenter","CCC.L","3674558445","35.0365","United Kingdom"
"3548","Cushman &amp; Wakefield","CWK","3674400256","15.87","United States"
"3549","Golub Capital","GBDC","3673330688","13.79","United States"
"3550","ALSO Holding","ALSN.SW","3670011461","299.54","Switzerland"
"3551","Aurizon Holdings","AZJ.AX","3669453553","2.0963","Australia"
"3552","L.D.C. S.A.","LOUP.PA","3666263238","105.897","France"
"3553","Advance Auto Parts","AAP","3659081728","61","United States"
"3554","Athens International Airport","AIA.AT","3658314237","11.8184","Greece"
"3555","Mirum Pharmaceuticals","MIRM","3655291392","72.76","United States"
"3556","Sime Darby","4197.KL","3650924672","0.535672","Malaysia"
"3557","CVR Energy","CVI","3650266112","36.31","United States"
"3558","Brady Corporation","BRC","3648878080","77.48","United States"
"3559","Pandox AB","PNDX-B.ST","3648872155","18.7503","Sweden"
"3560","Medacta Group","MOVE.SW","3644500015","182.732","Switzerland"
"3561","Eastern Bankshares","EBC","3644031744","18.34","United States"
"3562","CleanSpark","CLSK","3642840832","12.96","United States"
"3563","Gland Pharma","GLAND.NS","3640328333","22.0952","India"
"3564","Sopra Steria Group","SOP.PA","3639734317","187.339","France"
"3565","Mr D.I.Y. Group","5296.KL","3637808782","0.383977","Malaysia"
"3566","Freshworks","FRSH","3637029632","12.48","United States"
"3567","Novanta","NOVT","3634415872","101.03","United States"
"3568","Nisshin Seifun Group","2002.T","3622943148","12.5049","Japan"
"3569","Mainfreight","MFT.NZ","3622333384","35.9721","New Zealand"
"3570","Tobu Railway","9001.T","3611106296","18.4565","Japan"
"3571","Huhtamäki","HUH1V.HE","3608669529","34.3787","Finland"
"3572","DEME Group","DEME.BR","3607264315","142.757","Belgium"
"3573","Sandstorm Gold","SAND","3606756352","12.27","Canada"
"3574","Bank of Qingdao (BQD)","002948.SZ","3604863101","0.667386","China"
"3575","SCHOTT Pharma","1SXP.DE","3604106103","23.9293","Germany"
"3576","Société Foncière Lyonnaise","FLY.PA","3604015038","83.7819","France"
"3577","Zai Lab","ZLAB","3603699712","31.62","China"
"3578","Honeywell Automation India","HONAUT.NS","3601617642","407.353","India"
"3579","Seaboard","SEB","3594499072","3747.42","United States"
"3580","Budimex","BDX.WA","3593224356","140.745","Poland"
"3581","Tenable","TENB","3591676416","29.66","United States"
"3582","Valaris","VAL","3589158656","50.4","United Kingdom"
"3583","Air France-KLM","AF.PA","3586732193","13.6555","France"
"3584","GoTo","GOTO.JK","3586353016","0.00339893","Indonesia"
"3585","Amplifon","AMP.MI","3582412605","16.2883","Italy"
"3586","Santen Pharmaceutical","4536.T","3581929079","10.9335","Japan"
"3587","Broadstone Net Lease","BNL","3579277056","18.12","United States"
"3588","MDU Resources","MDU","3571708672","17.48","United States"
"3589","Brederode","BREB.BR","3566324386","121.694","Luxembourg"
"3590","Kadant","KAI","3564803584","302.68","United States"
"3591","Cranswick","CWK.L","3563561059","66.6148","United Kingdom"
"3592","NorthWestern Corporation","NWE","3562173952","58.02","United States"
"3593","The Bancorp","TBBK","3561775360","77.32","United States"
"3594","Integer Holdings","ITGR","3556033792","101.5","United States"
"3595","Ambarella","AMBA","3555140608","83.28","United States"
"3596","ERG","ERG.MI","3554779223","24.4559","Italy"
"3597","Dubai Investments","DIC.AE","3554735641","0.836011","United Arab Emirates"
"3598","Renasant Corp","RNST","3552772608","37.39","United States"
"3599","Kinaxis","KXS.TO","3552764379","125.679","Canada"
"3600","ACADIA Pharmaceuticals","ACAD","3551392256","21.05","United States"
"3601","Ebos Group","EBO.NZ","3551137919","17.322","New Zealand"
"3602","PUMA","PUM.DE","3550149596","24.1282","Germany"
"3603","Hanwha Solutions","009830.KS","3550013605","20.3628","South Korea"
"3604","Insight Enterprises","NSIT","3548959232","112.77","United States"
"3605","Euronet Worldwide","EEFT","3547046656","89.45","United States"
"3606","B&M European Value Retail","BME.L","3546892647","3.52911","Luxembourg"
"3607","Deliveroo","ROO.L","3543840192","2.40457","United Kingdom"
"3608","Independent Bank Corp (Massachusetts)","INDB","3543530752","70.99","United States"
"3609","National Shipping Company of Saudi Arabia (Bahri)","4030.SR","3543371978","7.19923","Saudi Arabia"
"3610","Codan Limited","CDA.AX","3540783072","19.4694","Australia"
"3611","Pampa Energía","PAM","3538603776","61.88","Argentina"
"3612","RS Group","RS1.L","3538574569","7.55281","United Kingdom"
"3613","Jason Furniture (Kuka Home)","603816.SS","3533520926","4.25249","China"
"3614","CJ Group","001040.KS","3532460338","128.421","South Korea"
"3615","First Pacific Company","0142.HK","3532327590","0.829145","Hong Kong"
"3616","Vidrala","VID.MC","3531101470","105.312","Spain"
"3617","Jungheinrich","JUN3.F","3530454730","34.6595","Germany"
"3618","Kadokawa","9468.T","3527954492","24.0737","Japan"
"3619","Orla Mining","ORLA","3526766848","10.81","Canada"
"3620","Torex Gold Resources","TXG.TO","3521197799","40.8455","Canada"
"3621","Griffon Corporation","GFF","3519833600","75.6","United States"
"3622","Aalberts","AALB.AS","3519439781","32.5766","Netherlands"
"3623","flatexDEGIRO AG","FTK.DE","3518222388","31.9448","Germany"
"3624","HORIBA","6856.T","3517437643","83.7563","Japan"
"3625","Jet2","JET2.L","3516949005","18.3224","United Kingdom"
"3626","China Everbright Environment Group","0257.HK","3514061949","0.572046","Hong Kong"
"3627","Braze","BRZE","3513819136","31.58","United States"
"3628","Powell Industries","POWL","3511706112","290.98","United States"
"3629","Toyo Seikan Group Holdings","5901.T","3511610044","23.1977","Japan"
"3630","Flynas Company","4264.SR","3510062463","20.5445","Saudi Arabia"
"3631","Exponent","EXPO","3509828864","69.5","United States"
"3632","Organo Corporation","6368.T","3507217268","76.3001","Japan"
"3633","LIC Housing Finance","LICHSGFIN.NS","3506596324","6.3749","India"
"3634","Wienerberger","WIB.F","3503761953","32.0852","Austria"
"3635","Harley-Davidson","HOG","3503152896","28.82","United States"
"3636","Hut 8 Mining","HUT","3499305984","33.16","Canada"
"3637","Coty","COTY","3497903104","4.01","United States"
"3638","New India Assurance","NIACL.NS","3494010626","2.12015","India"
"3639","Peloton","PTON","3492494592","8.565","United States"
"3640","Global Power Synergy","GPSC.BK","3485206432","1.21269","Thailand"
"3641","Sundrug","9989.T","3480681589","29.7577","Japan"
"3642","Milaha - Qatar Navigation","QNNS.QA","3480285298","3.06319","Qatar"
"3643","PPB Group Berhad","4065.KL","3479787058","2.39867","Malaysia"
"3644","Bitdeer Technologies Group","BTDR","3475597312","16.25","Singapore"
"3645","Autohome","ATHM","3474599936","29.04","China"
"3646","National Beverage","FIZZ","3472375040","37.09","United States"
"3647","Hercules Capital","HTGC","3471822336","19.11","United States"
"3648","Alignment Healthcare","ALHC","3471491072","17.53","United States"
"3649","J-POWER (Electric Power Development)","9513.T","3471253785","18.9814","Japan"
"3650","Americold","COLD","3468797952","12.14","United States"
"3651","CDSL","CDSL.NS","3461360948","16.5615","India"
"3652","Robert Half","RHI","3461149184","34.02","United States"
"3653","Intapp","INTA","3457253120","42.1","United States"
"3654","Invincible Investment Corporation","8963.T","3456578622","452.05","Japan"
"3655","Otter Tail","OTTR","3454272000","82.43","United States"
"3656","Transocean","RIG","3452352256","3.19","Switzerland"
"3657","Soleno Therapeutics","SLNO","3452299776","64.96","United States"
"3658","Synnex Technology International","2347.TW","3450131577","2.05536","Taiwan"
"3659","Highwoods Properties","HIW","3450014720","31.3","United States"
"3660","Patrick Industries","PATK","3447670784","103.6","United States"
"3661","Aedifica","AED.BR","3441284594","72.373","Belgium"
"3662","Lantheus Holdings","LNTH","3441184000","50.61","United States"
"3663","Dubai Financial Market (DFM)","DFM.AE","3440255496","0.43026","United Arab Emirates"
"3664","eToro","ETOR","3440233728","41.1","Israel"
"3665","Fulton Financial","FULT","3439951104","18.89","United States"
"3666","Silergy","6415.TW","3434310799","8.40529","China"
"3667","Apollo Tyres","APOLLOTYRE.NS","3431719591","5.41519","India"
"3668","Transportadora de Gas del Sur","TGS","3428012544","21.9","Argentina"
"3669","Renishaw","RSW.L","3426748188","47.1129","United Kingdom"
"3670","First Interstate BancSystem","FIBK","3413087232","32.55","United States"
"3671","CommScope","COMM","3411307008","15.4","United States"
"3672","Tutor Perini","TPC","3410905856","64.67","United States"
"3673","Shaftesbury Capital","SHC.L","3408570362","1.87111","United Kingdom"
"3674","Aluminium Bahrain (Alba)","ALBH.BH","3404986701","0","Bahrain"
"3675","ODDITY Tech","ODD","3404967680","60.99","Israel"
"3676","Hindustan Copper","HINDCOPPER.NS","3404187314","3.52027","India"
"3677","Vivendi","VIV.PA","3403316253","3.42031","France"
"3678","VSE Corporation","VSEC","3400840960","164.48","United States"
"3679","NovaGold Resources","NG","3400298496","8.3","Canada"
"3680","Terex","TEX","3398736128","51.81","United States"
"3681","IPG Photonics","IPGP","3396592384","80.45","United States"
"3682","Singapore Land","U06.SI","3394263028","2.36919","Singapore"
"3683","Hapvida","HAPV3.SA","3392760629","6.85283","Brazil"
"3684","Kemira","KEMIRA.HE","3392645193","22.2443","Finland"
"3685","Ebro Foods","EBRO.MC","3392024215","22.0454","Spain"
"3686","Cohen &amp; Steers","CNS","3386688256","66.41","United States"
"3687","Granite REIT","GRP-UN","3381842176","55.76","Canada"
"3688","Envista","NVST","3381798144","20.35","United States"
"3689","Remitly","RELY","3381568768","16.4","United States"
"3690","Technogym","TGYM.MI","3379177185","16.967","Italy"
"3691","COPT Defense Properties","CDP","3378030848","29.29","United States"
"3692","TechnoPro Holdings","6028.T","3375673714","32.3991","Japan"
"3693","Miami International Holdings","MIAX","3367886080","41.23","United States"
"3694","GeneDx Holdings","WGS","3367003392","117.21","United States"
"3695","Warby Parker","WRBY","3366054144","27.6","United States"
"3696","Aspen Insurance","AHL","3365876224","36.65","Bermuda"
"3697","Saudi Industrial Investment Group","2250.SR","3365445128","4.95414","Saudi Arabia"
"3698","Visteon","VC","3361536000","123.24","United States"
"3699","Takashimaya Company","8233.T","3358780360","11.221","Japan"
"3700","Cathay General Bancorp","CATY","3357249024","48.59","United States"
"3701","TMC the metals company","TMC","3356401664","6.36","Canada"
"3702","Laboratorios Farmaceuticos Rovi","ROVI.MC","3354702914","65.5862","Spain"
"3703","Huber+Suhner","HUBN.SW","3353516228","181.729","Switzerland"
"3704","Brembo","BRE.MI","3351985348","10.5371","Italy"
"3705","Warrior Met Coal","HCC","3349718784","63.72","United States"
"3706","Rinnai Corporation","5947.T","3346905381","24.0804","Japan"
"3707","Inchcape","INCH.L","3340005402","9.1143","United Kingdom"
"3708","Sumco Corporation","3436.T","3338311782","9.54588","Japan"
"3709","Trigano","TRI.PA","3333214911","172.712","France"
"3710","Bridgepoint Group plc","BPT.L","3332932187","4.03978","United Kingdom"
"3711","Hankook Tire","161390.KS","3332245292","27.0322","South Korea"
"3712","AZZ","AZZ","3327956224","110.88","United States"
"3713","Mandatum","MANTA.HE","3325821885","6.61596","Finland"
"3714","The Bank of Nagoya","8522.T","3324802139","69.8805","Japan"
"3715","Brickworks Limited","BKW.AX","3320371850","21.6312","Australia"
"3716","Cembra Money Bank","CMBN.SW","3318985794","113.299","Switzerland"
"3717","Academy Sports","ASO","3318612736","49.81","United States"
"3718","NH Hotel Group","NHH.MC","3313494584","7.6059","Spain"
"3719","Polaris","PII","3313318144","58.93","United States"
"3720","Nine Dragons Paper","2689.HK","3311474465","0.705737","China"
"3721","United Bank (Pakistan)","UBL.PK","3311296678","1.32227","Pakistan"
"3722","Telecom Argentina","TEO","3311261184","7.41","Argentina"
"3723","Ligand Pharmaceuticals","LGND","3308611072","169.72","United States"
"3724","SYNLAB","SYAB.VI","3307393271","15.049","Germany"
"3725","Indian Telephone Industries","ITI.NS","3300082240","3.423","India"
"3726","Groupe Lagardère","MMB.PA","3298850521","23.2857","France"
"3727","Socionext","6526.T","3297950703","18.831","Japan"
"3728","Gujarat Gas","GUJGASLTD.NS","3293935074","4.78498","India"
"3729","Amot Investment","AMOT.TA","3291303192","6.67243","Israel"
"3730","Solvay","SOLB.VI","3290661876","31.5001","Belgium"
"3731","Acerinox","ACX.MC","3289804549","13.1992","Spain"
"3732","Cinemark Theatres","CNK","3289605120","28.6","United States"
"3733","Hamamatsu","6965.T","3289467761","11.0104","Japan"
"3734","TriNet","TNET","3283707648","67.58","United States"
"3735","HUGO BOSS","BOSS.DE","3283638502","47.5778","Germany"
"3736","Motor Oil (Hellas) Corinth Refineries","MOH.AT","3283235001","30.3066","Greece"
"3737","Asana","ASAN","3281469952","13.89","United States"
"3738","Offshore Oil Engineering Co.,Ltd","600583.SS","3279302222","0.741696","China"
"3739","Indosat","ISAT.JK","3278928541","0.10167","Indonesia"
"3740","WNS","WNS","3274791424","76.17","India"
"3741","MSI (Micro-Star International)","2377.TW","3273238767","3.74298","Taiwan"
"3742","BlackLine","BL","3270152704","52.84","United States"
"3743","Matson","MATX","3267275264","102.78","United States"
"3744","Maruwa","5344.T","3266084836","264.677","Japan"
"3745","Tegna","TGNA","3263902464","20.27","United States"
"3746","AmTrust Financial Services","AFFS","3262066432","16.5","United States"
"3747","Migdal Insurance and Financial Holdings","MGDL.TA","3260915661","3.08279","Israel"
"3748","Al Rajhi Company for Cooperative Insurance","8230.SR","3260898749","32.609","Saudi Arabia"
"3749","JTEKT Corporation","6473.T","3260021460","10.2413","Japan"
"3750","Telix Pharmaceuticals","TLX.AX","3256245568","9.72814","Australia"
"3751","Kemper","KMPR","3253840640","51.86","United States"
"3752","AvePoint","AVPT","3253076736","15.35","United States"
"3753","Interparfums","IPAR","3251264768","101.23","United States"
"3754","Old Mutual","OMU.JO","3248164600","0.772839","South Africa"
"3755","Greatland Gold","GGP.L","3247434608","4.62417","United Kingdom"
"3756","Signify","LIGHT.AS","3246905228","26.7494","Netherlands"
"3757","Brightstar Lottery","BRSL","3244883712","17.13","United Kingdom"
"3758","SmartCentres REIT","SRU-UN.TO","3243851090","19.0273","Canada"
"3759","Aldrees Petroleum and Transport Services","4200.SR","3242320762","32.4232","Saudi Arabia"
"3760","nCino","NCNO","3240495872","27.98","United States"
"3761","Kodiak Gas Services","KGS","3237641984","37.35","United States"
"3762","Verallia","VRLA.PA","3237533639","27.4748","France"
"3763","Amber Enterprises India","AMBER.NS","3237418493","92.1057","India"
"3764","ScottsMiracle-Gro","SMG","3236247040","56.05","United States"
"3765","AIA Engineering","AIAENG.NS","3232689705","34.6408","India"
"3766","Merdeka Copper Gold","MDKA.JK","3231609688","0.132379","Indonesia"
"3767","Toyoda Gosei","7282.T","3224965587","25.3643","Japan"
"3768","Sacyr","SCYR.MC","3223399120","4.07208","Spain"
"3769","Linamar","LNR.TO","3222222627","53.8747","Canada"
"3770","Sumitomo Rubber Industries","5110.T","3219969783","12.2508","Japan"
"3771","Cofinimmo","COFB.BR","3219611543","84.5425","Belgium"
"3772","Hayward","HAYW","3218092544","14.85","United States"
"3773","Guoco","0053.HK","3214755294","9.76977","Hong Kong"
"3774","Blackstone Mortgage Trust","BXMT","3213670144","18.73","United States"
"3775","LS Corp.","006260.KS","3211239420","115.224","South Korea"
"3776","NewAmsterdam Pharma Company","NAMS","3209911040","28.5","Netherlands"
"3777","Workman","7564.T","3208934048","39.3203","Japan"
"3778","NBCC India","NBCC.NS","3204500004","1.18685","India"
"3779","DigitalOcean","DOCN","3195416064","35.1","United States"
"3780","Indraprastha Gas","IGL.NS","3195228044","2.2823","India"
"3781","Drax Group","DRX.L","3195063516","9.23493","United Kingdom"
"3782","Electrical Industries Company (EIC)","1303.SR","3194759261","2.87169","Saudi Arabia"
"3783","Orange Polska","OPL.WA","3190162078","2.43086","Poland"
"3784","Tecnoglass","TGLS","3187608064","67.84","Colombia"
"3785","Brighthouse Financial","BHF","3185673216","55.74","United States"
"3786","Azelis Group","AZE.BR","3184956884","13.0821","Belgium"
"3787","Vicat S.A.","VCT.PA","3184243043","71.4954","France"
"3788","Powerchip Semiconductor Manufacturing","6770.TW","3183311683","0.756509","Taiwan"
"3789","Gibson Energy","GEI.TO","3173684032","19.3716","Canada"
"3790","SM Energy","SM","3170430464","27.58","United States"
"3791","Douglas Emmett","DEI","3157845248","15.56","United States"
"3792","Melexis NV","MELE.BR","3157663198","79.1013","Belgium"
"3793","Greencoat UK Wind","UKW.L","3156921546","1.44489","United Kingdom"
"3794","Chesapeake Utilities","CPK","3156844032","134.08","United States"
"3795","Community Financial System","CBU","3156624640","59.72","United States"
"3796","Maple Leaf Foods","MFI.TO","3154243101","25.4558","Canada"
"3797","Magnite","MGNI","3152720640","22.14","United States"
"3798","LG Household &amp; Health Care","051905.KS","3151732103","80.529","South Korea"
"3799","Alliance Resource Partners","ARLP","3151623936","24.54","United States"
"3800","Atacadão","CRFB3.SA","3148183004","1.4927","Brazil"
"3801","Green Brick Partners","GRBK","3147578112","72.25","United States"
"3802","CGN Mining Company","1164.HK","3146147781","0.41393","Hong Kong"
"3803","Perimeter Solutions","PRM","3145792000","21.48","United States"
"3804","Viscofan","VIS.MC","3145359861","68.4531","Spain"
"3805","Keio Corporation","9008.T","3144402074","26.588","Japan"
"3806","H.B. Fuller","FUL","3142077440","58.14","United States"
"3807","Gulfport Energy","GPOR","3138982656","178.74","United States"
"3808","First Hawaiian Bank","FHB","3136875264","25.17","United States"
"3809","Mari Petroleum Company","MARI.PK","3134617089","2.61083","Pakistan"
"3810","Acer","2353.TW","3133831410","1.00962","Taiwan"
"3811","Chagee","CHA","3133644800","16.87","China"
"3812","UniFirst","UNF","3129303296","168.76","United States"
"3813","Kamigumi","9364.T","3128790376","30.8878","Japan"
"3814","Zuger Kantonalbank","ZUGER.SW","3128712109","10878.7","Switzerland"
"3815","HEXPOL AB","HPOL-B.ST","3124810018","9.07223","Sweden"
"3816","Hafnia Limited","HAFN","3121897472","6.23","Bermuda"
"3817","Serco Group","SRP.L","3120745006","3.11495","United Kingdom"
"3818","Centessa Pharmaceuticals","CNTA","3118548224","23.26","United Kingdom"
"3819","AAR","AIR","3117952512","86.34","United States"
"3820","Blackbaud","BLKB","3112824576","64.17","United States"
"3821","Lufax","LU","3111412992","3.59","China"
"3822","Cenergy Holdings","CENER.BR","3110405647","14.6501","Belgium"
"3823","PotlatchDeltic","PCH","3105351424","40.18","United States"
"3824","Comgás","CGAS5.SA","3104468008","24.1226","Brazil"
"3825","WesBanco","WSBC","3103351296","32.33","United States"
"3826","Mineralys Therapeutics","MLYS","3102012160","39.99","United States"
"3827","Weibo","WB","3100897024","12.33","China"
"3828","THK Co.","6481.T","3100519893","27.678","Japan"
"3829","Secure Energy Services","SES.TO","3099341011","14.0982","Canada"
"3830","Prestige Consumer Healthcare","PBH","3099016448","62.97","United States"
"3831","VisEra Technologies","6789.TW","3095273307","9.22612","Taiwan"
"3832","Artisan Partners","APAM","3092964096","43.89","United States"
"3833","Bank of Queensland","BOQ.AX","3091449319","4.70357","Australia"
"3834","Outfront Media","OUT","3090310144","18.48","United States"
"3835","Coca-Cola İçecek","CCOLA.IS","3090032952","1.10434","Turkey"
"3836","ID Logistics Group","IDL.PA","3089943620","473.321","France"
"3837","CMB.TECH","CMBT","3089659392","9.93","Belgium"
"3838","Tofaş Türk Otomobil Fabrikası","TOASO.IS","3088665886","6.17733","Turkey"
"3839","Stanley Electric","6923.T","3087465590","20.6967","Japan"
"3840","Palomar Holdings","PLMR","3086258688","115.23","United States"
"3841","Methanex","MEOH","3085650688","39.76","Canada"
"3842","Civitas Resources","CIVI","3084651776","33.29","United States"
"3843","WSFS Financial","WSFS","3083899648","55.1","United States"
"3844","MYR Group","MYRG","3083145216","198.62","United States"
"3845","Silicon Motion","SIMO","3078580736","90.59","Hong Kong"
"3846","Valeo","FR.PA","3077165488","12.5848","France"
"3847","NCsoft","036570.KS","3075300362","155.737","South Korea"
"3848","Mr Price Group","MRP.JO","3074517300","11.8145","South Africa"
"3849","Venture Corporation","V03.SI","3073968681","10.6846","Singapore"
"3850","Virbac SA","VIRP.PA","3073306616","366.838","France"
"3851","MBC Group Co.","4072.SR","3072858922","9.24168","Saudi Arabia"
"3852","MultiChoice Group","MCG.JO","3071299300","7.15899","South Africa"
"3853","Axcelis Technologies","ACLS","3062710528","97.48","United States"
"3854","Amneal Pharmaceuticals","AMRX","3062273024","9.75","United States"
"3855","Petro Rabigh","2380.SR","3060945475","1.8318","Saudi Arabia"
"3856","Buckle","BKE","3058654720","59.79","United States"
"3857","Coca-Cola Bottlers Japan","2579.T","3056842812","18.1388","Japan"
"3858","Primary Health Properties","PHP.L","3055589011","1.18888","United Kingdom"
"3859","Yamaha","7951.T","3054588028","6.73728","Japan"
"3860","Corporación América Airports","CAAP","3052985088","18.72","Luxembourg"
"3861","Avista","AVA","3051386368","37.62","United States"
"3862","Enova International","ENVA","3049787904","121.93","United States"
"3863","Strauss Group","STRS.TA","3049396968","26.1382","Israel"
"3864","AutoStore Holdings","AUTO.OL","3045620192","0.906479","Norway"
"3865","NMI Holdings","NMIH","3045559808","39.26","United States"
"3866","MGE Energy","MGEE","3042474240","83.26","United States"
"3867","Samsonite International","1SO.F","3041633432","2.15364","Luxembourg"
"3868","Genius Sports","GENI","3040125440","12.75","United Kingdom"
"3869","American Eagle Outfitters","AEO","3039632384","17.95","United States"
"3870","Ansell","ANN.AX","3038642715","20.7861","Australia"
"3871","Shufersal","SAE.TA","3038017596","11.392","Israel"
"3872","Nordic Semiconductor","NOD.OL","3035694036","15.4122","Norway"
"3873","Stella-Jones","SJ.TO","3033954564","54.9222","Canada"
"3874","RLX Technology","RLX","3033924608","2.49","China"
"3875","HELLENiQ ENERGY","ELPE.AT","3032747721","9.92277","Greece"
"3876","MDA Ltd.","MDA.TO","3027635885","24.2432","Canada"
"3877","Estun Automation","002747.SZ","3027431212","3.47574","China"
"3878","Home Product Center","HMPRO.BK","3024953328","0.233209","Thailand"
"3879","Titan Cement International","TITC.BR","3022936685","40.6038","Belgium"
"3880","Grindr","GRND","3017888768","15.72","United States"
"3881","SIA Engineering Company","S59.SI","3017571102","2.69437","Singapore"
"3882","Sumitomo Chemical
 India","SUMICHEM.NS","3017477336","6.04202","India"
"3883","Sonae","SON.LS","3016598393","1.55628","Portugal"
"3884","FB Financial","FBK","3015537152","56","United States"
"3885","BBB Foods","TBBB","3013776384","26.26","Mexico"
"3886","Keppel REIT","K71U.SI","3011985038","0.774246","Singapore"
"3887","Banco Macro","BMA","3009031936","45.34","Argentina"
"3888","Dr Lal PathLabs","LALPATHLAB.NS","3008079105","36.0468","India"
"3889","JOYY","JOYY","3007299072","58.55","China"
"3890","Avient","AVNT","3006192384","32.84","United States"
"3891","Clariant","CLN.SW","3005585123","9.1554","Switzerland"
"3892","MITSUI E&amp;S","7003.T","3005582512","29.7912","Japan"
"3893","KIOCL","KIOCL.NS","3005117742","4.94465","India"
"3894","Immofinanz","IMO1.F","3004567052","21.7412","Austria"
"3895","Concentrix","CNXC","3003777280","47.66","United States"
"3896","Husqvarna","HUSQ-A.ST","2999958132","5.26157","Sweden"
"3897","Discovery Silver Corp.","DSV.TO","2999302297","3.73801","Canada"
"3898","Burgan Bank","BURG.KW","2998831979","789.129","Kuwait"
"3899","Kojamo","KOJAMO.HE","2996346355","12.1928","Finland"
"3900","SHB (Saigon - Hanoi Commercial Joint Stock Bank)","SHB.VN","2994588397","0.651886","Vietnam"
"3901","National Bank of Bahrain","NBB.BH","2993382939","2.39788","Bahrain"
"3902","Quilter","QLT.L","2990308803","2.15392","United Kingdom"
"3903","Mobimo Holding","MOBN.SW","2989911143","401.684","Switzerland"
"3904","OPENLANE Corporate","KAR","2986069248","28.09","United States"
"3905","Indivior PLC","INDV","2984494080","23.92","United States"
"3906","Peabody Energy","BTU","2982848000","24.53","United States"
"3907","SES S.A.","SESG.PA","2981586065","7.30166","Luxembourg"
"3908","Carel Industries","CRL.MI","2981468340","26.5036","Italy"
"3909","uniQure","QURE","2979822848","54.31","Netherlands"
"3910","Adaro Energy","ADRO.JK","2979276658","0.101371","Indonesia"
"3911","First Capital REIT","FCR-UN.TO","2978336338","14.0193","Canada"
"3912","Japan Airport Terminal","9706.T","2977619022","32.0848","Japan"
"3913","Leroy Seafood","LSG.OL","2975991290","4.99767","Norway"
"3914","Kenon Holdings","KEN","2972847104","41.93","Singapore"
"3915","USA Compression Partners","USAC","2971405056","24.22","United States"
"3916","Sumitomo Bakelite Company","4203.T","2968241836","33.8168","Japan"
"3917","Breville Group","BRG.AX","2967849868","20.4913","Australia"
"3918","Dätwyler","DAE.SW","2965822329","174.46","Switzerland"
"3919","Wihlborgs Fastigheter AB","WIHL.ST","2960605912","9.63028","Sweden"
"3920","Hirogin Holdings","7337.T","2959587977","9.79999","Japan"
"3921","Taiheiyo Cement","5233.T","2959539113","26.5613","Japan"
"3922","Geo Group","GEO","2958073344","20.9","United States"
"3923","Medical Properties Trust","MPW","2957412096","4.92","United States"
"3924","Star Health and Allied Insurance Company","STARHEALTH.NS","2957138604","5.03097","India"
"3925","Suntec REIT","T82U.SI","2956984816","1.00652","Singapore"
"3926","Plus500","PLUS.L","2954858663","42.0866","Israel"
"3927","Topaz Energy","TPZ.TO","2952371382","19.1994","Canada"
"3928","Tri Pointe Homes","TPH","2951594496","33.73","United States"
"3929","Nichirei Corporation","2871.T","2951301590","11.776","Japan"
"3930","Perrigo","PRGO","2951151616","21.45","Ireland"
"3931","Berner Kantonalbank","BEKN.SW","2950928968","318.966","Switzerland"
"3932","Port of Tauranga","POT.NZ","2950124587","4.33628","New Zealand"
"3933","Scorpio Tankers","STNG","2949251584","57.81","Monaco"
"3934","Banco del Bajío","BBAJIOO.MX","2945152498","2.47506","Mexico"
"3935","Dave Inc.","DAVE","2944071936","218.1","United States"
"3936","Premium Brands","PBH.TO","2941448233","65.8492","Canada"
"3937","Privia Health Group","PRVA","2940609024","23.96","United States"
"3938","Cenomi Centers (Arabian Centres Company)","4321.SR","2937996672","6.18601","Saudi Arabia"
"3939","Lojas Renner","LREN3.SA","2937833357","2.96288","Brazil"
"3940","ORION","271560.KS","2936409783","73.5758","South Korea"
"3941","Dunelm Group","DNLM.L","2935616458","14.5829","United Kingdom"
"3942","Agilysys","AGYS","2934959104","104.66","United States"
"3943","ICU Medical","ICUI","2932909568","118.81","United States"
"3944","BlackBerry","BB","2931641600","4.96","Canada"
"3945","SSI Securities Corporation","SSI.VN","2930937668","1.44021","Vietnam"
"3946","Astra Industrial Group Company","1212.SR","2930887320","36.6361","Saudi Arabia"
"3947","PagSeguro","PAGS","2930390272","10.04","Brazil"
"3948","Xenon Pharmaceuticals","XENE","2928478208","37.98","Canada"
"3949","Kansai Paint","4613.T","2927799023","16.6142","Japan"
"3950","Kardex Holding","KARN.SW","2924238091","379.125","Switzerland"
"3951","Olam","VC2.SI","2921278843","0.774246","Singapore"
"3952","Lion Corp","4912.T","2919322217","10.5523","Japan"
"3953","Vault Minerals","VAU.AX","2918847124","0.429086","Australia"
"3954","LivaNova","LIVN","2917881088","53.44","United Kingdom"
"3955","McGrath RentCorp","MGRC","2915974400","118.48","United States"
"3956","Unibel S.A.","UNBL.PA","2915692559","1370.66","France"
"3957","VGP NV","VGP.BR","2912435811","106.717","Belgium"
"3958","NOK Corporation","7240.T","2906999349","17.8179","Japan"
"3959","VNET Group","VNET","2905479680","10.8","China"
"3960","NHK Spring","5991.T","2903671953","14.3339","Japan"
"3961","LEW (Lechwerke)","LEC.F","2903258634","81.9097","Germany"
"3962","BankUnited","BKU","2902460928","38.59","United States"
"3963","Regis Resources","RRL.AX","2902014684","3.8323","Australia"
"3964","WeRide","WRD","2899349248","10.19","China"
"3965","INFICON","IFCN.SW","2897999928","118.563","Switzerland"
"3966","LLB (Liechtensteinische Landesbank)","LLBN.SW","2896707559","95.3766","Liechtenstein"
"3967","Golden Agri-Resources","E5H.SI","2896524789","0.228402","Singapore"
"3968","Türkiye Kalkınma","KLNMA.IS","2894383640","0.289438","Turkey"
"3969","K92 Mining","KNT.TO","2891239143","11.9387","Canada"
"3970","Penn National Gaming","PENN","2890893312","19.8","United States"
"3971","Loomis AB","LOOMIS.ST","2889084839","42.5178","Sweden"
"3972","TAG Immobilien","TEG.F","2888891061","16.3702","Germany"
"3973","Excelerate Energy","EE","2884767744","25.3","United States"
"3974","Columbia Sportswear","COLM","2883096320","52.64","United States"
"3975","MFE-Mediaforeurope","MFEA.MI","2881949165","3.68359","Italy"
"3976","Growthpoint Properties","GRT.JO","2881282500","0.852947","South Africa"
"3977","Boise Cascade","BCC","2880585984","77.15","United States"
"3978","Piramal Enterprises","PEL.NS","2880581154","12.7848","India"
"3979","Viking Therapeutics","VKTX","2875217664","25.57","United States"
"3980","Pennon Group","PNN.L","2875036915","6.09318","United Kingdom"
"3981","Taiba Investments","4090.SR","2872366093","11.0282","Saudi Arabia"
"3982","Greif","GEF","2866279680","59.39","United States"
"3983","Nifco Inc.","7988.T","2866020559","30.3128","Japan"
"3984","Jamjoom Pharmaceuticals Factory Company","4015.SR","2865027663","40.929","Saudi Arabia"
"3985","Carmila","CARM.PA","2864930228","20.4072","France"
"3986","Sezzle","SEZL","2864435456","84.19","United States"
"3987","Sankyu","9065.T","2863966492","55.5901","Japan"
"3988","Danieli &amp; C. Officine Meccaniche","DAN.MI","2863829961","45.1673","Italy"
"3989","CG Oncology","CGON","2862334464","37.54","United States"
"3990","Genting Malaysia Berhad","4715.KL","2861410452","0.504859","Malaysia"
"3991","DO &amp; CO Aktiengesellschaft","DOC.VI","2859617015","260.356","Austria"
"3992","SJM Holdings","0880.HK","2857483796","0.40236","Hong Kong"
"3993","NCR Atleos Corporation","NATL","2857344256","38.83","United States"
"3994","St. Joe Company","JOE","2857191424","49.34","United States"
"3995","Corem Property Group AB","CORE-PREF.ST","2853245063","26.9988","Sweden"
"3996","Simmons First National","SFNC","2852055552","19.71","United States"
"3997","Apple Hospitality REIT","APLE","2850987776","12.03","United States"
"3998","Barwa Real Estate Company","BRES.QA","2850016973","0.732418","Qatar"
"3999","Tidewater","TDW","2849769472","57.58","United States"
"4000","Cactus Inc","WHD","2848600320","41.54","United States"
"4001","Vodafone Qatar","VFQS.QA","2847418432","0.673626","Qatar"
"4002","United Parks &amp; Resorts","PRKS","2845872896","51.72","United States"
"4003","Deepak Nitrite","DEEPAKNTR.NS","2844798547","20.8574","India"
"4004","Acadia Realty Trust","AKR","2842082304","20.09","United States"
"4005","Walker &amp; Dunlop","WD","2840001792","83.36","United States"
"4006","CBIZ","CBZ","2838558208","52.59","United States"
"4007","Xometry","XMTR","2837484032","55.86","United States"
"4008","NetLink Trust","CJLU.SI","2836179523","0.727791","Singapore"
"4009","DMG Mori","6141.T","2833173674","19.9845","Japan"
"4010","Black Stone Minerals","BSM","2832474368","13.37","United States"
"4011","Immunovant","IMVT","2829162240","16.23","United States"
"4012","Eos Energy Enterprises","EOSE","2825669888","10.12","United States"
"4013","Apellis Pharmaceuticals","APLS","2825105408","22.37","United States"
"4014","Bandhan Bank","BANDHANBNK.NS","2818524174","1.74925","India"
"4015","Almirall","ALM.MC","2817050500","13.1289","Spain"
"4016","Goosehead Insurance","GSHD","2814601728","74.94","United States"
"4017","Şişecam","SISE.IS","2810920273","0.917638","Turkey"
"4018","National Bank of Fujairah","NBF.AE","2810830025","1.09","United Arab Emirates"
"4019","IAC/InterActiveCorp","IAC","2808710912","35.04","United States"
"4020","TowneBank","TOWN","2808567296","35.59","United States"
"4021","Société Industrielle et Financière de l'Artois","ARTO.PA","2803416838","10531.2","France"
"4022","ABM Industries","ABM","2803287808","45.78","United States"
"4023","Kinetik","KNTK","2803237632","45.6","United States"
"4024","Ultragenyx Pharmaceutical","RARE","2802487296","29.08","United States"
"4025","Surgery Partners","SGRY","2801375488","21.85","United States"
"4026","Piramal Pharma","PPLPHARMA.NS","2797816852","2.11687","India"
"4027","Bavarian Nordic","BAVA.CO","2796388325","35.7412","Denmark"
"4028","YETI Holdings","YETI","2794925568","34.41","United States"
"4029","XL Axiata","EXCL.JK","2794765048","0.163387","Indonesia"
"4030","Bakkafrost","BAKKA.OL","2794011481","47.1289","Denmark"
"4031","ReNew Power","RNW","2793322496","7.7","India"
"4032","Altarea","ALTA.PA","2792167935","119.822","France"
"4033","Colbún","COLBUN.SN","2791484919","0.159184","Chile"
"4034","American States Water","AWR","2788439808","72.41","United States"
"4035","AJ Bell","AJB.L","2786492199","6.90275","United Kingdom"
"4036","REV Group","REVG","2781992704","57.01","United States"
"4037","Taiyo Yuden","6976.T","2781743992","22.3016","Japan"
"4038","RingCentral","RNG","2779661568","30.7","United States"
"4039","Bread Financial","BFH","2779422464","59.59","United States"
"4040","Olav Thon","OLT.OL","2777972118","27.3749","Norway"
"4041","Proximus","PROX.VI","2777109588","8.61222","Belgium"
"4042","Garrett Motion","GTX","2775694080","13.77","Switzerland"
"4043","LEENO Industrial","058470.KQ","2773194307","36.2558","South Korea"
"4044","Toho Gas","9533.T","2771527561","29.2963","Japan"
"4045","Bora Pharmaceuticals","6472.TW","2771134565","22.3266","Taiwan"
"4046","Syngene International","SYNGENE.NS","2766004452","6.87704","India"
"4047","Metcash","MTS.AX","2764571444","2.51556","Australia"
"4048","Frasers Logistics &amp; Industrial Trust","BUOU.SI","2764359864","0.731662","Singapore"
"4049","Rémy Cointreau","RCO.PA","2762467622","53.2413","France"
"4050","Megacable Holdings","MEGACPO.MX","2762250413","3.2179","Mexico"
"4051","Plug Power","PLUG","2760422656","2.37","United States"
"4052","HeartFlow","HTFL","2757075200","33.06","United States"
"4053","Bank für Tirol und Vorarlberg","BTS.VI","2756779665","74.3038","Austria"
"4054","CT REIT","CRT-UN.TO","2753902736","11.5943","Canada"
"4055","Muangthai Capital","MTC.BK","2752176538","1.27488","Thailand"
"4056","Coface","COFA.PA","2751693515","18.4297","France"
"4057","Emami","EMAMILTD.NS","2747672772","6.29478","India"
"4058","Olin","OLN","2746811136","23.96","United States"
"4059","AMP Limited","AMP.AX","2744860534","1.08418","Australia"
"4060","Mandarin Oriental","M04.SI","2742466816","2.17","Hong Kong"
"4061","Fuyo General Lease","8424.T","2739239662","30.3663","Japan"
"4062","ALTEN","ATE.PA","2738096399","78.6918","France"
"4063","Vistry Group","VTY.L","2728389517","8.46022","United Kingdom"
"4064","The Cheesecake Factory","CAKE","2727120896","54.75","United States"
"4065","VIAVI Solutions","VIAV","2725832704","12.21","United States"
"4066","Hufvudstaden AB","HUFV-A.ST","2722419084","13.4569","Sweden"
"4067","California Water Service Group","CWT","2721071360","45.67","United States"
"4068","FormFactor","FORM","2720589568","35.28","United States"
"4069","VietJet Aviation","VJC.VN","2719859816","5.02179","Vietnam"
"4070","Natura&Co","NTCO3.SA","2718328169","1.9782","Brazil"
"4071","Synaptics","SYNA","2717504000","69.59","United States"
"4072","Peyto Exploration &amp; Development","PEY.TO","2715524684","13.5315","Canada"
"4073","Catena AB","CATE.ST","2715227226","44.9838","Sweden"
"4074","Resorttrust","4681.T","2714811954","12.7992","Japan"
"4075","The Navigator Company","NVG.LS","2714578908","3.81699","Portugal"
"4076","Lovisa Holdings","LOV.AX","2713311741","24.507","Australia"
"4077","Benefit Systems","BFT.WA","2713075330","828.232","Poland"
"4078","Urban Edge Properties","UE","2712920064","20.08","United States"
"4079","KOBAYASHI Pharmaceutical","4967.T","2710758601","36.4649","Japan"
"4080","Genting Berhad","3182.KL","2710645075","0.703958","Malaysia"
"4081","Rorze Corporation","6323.T","2710344676","14.5947","Japan"
"4082","Worthington Enterprises","WOR","2708768000","54.4","United States"
"4083","Vector Limited","VCT.NZ","2708008508","2.70801","New Zealand"
"4084","ENAV","ENAV.MI","2707450689","5.00117","Italy"
"4085","İsdemir","ISDMR.IS","2707199060","0.933517","Turkey"
"4086","Titan America","TTAM","2706440960","14.68","United States"
"4087","CapitaLand Ascott Trust","HMN.SI","2705922141","0.708435","Singapore"
"4088","Kiniksa Pharmaceuticals","KNSA","2704188672","36.49","Bermuda"
"4089","Sinch","SINCH.ST","2703340862","3.19946","Sweden"
"4090","Northern Oil and Gas","NOG","2699468800","27.66","United States"
"4091","Flowers Foods","FLO","2694634240","12.76","United States"
"4092","WD-40 Company","WDFC","2693780224","199.04","United States"
"4093","ZF Commercial Vehicle Control Systems India","ZFCVINDIA.NS","2692501727","141.953","India"
"4094","BioArctic AB","BIOA-B.ST","2690829507","30.3577","Sweden"
"4095","Extreme Networks","EXTR","2690465536","20.35","United States"
"4096","LXP Industrial Trust","LXP","2690272768","9.07","United States"
"4097","Vale Indonesia","INCO.JK","2689938962","0.255218","Indonesia"
"4098","Seacoast Banking","SBCF","2688354304","30.6","United States"
"4099","HUTCHMED","HCM","2687894272","15.64","Hong Kong"
"4100","Solaris Energy Infrastructure","SEI","2683716096","39.71","United States"
"4101","Inox Wind","INOXWIND.NS","2681808801","1.5511","India"
"4102","Tata Chemicals","TATACHEM.NS","2675744276","10.5032","India"
"4103","Exchange Income Corporation","EIF.TO","2675315058","51.9877","Canada"
"4104","OSB Group Plc","OSB.L","2674370043","7.42548","United Kingdom"
"4105","First Advantage","FA","2674234880","15.37","United States"
"4106","Westgold Resources Limited","WGX.AX","2673395026","2.83","Australia"
"4107","Alkami Technology","ALKT","2672855040","25.68","United States"
"4108","CVB Financial","CVBF","2672283136","19.39","United States"
"4109","Man Group","EMG.L","2672099402","2.3791","Jersey"
"4110","Chugin Financial Group","5832.T","2671740531","15.026","Japan"
"4111","Ramco Cements","RAMCOCEM.NS","2670591009","11.3021","India"
"4112","Concentra Group","CON","2668519168","20.82","United States"
"4113","Zain Saudi Arabia","7030.SR","2667143707","2.96768","Saudi Arabia"
"4114","Tiger Brands","TBS.JO","2666761800","17.6064","South Africa"
"4115","Fortuna Mining","FSM","2666634752","8.67","Canada"
"4116","Park National Corp","PRK","2663183104","165.71","United States"
"4117","Tate &amp; Lyle","TATE.L","2661663545","6.02616","United Kingdom"
"4118","Thule Group AB","THULE.ST","2659322435","24.6603","Sweden"
"4119","Manchester United","MANU","2657128704","15.41","United Kingdom"
"4120","Becamex (Investment and Industrial Development Corporation)","BCM.VN","2655656682","2.56585","Vietnam"
"4121","Organon","OGN","2654248704","10.21","United States"
"4122","Pagaya Technologies","PGY","2653715712","34.64","Israel"
"4123","Mayora","MYOR.JK","2651679756","0.118962","Indonesia"
"4124","EIH Limited","EIHOTEL.NS","2648684914","4.2332","India"
"4125","Pinnacle Investment Management Group","PNI.AX","2645113273","11.6541","Australia"
"4126","Driven Brands","DRVN","2644907264","16.1","United States"
"4127","Multiplan Empreendimentos Imobiliários","MULT3.SA","2644606380","5.41259","Brazil"
"4128","Gek Terna","GEKTERNA.AT","2643504610","26.3515","Greece"
"4129","Burford Capital","BUR","2641055744","12.07","Guernsey"
"4130","Supernus Pharmaceuticals","SUPN","2637117184","47.03","United States"
"4131","Anant Raj","ANANTRAJ.NS","2635244159","7.66974","India"
"4132","Meezan Bank","MEBL.PK","2634934564","1.4634","Pakistan"
"4133","Pegasus Airlines","PGSUS.IS","2634538788","5.26908","Turkey"
"4134","Dexerials Corporation","4980.T","2633456965","15.6713","Japan"
"4135","Alarm.com","ALRM","2630993408","52.72","United States"
"4136","Veracyte","VCYT","2630777600","33.44","United States"
"4137","Braves Group","BATRK","2630622720","41.01","United States"
"4138","SKF India","SKFINDIA.NS","2629242121","53.1827","India"
"4139","Dana","DAN","2628318976","20.04","United States"
"4140","Banc of California","BANC","2628250624","16.68","United States"
"4141","QNB Finans Finansal Kiralama (QNB Finansleasing)","QNBFK.IS","2622508961","1.31125","Turkey"
"4142","Atlanta Braves","BATRA","2621676800","45.3","United States"
"4143","Yuexiu Property","0123.HK","2618360556","0.650461","Hong Kong"
"4144","Boardwalk Real Estate Investment Trust","BEI-UN.TO","2618256844","49.1107","Canada"
"4145","Bank of Hawaii","BOH","2616702208","65.8","United States"
"4146","HBL","HBLENGINE.NS","2613804323","9.42948","India"
"4147","Century Aluminum","CENX","2612561920","27.99","United States"
"4148","Compagnie Financière Tradition","CFT.SW","2611538789","340.899","Switzerland"
"4149","Asahi India Glass","ASAHIINDIA.NS","2608213453","10.2312","India"
"4150","Fabege AB","FABG.ST","2601902910","8.27111","Sweden"
"4151","MARAFIQ (The Power and Water Utility Company for Jubail and Yanbu)","2083.SR","2599722548","10.3989","Saudi Arabia"
"4152","VIB (Vietnam International Commercial Joint Stock Bank)","VIB.VN","2599320749","0.750426","Vietnam"
"4153","Alvotech","ALVO","2598753536","8.34","Iceland"
"4154","Dialog Group","7277.KL","2594645216","0.459825","Malaysia"
"4155","Ola Electric Mobility","OLAELEC.NS","2591915236","0.619718","India"
"4156","TX Group","TXGN.SW","2589604778","244.395","Switzerland"
"4157","Derwent London","DLN.L","2585725649","23.027","United Kingdom"
"4158","Force Motors","FORCEMOT.NS","2582988627","196.026","India"
"4159","Dream Industrial REIT","DIR-UN.TO","2582622300","8.83203","Canada"
"4160","BIC","BB.PA","2580553953","62.6024","France"
"4161","INFRONEER Holdings","5076.T","2577958809","10.3651","Japan"
"4162","Kangwon Land","035250.KS","2576467744","12.7144","South Korea"
"4163","Financière Moncey Société anonyme","FMONC.PA","2574142570","138.076","France"
"4164","Interroll","INRN.SW","2571832945","3101.93","Switzerland"
"4165","Oceaneering International","OII","2571326976","25.66","United States"
"4166","Burckhardt Compression","BCHN.SW","2570696668","760.756","Switzerland"
"4167","Shapir Civil and Marine Engineering","SPEN.TA","2569837626","7.18524","Israel"
"4168","Western Union","WU","2567589888","7.95","United States"
"4169","Ocado","OCDO.L","2565673322","3.10154","United Kingdom"
"4170","Enea","ENA.WA","2565614301","4.84324","Poland"
"4171","Provident Financial Services","PFS","2561539584","19.61","United States"
"4172","DRDGOLD","DRD","2561502976","28.41","South Africa"
"4173","Sonic Automotive","SAH","2561259776","75","United States"
"4174","EQB (Equitable Bank)","EQB.TO","2560962796","66.8465","Canada"
"4175","Bayer Crop Science","BAYERCROP.NS","2560483529","56.9729","India"
"4176","EMEIS","EMEIS.PA","2556637155","15.8554","France"
"4177","Globant","GLOB","2555555584","58.01","Luxembourg"
"4178","Four Corners Property Trust","FCPT","2554152448","24.45","United States"
"4179","Thai Oil","TOP.BK","2552657270","1.14272","Thailand"
"4180","SpareBank 1","SPOL.OL","2550943968","18.7814","Norway"
"4181","Anan Investment Holding","ANAN.AE","2550665181","1.1","United Arab Emirates"
"4182","Cementir","CEM.MI","2547718194","16.3819","Italy"
"4183","Timken India","TIMKEN.NS","2544778398","33.8317","India"
"4184","KEC International","KEC.NS","2542683185","9.54683","India"
"4185","Amicus Therapeutics","FOLD","2539892224","8.24","United States"
"4186","Upwork","UPWK","2539415808","19.15","United States"
"4187","WEBTOON Entertainment","WBTN","2539024896","19.44","United States"
"4188","Fattal Holdings (Leonardo Hotels)","FTAL.TA","2537935512","153.991","Israel"
"4189","MAG Silver","MAG","2536633600","24.47","Canada"
"4190","New World Development Company","0017.HK","2536301812","1.00783","Hong Kong"
"4191","Topsports International","6110.HK","2534983095","0.408788","Hong Kong"
"4192","IGO Limited","IGO.AX","2534974576","3.34753","Australia"
"4193","iQIYI","IQ","2532581888","2.63","China"
"4194","Vincom Retail Joint Stock Company","VRE.VN","2531975027","1.11427","Vietnam"
"4195","Berli Jucker (BJC)","BJC.BK","2529797107","0.631219","Thailand"
"4196","Tuas Limited","TUA.AX","2529465670","4.70357","Australia"
"4197","CA Immo","BZY.F","2527956229","26.3047","Austria"
"4198","Pluxee","PLX.PA","2527889727","17.3766","France"
"4199","TISCO Financial Group","TISCO.BK","2526913349","3.15609","Thailand"
"4200","Huron Consulting","HURN","2526459392","145.98","United States"
"4201","Mivne Real Estate (K.D)","MVNE.TA","2524181379","3.48827","Israel"
"4202","F.I.B.I. Holdings","FIBIH.TA","2524102002","71.1964","Israel"
"4203","Dr. Soliman Abdel Kader Fakeeh","4017.SR","2520531013","10.9588","Saudi Arabia"
"4204","Rathbones Group","RAT.L","2516104888","23.9385","United Kingdom"
"4205","KRUK Spólka Akcyjna","KRU.WA","2515877994","129.665","Poland"
"4206","Walliser Kantonalbank","WKBN.SW","2515487535","160.423","Switzerland"
"4207","Arbor Realty Trust","ABR","2512125696","12.05","United States"
"4208","Sohar International Bank","BKSB.OM","2509397349","0.379221","Oman"
"4209","Hangzhou Shunwang Technology","300113.SZ","2509114889","3.5164","China"
"4210","Hang Lung Group","0010.HK","2508258079","1.84212","Hong Kong"
"4211","DXC Technology","DXC","2507771392","14.01","United States"
"4212","Mercari","4385.T","2507739475","15.2333","Japan"
"4213","Spark New Zealand","NZTCF","2506177792","1.32","New Zealand"
"4214","Ondas Holdings","ONDS","2504366336","7.66","United States"
"4215","Big Yellow Group","BYG.L","2502101714","12.7734","United Kingdom"
"4216","Valiant Holding","VATN.SW","2501807293","158.418","Switzerland"
"4217","GÜBRETAŞ","GUBRF.IS","2499178943","7.48257","Turkey"
"4218","ATS Automation","ATS","2497751808","25.74","Canada"
"4219","Tradegate Exchange","T2G.F","2495818134","102.387","Germany"
"4220","BigBear.ai","BBAI","2494832640","6.73","United States"
"4221","Dentsply Sirona","XRAY","2493548288","12.5","United States"
"4222","China Everbright Limited","0165.HK","2493511036","1.47961","Hong Kong"
"4223","Ceconomy","CEC.DE","2489696421","5.13106","Germany"
"4224","Van Lanschot Kempen","VLK.AS","2489275696","58.7409","Netherlands"
"4225","KWS","KWS.F","2486777404","75.3569","Germany"
"4226","OYAK Çimento","OYAKC.IS","2484443760","0.511028","Turkey"
"4227","Simply Good Foods","SMPL","2484380160","24.71","United States"
"4228","Grupa Kety","KTY.WA","2483758502","252.858","Poland"
"4229","Denison Mines","DNN","2483451392","2.77","Canada"
"4230","Ahli Bank","ABQK.QA","2483162232","0.973352","Qatar"
"4231","Kinnevik","KINV-A.ST","2482321799","9.0244","Sweden"
"4232","AUB Group","AUB.AX","2480681109","21.2774","Australia"
"4233","Clarivate","CLVT","2480488448","3.69","United Kingdom"
"4234","Al Ahli Bank of Kuwait","ABK.KW","2478205624","952.849","Kuwait"
"4235","Gold Road Resources","GOR.AX","2476691098","2.27972","Australia"
"4236","Marex Group","MRX","2475652608","33.96","United Kingdom"
"4237","Sharjah Islamic Bank","SIB.AE","2475632189","0.77","United Arab Emirates"
"4238","Materion","MTRN","2475415552","119.43","United States"
"4239","Zhejiang Jinke Tom Culture Industry","300459.SZ","2474569407","0.680005","China"
"4240","K+S","SDF.F","2466420222","13.6672","Germany"
"4241","Diodes Incorporated","DIOD","2466109184","53.1","United States"
"4242","Calbee, Inc.","2229.T","2464635842","19.727","Japan"
"4243","DOF Group","DOFG.OL","2464601911","10.0074","Norway"
"4244","Standex","SXI","2464214272","203.75","United States"
"4245","Lisi S.A.","FII.PA","2463441893","53.8849","France"
"4246","Forvia SE","FRVIA.PA","2461756595","13.3162","France"
"4247","BFF Bank","BFF.MI","2461062375","13.047","Italy"
"4248","Aspen Pharmacare","APN.JO","2457778900","5.53263","South Africa"
"4249","Bank of Bahrain and Kuwait","BBK.BH","2457456361","1.32095","Bahrain"
"4250","Sheng Siong Group","OV8.SI","2456265348","1.61043","Singapore"
"4251","Landis+Gyr","LAND.SW","2456144779","85.2248","Switzerland"
"4252","Indah Kiat Pulp &amp; Paper","INKP.JK","2454928382","0.448718","Indonesia"
"4253","Clas Ohlson AB","CLAS-B.ST","2453714589","38.6699","Sweden"
"4254","Steve Madden","SHOO","2453107968","33.765","United States"
"4255","Lucky Cement","LUCK.PK","2451879325","1.67364","Pakistan"
"4256","GN Store Nord","GN.CO","2451531801","16.836","Denmark"
"4257","Super Retail Group","SUL.AX","2451323368","10.8549","Australia"
"4258","Exxaro Resources","EXX.JO","2450482500","10.1455","South Africa"
"4259","RXO","RXO","2449969152","14.94","United States"
"4260","Hamilton Insurance Group","HG","2449967104","24.64","Bermuda"
"4261","ComfortDelGro","C52.SI","2449305909","1.1304","Singapore"
"4262","Stadler Rail","SRAIL.SW","2448931995","24.4896","Switzerland"
"4263","Hemnet Group AB","HEM.ST","2447394148","25.8933","Sweden"
"4264","First Financial Bank","FFBC","2445862400","25.82","United States"
"4265","JGC Holdings","1963.T","2439552077","10.0942","Japan"
"4266","WaFd Bank","WAFD","2439401984","30.96","United States"
"4267","Haw Par","H02.SI","2438926807","11.0175","Singapore"
"4268","Athabasca Oil Corporation","ATH.TO","2436565152","4.90748","Canada"
"4269","Gav-Yam Lands","GVYM.TA","2433542373","11.0402","Israel"
"4270","Delek Logistics Partners","DKL","2432604160","45.5","United States"
"4271","Mitsubishi Materials","5711.T","2432476130","18.617","Japan"
"4272","Trustmark","TRMK","2431565568","40.28","United States"
"4273","HCI Group","HCI","2430738944","187.56","United States"
"4274","Dream Finders Homes","DFH","2430713600","26.17","United States"
"4275","Santam","SNT.JO","2430326900","22.2671","South Africa"
"4276","Offcn Education","002607.SZ","2429846092","0.393982","China"
"4277","Embracer Group","EMBRAC-B.ST","2425865814","10.7825","Sweden"
"4278","Hochschild Mining","HOC.L","2425831843","4.71531","United Kingdom"
"4279","Antin Infrastructure Partners","ANTIN.PA","2425406153","13.5736","France"
"4280","Ströer","SAX.F","2424493707","43.4121","Germany"
"4281","Korea Gas","036460.KS","2424265838","27.4579","South Korea"
"4282","ACM Research","ACMR","2424114944","37.77","United States"
"4283","BB Biotech","BION.SW","2423559475","44.367","Switzerland"
"4284","Freshpet","FRPT","2423384064","49.68","United States"
"4285","Rumble","RUM","2419586816","7.14","United States"
"4286","Marriott Vacations Worldwide","VAC","2416984576","69.85","United States"
"4287","Paladin Energy","PDN.AX","2416628617","5.54864","Australia"
"4288","Momentum Metropolitan","MTM.JO","2416507500","1.87591","South Africa"
"4289","Meitetsu","9048.T","2405333696","12.2675","Japan"
"4290","Krungthai Card","KTC.BK","2405162296","0.932836","Thailand"
"4291","Bausch Health","BHC","2404822272","6.48","Canada"
"4292","Saudia Dairy &amp; Foodstuff Company","2270.SR","2404436818","75.1387","Saudi Arabia"
"4293","Sapiens","SPNS","2404286208","43.01","Israel"
"4294","Perdoceo Education","PRDO","2403275008","37","United States"
"4295","Mitie Group PLC","MTO.L","2402845953","1.85771","United Kingdom"
"4296","Marqeta","MQ","2402527744","5.36","United States"
"4297","ImmunityBio","IBRX","2400946688","2.54","United States"
"4298","Aperam","APAM.AS","2400620644","33.2085","Luxembourg"
"4299","Lendlease","LLC.AX","2397925943","3.47199","Australia"
"4300","H&amp;R REIT","HR-UN.TO","2396543422","8.5594","Canada"
"4301","alpataru Projects International","KPIL.NS","2390311148","13.997","India"
"4302","Catalyst Pharmaceuticals","CPRX","2389072640","19.52","United States"
"4303","The Chefs' Warehouse","CHEF","2386245888","58.54","United States"
"4304","Peugeot Invest Société anonyme","PEUG.PA","2385792804","86.7072","France"
"4305","Elecnor","ENO.MC","2383610244","28.1418","Spain"
"4306","Vesta Real Estate","VTMX","2382838272","27.85","Mexico"
"4307","Hornbach Baumarkt","HBM.HM","2381974223","74.8888","Germany"
"4308","Philip Morris ČR","TABAK.PR","2381766543","867.551","Czech Republic"
"4309","Alpha Group International","ALPH.L","2381505357","56.2942","United Kingdom"
"4310","Técnicas Reunidas","TRE.MC","2381474864","30.4938","Spain"
"4311","Itaú CorpBanca","ITCLY","2378989568","3.1","Chile"
"4312","Tarsus Pharmaceuticals","TARS","2376231936","56.29","United States"
"4313","Pacific Premier Bancorp","PPBI","2375319296","24.49","United States"
"4314","Bangkok Expressway and Metro (BEM)","BEM.BK","2375223032","0.158582","Thailand"
"4315","Paramount Resources","POU.TO","2369843962","16.5376","Canada"
"4316","Nishi-Nippon Financial Holdings","7189.T","2369525353","17.0121","Japan"
"4317","nib holdings limited","NHF.AX","2367288788","4.86079","Australia"
"4318","Capri Holdings","CPRI","2364294400","19.86","United Kingdom"
"4319","Devyani International","DEVYANI.NS","2364153034","1.91727","India"
"4320","NuVista Energy","NVA.TO","2364021932","11.9961","Canada"
"4321","C3 AI","AI","2362743808","17.14","United States"
"4322","Chorus","CNU.NZ","2362467481","5.44489","New Zealand"
"4323","Chalet Hotels","CHALET.NS","2360887919","10.792","India"
"4324","Sino-American Silicon Products","5483.TWO","2359328758","3.72657","Taiwan"
"4325","El Al Israel Airlines","ELAL.TA","2357458297","4.28133","Israel"
"4326","Keihan Holdings","9045.T","2357108262","23.3648","Japan"
"4327","Advanced Petrochemical","2330.SR","2357081733","9.0657","Saudi Arabia"
"4328","Sendas Distribuidora (Assaí Atacadista)","ASAI3.SA","2355260301","1.75113","Brazil"
"4329","Ardagh Metal Packaging","AMBP","2354936320","3.94","Luxembourg"
"4330","IDEAYA Biosciences","IDYA","2351480064","26.83","United States"
"4331","Chambal Fertilisers","CHAMBLFERT.NS","2349767187","5.8643","India"
"4332","Asset World Corp","AWC.BK","2349210630","0.0733831","Thailand"
"4333","NV Bekaert","BEKB.BR","2347824614","46.864","Belgium"
"4334","Grafton Group","GFTU.L","2347802589","12.1555","Ireland"
"4335","Cosan","CSAN","2346813952","4.63","Brazil"
"4336","Fairfax India Holdings","FIH-U.TO","2345706240","17.4","Canada"
"4337","Taesa (Transmissora Aliança de Energia Elétrica)","TAEE11.SA","2345307590","6.80788","Brazil"
"4338","Chemours","CC","2344275456","15.66","United States"
"4339","SolarEdge","SEDG","2342335488","39.45","Israel"
"4340","Boston Beer Company","SAM","2341271808","215.02","United States"
"4341","AddLife AB","ALIF-B.ST","2339396989","19.1968","Sweden"
"4342","Redington India","REDINGTON.NS","2336210329","2.98834","India"
"4343","Sekisui House Reit","3309.T","2335850399","536.308","Japan"
"4344","Alamo Group","ALG","2332803328","192.62","United States"
"4345","Anima Holding","ANIM.MI","2332755632","7.17295","Italy"
"4346","Hanesbrands","HBI","2331371776","6.59","United States"
"4347","International Seaways","INSW","2331075584","47.22","United States"
"4348","Sun TV Network","SUNTV.NS","2329039499","5.91","India"
"4349","MVV Energie","MVV1.F","2329025569","35.3382","Germany"
"4350","Peab","PEAB-B.ST","2328254475","8.09964","Sweden"
"4351","PureCycle Technologies","PCT","2325001728","12.91","United States"
"4352","Nagase &amp; Co.","8012.T","2324450262","22.1076","Japan"
"4353","Beam Therapeutics","BEAM","2323691520","22.97","United States"
"4354","Tower Bersama Infrastructure","TBIG.JK","2321117329","0.104055","Indonesia"
"4355","Haemonetics","HAE","2320698368","48.17","United States"
"4356","Patria Investments","PAX","2320244736","14.55","Cayman Islands"
"4357","XTB S.A.","XTB.WA","2319633940","19.7459","Poland"
"4358","Mitsui Fudosan Logistics Park","3471.T","2318840253","720.204","Japan"
"4359","Ninety One Group","N91.L","2318655173","2.69408","South Africa"
"4360","Quaker Houghton","KWR","2318354944","133.28","United States"
"4361","Topcon Corporation","7732.T","2317572402","21.9739","Japan"
"4362","Tecan","TECN.SW","2317530545","182.481","Switzerland"
"4363","Ather Energy","ATHERENERG.NS","2317024886","6.09224","India"
"4364","Österreichische Post","POST.VI","2316045237","34.285","Austria"
"4365","Ermenegildo Zegna","ZGN","2312213504","9.1","Italy"
"4366","CoreCivic","CXW","2307141888","21.55","United States"
"4367","LCI Industries","LCII","2304419328","95.05","United States"
"4368","Punjab &amp; Sind Bank","PSB.NS","2304289253","0.324528","India"
"4369","Customers Bancorp","CUBI","2303514368","67.45","United States"
"4370","Park Hotels &amp; Resorts","PK","2303003648","11.52","United States"
"4371","Premier","PINC","2299443712","27.81","United States"
"4372","NOS","NOS.LS","2299243927","4.49333","Portugal"
"4373","Belite Bio","BLTE","2297681664","69.98","United States"
"4374","Bank Mega","MEGA.JK","2296291651","0.194991","Indonesia"
"4375","DigitalBridge Group","DBRG","2295855360","11.8","United States"
"4376","Fauji Fertilizer Company","FFC.PK","2295620677","1.6131","Pakistan"
"4377","Foot Locker","FL","2294782208","24.01","United States"
"4378","REN (Redes Energéticas Nacionais)","RENE.LS","2293564956","3.45776","Portugal"
"4379","Appian","APPN","2293510144","30.98","United States"
"4380","Sun Art Retail Group Limited","6808.HK","2293227686","0.240388","China"
"4381","Grosvenor Capital Management","GCMG","2293017600","12.27","United States"
"4382","Gelsenwasser","WWG.F","2292739232","666.979","Germany"
"4383","Alony Hetz","ALHE.TA","2292716957","10.6109","Israel"
"4384","Phoenix Group","PHX.AE","2289287137","0.38","United Arab Emirates"
"4385","Adeka Corporation","4401.T","2289129250","22.6292","Japan"
"4386","Perpetua Resources","PPTA","2285191424","21.16","United States"
"4387","Inspire Medical Systems","INSP","2284320000","77.24","United States"
"4388","Payoneer","PAYO","2280797440","6.33","United States"
"4389","Compañía Cervecerías Unidas","CCU","2280441600","11.97","Chile"
"4390","Disc Medicine","IRON","2278883840","65.55","United States"
"4391","Apogee Therapeutics","APGE","2277774848","38.22","United States"
"4392","New Hope Corporation","NHC.AX","2274706174","2.69898","Australia"
"4393","Wesdome Gold Mines","WDO.TO","2274187659","15.0668","Canada"
"4394","Betsson AB","BETS-B.ST","2272920252","16.4863","Sweden"
"4395","Empire State Realty Trust","ESRT","2272350976","7.65","United States"
"4396","The Vita Coco Company","COCO","2270362368","39.955","United States"
"4397","Kosé","4922.T","2269753662","39.7684","Japan"
"4398","OPmobility","OPM.PA","2266756251","15.8671","France"
"4399","Lanxess","LXS.F","2266742771","25.509","Germany"
"4400","Trinity Industries","TRN","2266679552","28.04","United States"
"4401","Galapagos NV","GLPG","2265748992","33.78","Belgium"
"4402","Wolverine World Wide","WWW","2265371392","27.88","United States"
"4403","Acadia Healthcare","ACHC","2265262080","24.53","United States"
"4404","JSW Holdings","JSWHL.NS","2264624595","203.902","India"
"4405","Endeavour Silver","EXK","2263335680","7.8","Canada"
"4406","Agios Pharmaceuticals","AGIO","2261892096","38.93","United States"
"4407","National Mobile Telecommunications Company","OOREDOO.KW","2261300748","4512.12","Kuwait"
"4408","PHINIA","PHIN","2261128192","58.12","United States"
"4409","National Vision Holdings","EYE","2260264960","28.54","United States"
"4410","Seino Holdings","9076.T","2257785336","15.1698","Japan"
"4411","Viohalco","VIO.BR","2256461283","8.70583","Belgium"
"4412","Schneider Electric Infrastructure","SCHNEIDER.NS","2255926679","9.42779","India"
"4413","Travere Therapeutics","TVTX","2255208448","25.3","United States"
"4414","Banner Bank","BANR","2253180416","65.15","United States"
"4415","Helmerich &amp; Payne","HP","2252312064","22.65","United States"
"4416","Toei Company","9605.T","2252212797","36.378","Japan"
"4417","Qatar Aluminium Manufacturing Company","QAMC.QA","2251976937","0.403571","Qatar"
"4418","Nerolac Paints","KANSAINER.NS","2251512182","2.78241","India"
"4419","Hatsun Agro Products","HATSUN.NS","2251084376","10.106","India"
"4420","Grand City Properties","GYC.DE","2250500880","12.7779","Luxembourg"
"4421","InvenTrust Properties","IVT","2249033472","28.98","United States"
"4422","Goodyear","GT","2248325120","7.86","United States"
"4423","National Central Cooling Company","TABREED.AE","2246960026","0.789717","United Arab Emirates"
"4424","Innodata","INOD","2245753088","70.52","United States"
"4425","Power Integrations","POWI","2244945408","40.02","United States"
"4426","Yamada Holdings","9831.T","2244858124","3.32484","Japan"
"4427","Karur Vysya Bank","KARURVYSYA.NS","2242465403","2.32044","India"
"4428","Saudi Ground Services Company","4031.SR","2241723510","11.9241","Saudi Arabia"
"4429","China Railway Materials","000927.SZ","2239520895","0.370147","China"
"4430","Mainova","MNV6.F","2239357422","390.826","Germany"
"4431","IHS Towers","IHS","2237926656","6.67","United Kingdom"
"4432","Mach Natural Resources LP","MNR","2237900544","13.31","United States"
"4433","Südzucker","SZU.F","2236944503","10.9583","Germany"
"4434","Shikun &amp; Binui","SKBN.TA","2236634937","3.93548","Israel"
"4435","Seabridge Gold","SA","2236626432","21.9","Canada"
"4436","Sabeco Brewery (Saigon Beer)","SAB.VN","2231124285","1.73015","Vietnam"
"4437","Ashland","ASH","2229993728","48.79","United States"
"4438","NBT Bancorp","NBTB","2228844288","42.54","United States"
"4439","Money Forward","3994.T","2228585111","40.2766","Japan"
"4440","OneSpaWorld","OSW","2226476032","21.68","Bahamas"
"4441","AEON Financial Service","8570.T","2223176257","10.2982","Japan"
"4442","Premier Foods","PFD.L","2220816869","2.57613","United Kingdom"
"4443","Vaudoise Assurances","VAHN.SW","2220646695","767.023","Switzerland"
"4444","Cedar Fair","FUN","2218018048","21.9","United States"
"4445","Gestamp Automoción","GEST.MC","2213345234","3.88954","Spain"
"4446","Aozora Bank","8304.T","2212102395","15.9856","Japan"
"4447","eClerx Services","ECLERX.NS","2211487754","46.9065","India"
"4448","BillerudKorsnäs","BILL.ST","2211367250","8.89153","Sweden"
"4449","First Merchants Corporation","FRME","2209700352","38.22","United States"
"4450","National Industries Group Holding","NIND.KW","2209462637","887.361","Kuwait"
"4451","SoftwareONE","SWON.SW","2208918642","10.2896","Switzerland"
"4452","First Bancorp","FBNC","2205385728","53.19","United States"
"4453","BASF India","BASF.NS","2205168468","50.8886","India"
"4454","Enerjisa Enerji","ENJSA.IS","2205095747","1.86703","Turkey"
"4455","Star Bulk Carriers","SBLK","2202801664","19.27","Greece"
"4456","Embla Medical","EMBLA.CO","2202710261","5.14172","Iceland"
"4457","Berkshire Hills Bancorp","BHLB","2202032640","26.13","United States"
"4458","Zeon Corporation","4205.T","2201516522","11.3213","Japan"
"4459","EMSTEEL Building Materials PJSC","EMSTEEL.AE","2200833217","0.32","United Arab Emirates"
"4460","Paragon Banking Group","PAG.L","2196661946","11.5202","United Kingdom"
"4461","Enovix","ENVX","2196214272","10.09","United States"
"4462","Tamarack Valley Energy","TVE.TO","2196207384","4.41243","Canada"
"4463","NCC","NCC-B.ST","2195796465","22.4281","Sweden"
"4464","Energix Renewable Energies","ENRG.TA","2195737370","3.98318","Israel"
"4465","Entra","ENTRA.OL","2191578701","12.0329","Norway"
"4466","Boursa Kuwait Securities Company","BOURSA.KW","2189862376","10907","Kuwait"
"4467","Munters Group AB","MTRS.ST","2186733771","11.9794","Sweden"
"4468","Vicor","VICR","2186220544","48.67","United States"
"4469","Castrol India","CASTROLIND.NS","2184035898","2.20805","India"
"4470","Kalmar Oyj","KALMAR.HE","2183131782","39.9719","Finland"
"4471","89bio","ETNB","2182838784","14.7","United States"
"4472","Evertec","EVTC","2182426112","34.11","United States"
"4473","Ocular Therapeutix","OCUL","2180160000","12.53","United States"
"4474","Greggs","GRG.L","2178515002","21.3918","United Kingdom"
"4475","Imerys","NK.PA","2178052821","25.8132","France"
"4476","Enterprise Financial Services Corp","EFSC","2176368896","58.84","United States"
"4477","Aditya Birla Real Estate","ABREL.NS","2175930328","19.6714","India"
"4478","Montana Aerospace","AERO.SW","2175404810","34.9046","Switzerland"
"4479","Fluence Energy","FLNC","2173648640","11.91","United States"
"4480","Solvac","SOLV.BR","2171018962","101.568","Belgium"
"4481","PACS Group","PACS","2169381376","13.98","United States"
"4482","Enerpac Tool Group","EPAC","2168280576","40.2","United States"
"4483","Hill &amp; Smith PLC","HILS.L","2168000226","27.0748","United Kingdom"
"4484","Newell Brands","NWL","2166747136","5.17","United States"
"4485","Skeena Resources","SKE","2161297408","18.75","Canada"
"4486","Inter Cars","CAR.WA","2160387274","152.482","Poland"
"4487","Addus HomeCare","ADUS","2159905536","117.34","United States"
"4488","Paragon REIT","SK6U.SI","2157975318","0.760115","Singapore"
"4489","Bure Equity AB","BURE.ST","2157928680","29.1034","Sweden"
"4490","Activia Properties","3279.T","2153195988","906.106","Japan"
"4491","Batelco (Bahrain Telecommunication Company)","BEYON.BH","2152895468","1.35279","Bahrain"
"4492","Wilh. Wilhelmsen Holding","WWI.OL","2151620864","51.9421","Norway"
"4493","Madison Square Garden","MSGE","2149456896","45.29","United States"
"4494","Patterson-UTI Energy","PTEN","2149234432","5.58","United States"
"4495","Sixth Street Specialty Lending","TSLX","2148679936","22.8","United States"
"4496","Grenergy Renovables","GRE.MC","2145003779","76.059","Spain"
"4497","Höegh Autoliners","HAUTO.OL","2144352704","11.2407","Norway"
"4498","Hilltop Holdings","HTH","2142689792","34.01","United States"
"4499","National Storage REIT","NSR.AX","2142604135","1.52637","Australia"
"4500","SM Entertainment","041510.KQ","2142574923","93.442","South Korea"
"4501","Outokumpu","OUT1V.HE","2140919342","4.52609","Finland"
"4502","Constellium","CSTM","2139133184","15.33","France"
"4503","momo.com Inc.","8454.TW","2139066827","8.0727","Taiwan"
"4504","Veidekke","VEI.OL","2139039997","15.8433","Norway"
"4505","SiriusPoint","SPNT","2139034624","18.32","Bermuda"
"4506","Allied Properties REIT","AP-UN.TO","2137906263","15.2964","Canada"
"4507","First Busey","BUSE","2137581824","24","United States"
"4508","DroneShield","DRO.AX","2137373954","2.4435","Australia"
"4509","Mabuchi Motor","6592.T","2137097616","17.3564","Japan"
"4510","CATRION Catering Holding Company","6004.SR","2136145355","26.0506","Saudi Arabia"
"4511","Kulicke and Soffa Industries","KLIC","2135359360","40.95","Singapore"
"4512","Savers Value Village","SVV","2132672512","13.71","United States"
"4513","Seera Holding Group","1810.SR","2131207471","7.71651","Saudi Arabia"
"4514","TF1","TFI.PA","2131029822","10.11","France"
"4515","Optima bank","OPTIMA.AT","2126207730","9.60683","Greece"
"4516","Crompton Greaves Consumer Electricals","CROMPTON.NS","2126014047","3.3017","India"
"4517","Kajaria Ceramics","KAJARIACER.NS","2125763169","13.3467","India"
"4518","John Wiley &amp; Sons","WLY","2125689216","39.9","United States"
"4519","Banque Cantonale de Genève","BCGE.SW","2124180266","298.287","Switzerland"
"4520","OEM International","OEM-B.ST","2123596197","15.3064","Sweden"
"4521","Alpha Metallurgical Resources","AMR","2123204224","162.65","United States"
"4522","Hub Group","HUBG","2121258496","34.65","United States"
"4523","Sprott Inc","SII","2120313344","81.76","Canada"
"4524","CompoSecure","CMPO","2119237888","20.7","United States"
"4525","Aktieselskabet Schouw & Co.","SCHO.CO","2118172822","92.8017","Denmark"
"4526","TODA corp","1860.T","2117972924","7.02817","Japan"
"4527","Gujarat Mineral Development","GMDCLTD.NS","2115272129","6.64628","India"
"4528","HNI Corporation","HNI","2113238656","46.1","United States"
"4529","NextNav","NN","2112938368","15.73","United States"
"4530","Doha Bank","DHBK.QA","2112406023","0.681319","Qatar"
"4531","Under Armour","UA","2109682048","4.86","United States"
"4532","LifeStance Health Group","LFST","2108035200","5.42","United States"
"4533","Coats Group","COA.L","2108024586","1.10042","United Kingdom"
"4534","SeABank (Southeast Asia Commercial Joint Stock Bank)","SSB.VN","2108020310","0.739056","Vietnam"
"4535","Kayne Anderson Capital Advisors","KYN","2107310336","12.46","United States"
"4536","Arcutis Biotherapeutics","ARQT","2106732160","17.57","United States"
"4537","Omantel (Oman Telecom)","OTEL.OM","2105844208","2.80779","Oman"
"4538","TORM","TRMD","2104450560","21.32","United Kingdom"
"4539","Hertz","HTZ","2104022400","6.77","United States"
"4540","Victoria's Secret &amp; Co","VSCO","2103516160","26.24","United States"
"4541","OVH Groupe","OVH.PA","2101400503","13.9714","France"
"4542","Stock Yards Bancorp","SYBT","2099090688","71.22","United States"
"4543","Teradata","TDC","2096955008","22.19","United States"
"4544","ASGN","ASGN","2096705920","47.87","United States"
"4545","Saudi Kayan Petrochemical Company","2350.SR","2095776345","1.39718","Saudi Arabia"
"4546","TAV Airports Holding","TAVHL.IS","2094210249","5.76471","Turkey"
"4547","Isrotel","ISRO.TA","2094076191","34.9721","Israel"
"4548","Y.H. Dimri Construction &amp; Development","DIMRI.TA","2093769366","101.041","Israel"
"4549","Fuji Oil Holdings","2607.T","2093279419","24.3478","Japan"
"4550","Rasan Information Technology Company","8313.SR","2091432454","26.9838","Saudi Arabia"
"4551","Centerra Gold","CGAU","2091010176","10.26","Canada"
"4552","TietoEVRY","TIETO.HE","2090662043","17.6574","Finland"
"4553","The Foschini Group","TFG.JO","2088853700","6.35273","South Africa"
"4554","ARYZTA AG","ARYN.SW","2087723150","84.4101","Switzerland"
"4555","The Shiga Bank","8366.T","2086209826","45.2719","Japan"
"4556","Helios Towers","HTWS.L","2084836595","1.93813","United Kingdom"
"4557","Reliance Power","RPOWER.NS","2082145098","0.505072","India"
"4558","KFin Technologies","KFINTECH.NS","2081828589","12.0829","India"
"4559","iFAST Corporation","AIY.SI","2081449846","6.73594","Singapore"
"4560","Stewart Information Services","STC","2080850304","74.32","United States"
"4561","Cyfrowy Polsat","CPS.WA","2079682461","3.77641","Poland"
"4562","Sarana Menara Nusantara","TOWR.JK","2079181896","0.0351819","Indonesia"
"4563","H&amp;K AG (Heckler &amp; Koch)","MLHK.PA","2075987726","58.5069","Germany"
"4564","Nickel Industries Limited","NIC.AX","2075914332","0.478218","Australia"
"4565","ARB Corporation Limited","ARB.AX","2073736194","24.887","Australia"
"4566","Mitra Keluarga","MIKA.JK","2073267977","0.149076","Indonesia"
"4567","Stolt-Nielsen Limited","0OHK.L","2071085409","34.4442","United Kingdom"
"4568","Companhia Siderúrgica Nacional","SID","2071063552","1.51","Brazil"
"4569","East India Distilleries Parry","EIDPARRY.NS","2070702496","11.6406","India"
"4570","Formula Systems","FORTY","2070063232","135.01","Israel"
"4571","AvidXchange","AVDX","2068679552","9.96","United States"
"4572","EverCommerce","EVCM","2068390528","11.41","United States"
"4573","Construcciones y Auxiliar de Ferrocarriles","CAF.MC","2067570970","60.3791","Spain"
"4574","Atrium Ljungberg","ATRLJ-B.ST","2066280550","3.27706","Sweden"
"4575","Shangri-La","0069.HK","2063864637","0.579759","Hong Kong"
"4576","Liberty Energy","LBRT","2063315968","12.74","United States"
"4577","African Rainbow Minerals","ARI.JO","2061587300","10.5155","South Africa"
"4578","Ourpalm","300315.SZ","2061372774","0.743098","China"
"4579","Recursion Pharmaceuticals","RXRX","2060509056","4.72","United States"
"4580","SUNeVision","1686.HK","2060461747","0.838143","Hong Kong"
"4581","Hysan Development","0014.HK","2058214742","2.00409","Hong Kong"
"4582","Diebold Nixdorf","DBD","2057706112","56.17","United States"
"4583","First National Financial","FN.TO","2057442193","34.3093","Canada"
"4584","Nankai Electric Railway","9044.T","2053984377","18.7206","Japan"
"4585","Country Garden","2007.HK","2050809233","0.0732733","China"
"4586","Investis Holding","IREN.SW","2048287299","160.423","Switzerland"
"4587","Arion banki","ARION.IC","2048224028","1.48072","Iceland"
"4588","CIMC Enric","3899.HK","2046763702","1.00911","China"
"4589","Believe S.A.","BLV.PA","2046442441","20.3214","France"
"4590","Atkore","ATKR","2044923008","60.76","United States"
"4591","WisdomTree","WT","2044788864","13.9","United States"
"4592","Amano Corporation","6436.T","2044413485","28.8015","Japan"
"4593","Mesoblast","MESO","2042999168","15.86","Australia"
"4594","Baldwin Insurance Group","BWIN","2041034624","28.62","United States"
"4595","Denali Therapeutics","DNLI","2039661184","13.95","United States"
"4596","PROCEPT BioRobotics","PRCT","2039613568","36.66","United States"
"4597","Sanoma","SANOMA.HE","2037995571","12.5205","Finland"
"4598","Vishay Intertechnology","VSH","2037854720","15.03","United States"
"4599","Derayah Financial Company","4084.SR","2034999827","8.35644","Saudi Arabia"
"4600","Genesis Energy  L.P.","GEL","2034132480","16.61","United States"
"4601","Assura Plc","AGR.L","2034074252","0.625938","United Kingdom"
"4602","Strategic Education","STRA","2033207680","85.07","United States"
"4603","Genus","GNS.L","2031703932","30.6938","United Kingdom"
"4604","Vtech","0303.HK","2029416214","8.02792","Hong Kong"
"4605","BKV Corporation","BKV","2028833664","23.95","United States"
"4606","Polestar","PSNY","2026678912","0.9563","Sweden"
"4607","Lionsgate Studios","LION","2026626304","7","United States"
"4608","O-I Glass","OI","2026063360","13.15","United States"
"4609","Celulosa Argentina","CELU.BA","2024080297","0.200527","Argentina"
"4610","Energean","ENOG.L","2022921089","10.9774","United Kingdom"
"4611","BBVA Argentina","BBAR","2022111104","8.84","Argentina"
"4612","Neuland Laboratories","NEULANDLAB.NS","2021893444","157.592","India"
"4613","National Medical Care Company","4005.SR","2020964196","45.2218","Saudi Arabia"
"4614","Pakistan Petroleum","PPL.PK","2020886456","0.742709","Pakistan"
"4615","Amara Raja Energy &amp; Mobility","ARE&M.NS","2019307382","11.0329","India"
"4616","Alembic Pharmaceuticals","APLLTD.NS","2018176119","10.2673","India"
"4617","ANI Pharmaceuticals","ANIP","2018140288","93.05","United States"
"4618","Dermapharm","DMP.F","2016007460","37.4444","Germany"
"4619","The Tel-Aviv Stock Exchange","TASE.TA","2015619033","22.0626","Israel"
"4620","Boralex","BLX.TO","2014861730","19.6084","Canada"
"4621","DCM Shriram","DCMSHRIRAM.NS","2014626477","13.0172","India"
"4622","Aktor","AKTR.AT","2014424909","9.87596","Greece"
"4623","Adaptive Biotechnologies","ADPT","2013061248","13.22","United States"
"4624","Robertet","CBE.PA","2011323163","826.937","France"
"4625","IIFL Finance","IIFL.NS","2011033944","4.73195","India"
"4626","Ingevity","NGVT","2009656960","55.11","United States"
"4627","goeasy","GSY.TO","2006924351","124.847","Canada"
"4628","Gabriel India","GABRIEL.NS","2006162061","13.9662","India"
"4629","Fletcher Building","FBU.NZ","2004687706","1.865","New Zealand"
"4630","Knowles","KN","2004616832","23.34","United States"
"4631","LOTTE Chemical","011170.KS","2004497505","47.5369","South Korea"
"4632","Atul","ATUL.NS","2003956846","68.0651","India"
"4633","CenturyPly","CENTURYPLY.NS","2002718169","9.01423","India"
"4634","Redefine Properties","RDF.JO","2002141000","0.288158","South Africa"
"4635","Adient","ADNT","2001899648","24.64","Ireland"
"4636","Austal Limited","ASB.AX","2000363725","4.74943","Australia"
"4637","National Industrialization Company (Saudi Arabia)","2060.SR","1999393548","2.98901","Saudi Arabia"
"4638","Atoss","AOF.F","1999270854","123.333","Germany"
"4639","Vossloh AG","VOS.DE","1998526458","103.44","Germany"
"4640","Hotel Properties Limited","H15.SI","1998377191","3.77058","Singapore"
"4641","Aixtron","AIXA.F","1998276330","17.5813","Germany"
"4642","Efes Beverage Group","AEFES.IS","1997273122","0.337317","Turkey"
"4643","Crombie Real Estate Investment Trust","CRR-UN.TO","1995192862","10.7477","Canada"
"4644","Bravida Holding","BRAV.ST","1994990883","9.75251","Sweden"
"4645","Nicolet Bankshares","NIC","1993348608","134.17","United States"
"4646","Koza Gold","KOZAL.IS","1991004051","0.621703","Turkey"
"4647","TripAdvisor","TRIP","1990529664","17.14","United States"
"4648","OFG Bancorp","OFG","1989116800","44.68","United States"
"4649","Viva Energy","VEA.AX","1988693379","1.23158","Australia"
"4650","Hudson Pacific Properties","HPP","1988547840","2.59","United States"
"4651","WK Kellogg","KLG","1987576960","23","United States"
"4652","Basic-Fit","BFIT.AS","1987434074","30.4002","Netherlands"
"4653","Zensar","ZENSARTECH.NS","1986513500","8.73833","India"
"4654","Yelp","YELP","1985149440","31.48","United States"
"4655","Morinaga Milk Industry","2264.T","1983950203","24.1004","Japan"
"4656","Telecom Plus PLC","TEP.L","1980999749","24.8231","United Kingdom"
"4657","Brookdale Senior Living","BKD","1980670336","8.34","United States"
"4658","Mitchells &amp; Butlers plc","MAB.L","1980250532","3.33744","United Kingdom"
"4659","DHT Holdings","DHT","1979440768","12.31","Bermuda"
"4660","Cogent Biosciences","COGT","1978163328","14.16","United States"
"4661","BEML","BEML.NS","1977333794","47.4775","India"
"4662","Carborundum Universal","CARBORUNIV.NS","1976776390","10.3802","India"
"4663","Atlas Energy Solutions","AESI","1975366400","11.9","United States"
"4664","Insignia Financial (IOOF)","IFL.AX","1972853075","2.94137","Australia"
"4665","Delek US","DK","1972397568","32.79","United States"
"4666","Meitav Investment House","MTAV.TA","1971859450","25.044","Israel"
"4667","Allied Gold Corporation","AAUC.TO","1970779198","17.0757","Canada"
"4668","Maruichi Steel Tube","5463.T","1968799760","25.9126","Japan"
"4669","Sable Offshore","SOC","1965268096","19.75","United States"
"4670","Leejam Sports Company","1830.SR","1965033822","37.596","Saudi Arabia"
"4671","Per Aarsleff Holding A/S B","PAAL-B.CO","1963991651","105.029","Denmark"
"4672","LegalZoom","LZ","1962915712","10.89","United States"
"4673","International Petroleum","IPCO.TO","1962678718","17.4775","Canada"
"4674","Kontron AG","KTN.F","1962351107","31.898","Austria"
"4675","Almoosa Health Company","4018.SR","1960962559","44.2619","Saudi Arabia"
"4676","Steelcase","SCS","1960521472","17.09","United States"
"4677","National Healthcare","NHC","1959470208","126.41","United States"
"4678","Cogeco","CCA.TO","1956069654","46.4489","Canada"
"4679","Nomad Foods","NOMD","1956066304","13.02","United Kingdom"
"4680","Alleima AB","ALLEI.ST","1954388245","7.81264","Sweden"
"4681","Seadrill","SDRL","1953876992","31.4","Bermuda"
"4682","Aris Mining","ARMN","1953159936","9.65","Canada"
"4683","Electra","ELTR.TA","1952981959","509.824","Israel"
"4684","Gulf Navigation Holding","GULFNAV.AE","1951745915","2.45085","United Arab Emirates"
"4685","Minerals Technologies","MTX","1951280640","62.19","United States"
"4686","Baytex Energy","BTE","1948159488","2.52","Canada"
"4687","DoubleVerify","DV","1945541504","11.89","United States"
"4688","Cogent Communications","CCOI","1943700608","39.52","United States"
"4689","Austevoll Seafood","AUSS.OL","1942824928","9.62633","Norway"
"4690","Paradox Interactive","PDX.ST","1942295075","18.3889","Sweden"
"4691","Grindwell Norton","GRINDWELL.NS","1942013381","17.5399","India"
"4692","Pitney Bowes","PBI","1941547264","11.28","United States"
"4693","Five9","FIVN","1940838784","25.12","United States"
"4694","Ero Copper","ERO","1938544384","18.64","Canada"
"4695","Artivion","AORT","1937361024","41.06","United States"
"4696","Gimv NV","GIMB.BR","1935418385","52.5977","Belgium"
"4697","Hornbach Holding","HBH.DE","1931739546","120.758","Germany"
"4698","Vedant Fashions","MANYAVAR.NS","1930036853","7.94394","India"
"4699","TOMY Company","7867.T","1928900594","21.7532","Japan"
"4700","Borregaard","BRG.OL","1928011985","19.3329","Norway"
"4701","Ternium Argentina","TXAR.BA","1927157435","0.426637","Argentina"
"4702","Hawaiian Electric Industries","HE","1926348288","11.16","United States"
"4703","Central Garden &amp; Pet","CENT","1925820928","33.23","United States"
"4704","Innospec","IOSP","1925563264","77.54","United States"
"4705","Savola Group","2050.SR","1924526109","6.45264","Saudi Arabia"
"4706","China Lesso Group","2128.HK","1923875276","0.617038","China"
"4707","QuidelOrtho","QDEL","1923620096","28.33","United States"
"4708","Wacoal Holdings","3591.T","1922369388","38.2638","Japan"
"4709","Sarepta Therapeutics","SRPT","1921776768","18.36","United States"
"4710","Meliá Hotels International","MEL.MC","1919320581","8.71753","Spain"
"4711","Sprinklr","CXM","1918760960","7.86","United States"
"4712","Coursera","COUR","1918564096","11.72","United States"
"4713","Friedrich Vorwerk Group","VH2.DE","1916686141","95.8343","Germany"
"4714","Safestore","SAFE.L","1916064727","8.77252","United Kingdom"
"4715","United Natural Foods","UNFI","1915082240","31.62","United States"
"4716","DXP Enterprises","DXPE","1914207488","121.97","United States"
"4717","Monarch Casino &amp; Resort","MCRI","1909862144","104.55","United States"
"4718","Ratnamani Metals &amp; Tubes","RATNAMANI.NS","1909119295","27.2373","India"
"4719","Elekta AB","EKTA-B.ST","1908091464","4.97458","Sweden"
"4720","ePlus","PLUS","1907189760","71.63","United States"
"4721","Migros Ticaret A.S.","MGROS.IS","1906756238","10.7066","Turkey"
"4722","TPBank (Tien Phong Commercial Joint Stock Bank)","TPB.VN","1906721219","0.712526","Vietnam"
"4723","LeMaitre Vascular","LMAT","1905853056","84.19","United States"
"4724","Skyward Specialty Insurance Group","SKWD","1903682560","47.02","United States"
"4725","Argan SA","ARG.PA","1902105585","73.9527","France"
"4726","Ramaco Resources","METC","1901333376","31.43","United States"
"4727","OHB SE","OHB.DE","1900500417","99.2277","Germany"
"4728","Daqo New Energy","DQ","1899716736","28.33","China"
"4729","LendingClub","LC","1897802112","16.54","United States"
"4730","Ardent Health","ARDT","1897591552","13.26","United States"
"4731","AVI Limited","AVI.JO","1896635100","5.71014","South Africa"
"4732","CASIO","6952.T","1895544685","8.3121","Japan"
"4733","Certara","CERT","1895358336","11.8","United States"
"4734","Shanghai Industrial Holdings Limited","0363.HK","1895153755","1.74313","Hong Kong"
"4735","Exail Technologies","EXA.PA","1894617150","111.631","France"
"4736","Bell Food Group","BELL.SW","1894272927","302.047","Switzerland"
"4737","KCC Corp","002380.KS","1894073513","253.294","South Korea"
"4738","Nippon Shokubai","4114.T","1893356733","12.5952","Japan"
"4739","Goodman Property Trust","GMT.NZ","1892474889","1.22986","New Zealand"
"4740","Electricity Generating Public Company","EGCO.BK","1890755766","3.59142","Thailand"
"4741","Vital Farms","VITL","1890216960","42.3","United States"
"4742","Par Pacific Holdings","PARR","1888781824","37.17","United States"
"4743","Arriyadh Development Company","4150.SR","1888711912","8.07381","Saudi Arabia"
"4744","Métropole Télévision (Groupe M6)","MMT.PA","1885710771","15.0012","France"
"4745","Com7 Public Company","COM7.BK","1885609657","0.800684","Thailand"
"4746","Rai Way","RWAY.MI","1885123343","7.02083","Italy"
"4747","Arçelik","ARCLK.IS","1884948420","3.10611","Turkey"
"4748","RBL Bank","RBLBANK.NS","1883934588","3.0732","India"
"4749","HomeCo Daily Needs REIT","HDN.AX","1879708652","0.900753","Australia"
"4750","Trupanion","TRUP","1877577472","43.67","United States"
"4751","Slide Insurance","SLDE","1877441536","14.96","United States"
"4752","Liquidia Technologies","LQDA","1876793728","21.8","United States"
"4753","Hanmi Pharmaceutical","008930.KS","1876091904","27.4579","South Korea"
"4754","Godawari Power &amp; Ispat","GPIL.NS","1875506038","2.89446","India"
"4755","Jeudan","JDAN.CO","1875382573","33.8601","Denmark"
"4756","CSG International","CSGS","1874548864","65.16","United States"
"4757","Qatar Insurance Company","QATI.QA","1874419005","0.573901","Qatar"
"4758","Perella Weinberg Partners","PWP","1873527424","21.41","United States"
"4759","Icade","ICAD.PA","1872987158","24.7133","France"
"4760","Iridium Communications","IRDM","1872910592","17.65","United States"
"4761","Century Communities","CCS","1871310080","63.05","United States"
"4762","Dyne Therapeutics","DYN","1870768128","13.15","United States"
"4763","Afry AB","AFRY.ST","1870709783","16.5182","Sweden"
"4764","Centuri Holdings","CTRI","1870497152","21.1","United States"
"4765","Yellow Cake plc","YCA.L","1867725717","7.78737","Jersey"
"4766","Welspun India","WELSPUNIND.NS","1867418314","1.91","India"
"4767","North Pacific Bank","8524.T","1865813303","4.95516","Japan"
"4768","Jubilant Pharmova","JUBLPHARMA.NS","1864723077","11.7681","India"
"4769","Horace Mann Educators","HMN","1863864320","45.8","United States"
"4770","Íslandsbanki","ISB.IC","1862992494","1.01313","Iceland"
"4771","Insperity","NSP","1862586624","49.44","United States"
"4772","J&amp;J Snack Foods","JJSF","1861308288","95.61","United States"
"4773","Eutelsat","ETL.PA","1861215382","3.91996","France"
"4774","Moltiply Group (Gruppo Mutuionline)","MOL.MI","1859207013","48.2097","Italy"
"4775","Comet Holding","COTN.SW","1858993959","239.131","Switzerland"
"4776","Vitrolife AB","VITR.ST","1858689104","13.7226","Sweden"
"4777","Vaisala","VAIAS.HE","1858216683","51.252","Finland"
"4778","Iluka Resources","ILU.AX","1857874778","4.32362","Australia"
"4779","Gibraltar Industries","ROCK","1856568960","62.91","United States"
"4780","Ngern Tid Lor","TIDLOR.BK","1854979830","0.625","Thailand"
"4781","NETSCOUT","NTCT","1854381952","25.8","United States"
"4782","Veritex Holdings","VBTX","1850455552","33.78","United States"
"4783","Sonos","SONO","1849468288","15.3","United States"
"4784","Caisse Régionale de Crédit Agricole Mutuel du Languedoc","CRLA.PA","1849099416","93.611","France"
"4785","Eramet","ERA.PA","1848342740","64.5331","France"
"4786","Kuwait Telecommunications Company","STC.KW","1847689975","1850.03","Kuwait"
"4787","LiveRamp","RAMP","1846792448","28.15","United States"
"4788","AQ Group","AQ.ST","1845804844","20.1215","Sweden"
"4789","Progyny","PGNY","1845182336","21.46","United States"
"4790","AEON REIT Investment","3292.T","1844691736","877.351","Japan"
"4791","NextDecade Corp","NEXT","1844398080","7.04","United States"
"4792","Bank of N. T. Butterfield & Son","NTB","1842535424","44.16","Bermuda"
"4793","Mori Hills REIT Investment","3234.T","1841479161","960.94","Japan"
"4794","Adeia","ADEA","1840673536","16.83","United States"
"4795","Ipsos","IPS.PA","1838877240","42.6164","France"
"4796","Fidelis Insurance","FIHL","1838227840","17.53","Bermuda"
"4797","Blue Bird Corporation","BLBD","1837475328","57.95","United States"
"4798","Domain Holdings Australia","DHG.AX","1835242466","2.89551","Australia"
"4799","Grainger plc","GRI.L","1834647269","2.48499","United Kingdom"
"4800","City Holding Company","CHCO","1834030976","126.53","United States"
"4801","Region Group","RGN.AX","1833651459","1.57878","Australia"
"4802","Ameresco","AMRC","1833560320","34.79","United States"
"4803","Kumho Petrochemical","011780.KS","1832937643","73.5758","South Korea"
"4804","Hillenbrand","HI","1832533248","26","United States"
"4805","PEXA Group","PXA.AX","1832446339","10.3177","Australia"
"4806","KSB SE &amp; Co. KGaA","KSB.DE","1830825492","1070.68","Germany"
"4807","JBM Auto","JBMA.NS","1830789982","7.74083","India"
"4808","Northwest Bank","NWBI","1830570496","12.52","United States"
"4809","Jetblue Airways","JBLU","1829232256","5.03","United States"
"4810","NW Natural","NWN","1827900928","44.65","United States"
"4811","Aveanna Healthcare","AVAH","1827843200","8.75","United States"
"4812","Montage Gold Corp.","MAU.TO","1827012990","5.06533","Canada"
"4813","Sunstone Hotel Investors","SHO","1826787968","9.64","United States"
"4814","Craftsman Automation","CRAFTSMAN.NS","1824950452","76.4999","India"
"4815","V-Guard Industries","VGUARD.NS","1824250137","4.18185","India"
"4816","Hamburger Hafen","HHFA.F","1822203540","24.5729","Germany"
"4817","Nongshim","004370.KS","1821647129","310.054","South Korea"
"4818","Abdullah Al-Othaim Markets Company","4001.SR","1819005975","2.02112","Saudi Arabia"
"4819","Afcons Infrastructure","AFCONS.NS","1818981877","4.94578","India"
"4820","First Commonwealth Financial Corp","FCF","1818975104","17.4","United States"
"4821","Kohl's","KSS","1818972032","16.23","United States"
"4822","Federal Agricultural Mortgage","AGM","1818853760","172.93","United States"
"4823","Winpak","WPK.TO","1817462421","29.5453","Canada"
"4824","AF Gruppen","AFG.OL","1815239265","16.6255","Norway"
"4825","Marcopolo","POMO4.SA","1814890186","1.70244","Brazil"
"4826","Eximbank (Vietnam Export Import Commercial Joint Stock Bank)","EIB.VN","1814361167","0.974038","Vietnam"
"4827","Burjeel Holdings","BURJEEL.AE","1814080070","0.35","United Arab Emirates"
"4828","Emaar The Economic City","4220.SR","1813774166","3.4663","Saudi Arabia"
"4829","GELEX Group Joint Stock Company","GEX.VN","1812668821","2.00872","Vietnam"
"4830","Hillman Solutions","HLMN","1812351744","9.17","United States"
"4831","Arabian Drilling Company","2381.SR","1811846657","20.3578","Saudi Arabia"
"4832","Redcare Pharmacy","RDC.DE","1811509415","90.1006","Netherlands"
"4833","Progress Software","PRGS","1811412864","42.02","United States"
"4834","Neinor Homes","HOME.MC","1810278841","20.1966","Spain"
"4835","Teekay Tankers","TNK","1808366208","52.37","Canada"
"4836","Clariane","CLARI.PA","1807900222","5.07138","France"
"4837","Cadeler A/S","CDLR","1807192064","20.56","Denmark"
"4838","UP Fintech (Tiger Brokers)","TIGR","1805452160","10.16","China"
"4839","Curaleaf","CURLF","1803987968","2.35","United States"
"4840","Altus Group","AIF.TO","1802563695","41.8212","Canada"
"4841","Kagome Co., Ltd.","2811.T","1802466022","19.8374","Japan"
"4842","Weis Markets","WMK","1802396288","72.84","United States"
"4843","Global Net Lease","GNL","1800891264","8.15","United States"
"4844","Metrovacesa","MVC.MC","1800260962","11.8769","Spain"
"4845","Vera Therapeutics","VERA","1799827328","28.2","United States"
"4846","Makino Milling Machine","6135.T","1798617002","76.902","Japan"
"4847","GRAIL","GRAL","1797343360","49.86","United States"
"4848","Minera Valparaíso","MINERA.SN","1797193280","14.3775","Chile"
"4849","Veeco","VECO","1797033728","29.87","United States"
"4850","GFH Financial Group","GFH.AE","1794881567","0.47","Bahrain"
"4851","Ghitha","GHITHA.AE","1794551183","7.43","United Arab Emirates"
"4852","Meidensha Corporation","6508.T","1792875080","39.3203","Japan"
"4853","Dai-Dan","1980.T","1791921892","41.5939","Japan"
"4854","Intershop Holding","ISN.SW","1790613286","194.262","Switzerland"
"4855","SSP Group","SSPG.L","1790146646","2.233","United Kingdom"
"4856","Gallantt Ispat","GALLANTT.NS","1788868714","7.40344","India"
"4857","Talos Energy","TALO","1788498048","10.24","United States"
"4858","Montea Comm","MONT.BR","1787841397","77.6972","Belgium"
"4859","Alef Education","ALEFEDT.AE","1787785588","0.26","United Arab Emirates"
"4860","JYP Entertainment","035900.KQ","1786617596","53.9225","South Korea"
"4861","ManpowerGroup","MAN","1786372992","38.59","United States"
"4862","Alight","ALIT","1785842816","3.25","United States"
"4863","CIE Automotive India","CIEINDIA.NS","1785063387","4.70543","India"
"4864","Bufab AB","BUFAB.ST","1784664312","9.41847","Sweden"
"4865","Tessenderlo Group","TESB.BR","1784497161","29.78","Belgium"
"4866","Winmark","WINA","1783064576","502.49","United States"
"4867","Porch Group","PRCH","1781955328","17.09","United States"
"4868","Beach Energy","BPT.AX","1778439143","0.779561","Australia"
"4869","Seiko Group","8050.T","1778107557","43.5332","Japan"
"4870","OQ Gas Network Company","OQGN.OM","1777243107","0.41039","Oman"
"4871","Arlo Technologies","ARLO","1776388608","17.02","United States"
"4872","Pfeiffer Vacuum","PFV.F","1773546017","179.733","Germany"
"4873","STEF SA","STF.PA","1773058041","140.183","France"
"4874","Generation Development Group","GDG.AX","1772631054","4.46774","Australia"
"4875","ACV Auctions","ACVA","1771155456","9.76","United States"
"4876","Energizer Holdings","ENR","1768155008","25.9","United States"
"4877","Prosegur","PSG.MC","1767028292","3.31734","Spain"
"4878","Turning Point Brands","TPB","1766967168","98.03","United States"
"4879","Whirlpool India","WHIRLPOOL.NS","1765748345","13.9087","India"
"4880","Sanki Engineering","1961.T","1765694191","34.0375","Japan"
"4881","Pharma Mar","PHM.MC","1764436839","101.217","Spain"
"4882","Prodea Real Estate Investment Company","PRODEA.AT","1763886855","6.90381","Greece"
"4883","Netcompany Group","NETC.CO","1762756361","37.8104","Denmark"
"4884","Ariston Holding","ARIS.MI","1762081585","4.78586","Italy"
"4885","BWP Trust","BWP.AX","1760527025","2.4304","Australia"
"4886","Bel Fuse","BELFB","1760101248","142.84","United States"
"4887","Burkhalter Holding","BRKN.SW","1758557058","165.687","Switzerland"
"4888","Ratch Group","RATCH.BK","1758395614","0.808458","Thailand"
"4889","Liontown Resources","LTR.AX","1758262855","0.612512","Australia"
"4890","National Company for Learning and Education","4291.SR","1757652529","40.8756","Saudi Arabia"
"4891","Mister Car Wash","MCW","1757467904","5.37","United States"
"4892","Dah Sing Banking Group","2356.HK","1756490087","1.2495","Hong Kong"
"4893","Pet Valu","PET.TO","1755802493","25.7356","Canada"
"4894","MIRAIT ONE Corporation","1417.T","1755554782","19.7839","Japan"
"4895","Wendy’s","WEN","1755104640","9.21","United States"
"4896","Wacker Neuson","WAC.F","1754741131","25.6845","Germany"
"4897","Daido Steel","5471.T","1754705787","8.7802","Japan"
"4898","Imax Corp","IMAX","1753310080","32.6","Canada"
"4899","Acadian Asset Management","AAMI","1752634880","48.94","United States"
"4900","Bank Jago","ARTO.JK","1752297050","0.126416","Indonesia"
"4901","Intellia Therapeutics","NTLA","1750827648","16.31","United States"
"4902","Karooooo","KARO","1750414336","56.66","Singapore"
"4903","AtriCure","ATRC","1749489920","35.2","United States"
"4904","Helios Technologies","HLIO","1748201856","52.73","United States"
"4905","MM Group (Mayr-Melnhof AG)","MYM.F","1747614709","88.5795","Austria"
"4906","United Electronics Company (eXtra Saudi)","4003.SR","1746851027","23.0375","Saudi Arabia"
"4907","Proeduca Altus","PRO.MC","1746356315","38.6676","Spain"
"4908","Orora Limited","ORA.AX","1744917146","1.36915","Australia"
"4909","Harrow Health","HROW","1742800512","47.1","United States"
"4910","Syrma SGS Technology","SYRMA.NS","1742598396","9.05937","India"
"4911","HPH Trust (Hutchison Port)","NS8U.SI","1742220288","0.2","Singapore"
"4912","The National Agricultural Development Company","6010.SR","1742086795","5.77538","Saudi Arabia"
"4913","NCR Voyix Corporation","VYX","1741752704","12.6","United States"
"4914","Topgolf Callaway Brands","MODG","1741207424","9.47","United States"
"4915","Olo","OLO","1741132160","10.26","United States"
"4916","F&amp;F Co","383220.KS","1741007670","45.1246","South Korea"
"4917","eXp World Holdings","EXPI","1740561792","11.07","United States"
"4918","CECO Environmental","CECO","1740262912","49.26","United States"
"4919","Sinfonia Technology","6507.T","1739437675","58.2449","Japan"
"4920","Bet Shemesh Engines","BSEN.TA","1738735428","190.275","Israel"
"4921","Sylvamo","SLVM","1738442368","43.06","United States"
"4922","City Union Bank","CUB.NS","1736369329","2.34312","India"
"4923","Celldex Therapeutics","CLDX","1735867008","26.14","United States"
"4924","Systemair AB","SYSR.ST","1735112887","8.35474","Sweden"
"4925","Universal Technical Institute","UTI","1733392000","31.85","United States"
"4926","Kerry Logistics Network","0636.HK","1733288275","0.95898","Hong Kong"
"4927","MasterBrand","MBC","1732520832","13.67","United States"
"4928","Savills","SVS.L","1731762085","12.76","United Kingdom"
"4929","Pathward Financial","CASH","1731626240","76.04","United States"
"4930","Elgi Equipments","ELGIEQUIP.NS","1731139154","5.48346","India"
"4931","Netstreit","NTST","1729778816","17.96","United States"
"4932","Aurinia Pharmaceuticals","AUPH","1729612288","13.14","Canada"
"4933","SigmaRoc plc","SRC.L","1729392280","1.57624","United Kingdom"
"4934","Sotetsu Holdings","9003.T","1729231872","18.0185","Japan"
"4935","Nayax","NYAX","1729075840","46.81","Israel"
"4936","Caisse Régionale de Crédit Agricole Mutuel Nord de France","CNDF.PA","1727213792","29.4875","France"
"4937","V2X","VVX","1726738048","54.8","United States"
"4938","DeNA","2432.T","1725288300","15.4874","Japan"
"4939","Soho House & Co","SHCO","1724729344","8.84","United States"
"4940","Al Salam Bank","SALAM.BH","1723883629","1.29443","Bahrain"
"4941","Megaport Limited","MP1.AX","1722127528","10.3963","Australia"
"4942","Voyager Technologies","VOYG","1721913472","29.2","United States"
"4943","BinDawood","4161.SR","1718888707","1.50384","Saudi Arabia"
"4944","Banco Latinoamericano de Comercio Exterior","BLX","1718131328","46.7","Panama"
"4945","Tootsie Roll Industries","TR","1714704000","41.12","United States"
"4946","ICF International","ICFI","1714586752","93.04","United States"
"4947","Enovis","ENOV","1714222464","29.99","United States"
"4948","Immunocore","IMCR","1714168064","34.02","United Kingdom"
"4949","Elkem","ELK.OL","1713790291","2.70339","Norway"
"4950","Al Masane Al Kobra Mining Company","1322.SR","1713136215","19.0646","Saudi Arabia"
"4951","Meiko Electronics","6787.T","1712477005","66.7375","Japan"
"4952","Hansol Chemical","014680.KS","1709009078","145.449","South Korea"
"4953","H2O America","HTO","1708247552","48.41","United States"
"4954","Integral Ad Science","IAS","1705347072","10.22","United States"
"4955","Flight Centre Travel Group Limited","FLT.AX","1703272746","7.90698","Australia"
"4956","Semapa","SEM.LS","1702808269","21.3199","Portugal"
"4957","Harmonic Drive Systems","6324.T","1702396432","17.9884","Japan"
"4958","JEOL Ltd.","6951.T","1702338693","33.2885","Japan"
"4959","AlzChem Group","ACT.DE","1697580280","168.032","Germany"
"4960","Bata India","BATAINDIA.NS","1697345698","13.1716","India"
"4961","Nipro Corporation","8086.T","1697038744","10.4052","Japan"
"4962","ChemoMetec","CHEMM.CO","1696820847","97.5045","Denmark"
"4963","MannKind Corp","MNKD","1696760704","5.53","United States"
"4964","Realia Business","RLIA.MC","1695769468","1.12333","Spain"
"4965","Global Partners LP","GLP","1694711808","49.99","United States"
"4966","Abu Dhabi Aviation","ADAVIATION.AE","1690259393","1.54","United Arab Emirates"
"4967","Anritsu Corporation","6754.T","1690120018","13.2104","Japan"
"4968","Great Portland Estates","GPE.L","1689225348","4.18856","United Kingdom"
"4969","Storskogen Group","STOR-B.ST","1687472735","1.00044","Sweden"
"4970","LTC Properties","LTC","1686450432","36.61","United States"
"4971","Starts Corporation","8850.T","1684757729","34.9737","Japan"
"4972","Opera","OPRA","1684640000","18.82","Norway"
"4973","Retal Urban Development Company","4322.SR","1683893001","3.37288","Saudi Arabia"
"4974","Danaos","DAC","1683572608","91.95","Greece"
"4975","Green Thumb Industries","GTII.CN","1683322823","7.26795","United States"
"4976","Dometic Group","DOM.ST","1683110752","5.26795","Sweden"
"4977","WHA Corporation","WHA.BK","1682448310","0.112562","Thailand"
"4978","SHO-BOND Holdings","1414.T","1680877593","32.9141","Japan"
"4979","Fresh Del Monte Produce","FDP","1680562048","35.03","Cayman Islands"
"4980","ARMOUR Residential REIT","ARR","1680510976","14.57","United States"
"4981","Fagron","FAGR.BR","1679661778","22.9815","Belgium"
"4982","ZIM Integrated Shipping Services","ZIM","1679177728","13.94","Israel"
"4983","Lakeland Financial Corp","LKFN","1679117824","65.77","United States"
"4984","Nolato AB","NOLA-B.ST","1676478795","6.22354","Sweden"
"4985","Vietnam National Petroleum Group","PLX.VN","1675823711","1.31893","Vietnam"
"4986","Gudang Garam","GGRM.JK","1675115479","0.870602","Indonesia"
"4987","Industrie De Nora","DNR.MI","1674459999","8.42499","Italy"
"4988","IperionX","IPX","1671771136","50.75","United States"
"4989","Carabao Group","CBG.BK","1671330905","1.67133","Thailand"
"4990","Liberty Latin America","LILA","1671229696","8.23","United States"
"4991","Partner Communications","PTNR.TA","1670996825","8.93533","Israel"
"4992","Diamondrock Hospitality Company","DRH","1669324032","8.1","United States"
"4993","Travis Perkins","TPK.L","1666847307","7.88789","United Kingdom"
"4994","Flywire","FLYW","1665866752","13.62","United States"
"4995","Norwegian Air Shuttle","NAS.OL","1664440443","1.57731","Norway"
"4996","Eurocommercial Properties","ECMPA.AS","1663997879","30.5991","Netherlands"
"4997","SHIFT UP","462870.KS","1663618252","28.2384","South Korea"
"4998","Simplex Holdings","4373.T","1662779277","29.2896","Japan"
"4999","Osotspa","OSP.BK","1662523232","0.553483","Thailand"
"5000","Citizen Watch","7762.T","1661763419","6.81418","Japan"
"5001","Natco Pharma","NATCOPHARM.NS","1660374460","9.26135","India"
"5002","Dom Development","DOM.WA","1659131605","64.3114","Poland"
"5003","Playa Hotels &amp; Resorts","PLYA","1658215168","13.48","United States"
"5004","Interface","TILE","1656883456","28.39","United States"
"5005","Live Oak Bank","LOB","1654100992","36.17","United States"
"5006","Champion Iron","CIA.AX","1652327152","3.09859","Australia"
"5007","Freehold Royalties","FRU.TO","1651614080","10.0733","Canada"
"5008","Trident","TRIDENT.NS","1650136517","0.323738","India"
"5009","Saudi Cement Company","3030.SR","1648959971","10.7775","Saudi Arabia"
"5010","Viridian Therapeutics","VRDN","1648763264","20.19","United States"
"5011","The North West Company","NWC.TO","1647391097","34.5461","Canada"
"5012","NexPoint Residential Trust","NXRT","1645904640","32.01","United States"
"5013","Yamama Saudi Cement Company","3020.SR","1645744408","8.12713","Saudi Arabia"
"5014","Bayanat AI","BAYANAT.AE","1645434212","0.64","United Arab Emirates"
"5015","Fluxys Belgium","FLUX.BR","1644359930","23.4028","Belgium"
"5016","Europris","EPR.OL","1640980645","10.0274","Norway"
"5017","Clover Health Investments","CLOV","1640040192","3.2","United States"
"5018","NANO Nuclear Energy","NNE","1635865600","39.29","United States"
"5019","Dürr","DUE.F","1635715062","23.6368","Germany"
"5020","Oxford Lane Capital","OXLC","1634141440","16.92","United States"
"5021","Vimian Group","VIMIAN.ST","1633003507","3.06978","Sweden"
"5022","Champion REIT","2778.HK","1632586495","0.266098","Hong Kong"
"5023","Melco International Development","0200.HK","1631809849","0.717307","Hong Kong"
"5024","Beijing Airport","0694.HK","1630564716","0.356082","China"
"5025","Veris Residential","VRE","1627832960","14.71","United States"
"5026","DNOW Inc.","DNOW","1627685504","15.5","United States"
"5027","Srisawad Corporation","SAWAD.BK","1627408820","0.971704","Thailand"
"5028","Elmos Semiconductor","ELG.DE","1626762701","94.8982","Germany"
"5029","Calumet Specialty Products Partners","CLMT","1626604288","18.75","United States"
"5030","Pacific Basin Shipping","2343.HK","1626118357","0.312375","Hong Kong"
"5031","Dis-Chem Pharmacies","DCP.JO","1625868500","1.89723","South Africa"
"5032","Musashi Seimitsu Industry","7220.T","1625525265","24.1071","Japan"
"5033","Twist Bioscience","TWST","1624312448","26.91","United States"
"5034","Graubündner Kantonalbank","GRKP.SW","1624103237","2193.28","Switzerland"
"5035","(DIA) Distribuidora Internacional de Alimentación","DIA.MC","1623570190","27.9663","Spain"
"5036","Bakkavor Group","BAKK.L","1623552946","2.80801","United Kingdom"
"5037","Wizz Air","WIZZ.L","1622984214","15.6954","Jersey"
"5038","Saudi Chemical Holding Company","2230.SR","1621019630","1.92246","Saudi Arabia"
"5039","TKH Group","TWEKA.AS","1620383819","40.6272","Netherlands"
"5040","NP3 Fastigheter AB","NP3.ST","1620059600","26.3079","Sweden"
"5041","Volution Group","FAN.L","1618793950","8.17607","United Kingdom"
"5042","PAR Technology","PAR","1618373376","39.88","United States"
"5043","Bossard Holding","BOSN.SW","1616945158","209.803","Switzerland"
"5044","One Software Technologies","ONE.TA","1615551961","22.5604","Israel"
"5045","Deutsche EuroShop","DEQ.F","1614852530","21.3199","Germany"
"5046","Aura Investments","AURA.TA","1612250011","5.64682","Israel"
"5047","Breedon Group","BREE.L","1611708726","4.65098","United Kingdom"
"5048","tuya","TUYA","1610320000","2.49","China"
"5049","KSB ltd","KSB.NS","1609677627","9.24894","India"
"5050","Ouster","OUST","1609109504","27.83","United States"
"5051","Gasco (National Gas and Industrialization Company)","2080.SR","1608828367","21.451","Saudi Arabia"
"5052","Applied Optoelectronics","AAOI","1606858752","25.77","United States"
"5053","Russel Metals","RUS.TO","1606392967","28.6916","Canada"
"5054","Prime Focus","PFOCUS.NS","1604973613","2.0696","India"
"5055","Lindab International","LIAB.ST","1604944334","20.8337","Sweden"
"5056","Neuren Pharmaceuticals","NEU.AX","1604162425","12.7023","Australia"
"5057","Fortress REIT","FFB.JO","1603260800","1.33129","South Africa"
"5058","Rengo Co., Ltd.","3941.T","1602975996","6.46846","Japan"
"5059","IndiaMART","INDIAMART.NS","1602732716","26.707","India"
"5060","BioCryst Pharmaceuticals","BCRX","1601692928","7.63","United States"
"5061","Fine Organics","FINEORG.NS","1601690564","52.2404","India"
"5062","Salzgitter","SZG.F","1601227105","29.6045","Germany"
"5063","TaskUs","TASK","1600691200","17.81","United States"
"5064","Kennametal","KMT","1600257408","20.99","United States"
"5065","Pearl Abyss","263750.KQ","1599293533","25.2939","South Korea"
"5066","FirstGroup","FGP.L","1598228477","2.93802","United Kingdom"
"5067","TeamViewer","TMV.DE","1597946974","10.1802","Germany"
"5068","China Resources Building Materials Technology","1313.HK","1597823464","0.228818","Hong Kong"
"5069","PCBL Limited","PCBL.NS","1597446893","4.23207","India"
"5070","Nitto Boseki","3110.T","1597077072","42.597","Japan"
"5071","Tianyu Digital Technology (Dalian)","002354.SZ","1596056130","0.964626","China"
"5072","Gulf International Services","GISS.QA","1593942741","0.857692","Qatar"
"5073","Ivanhoe Electric","IE","1592478592","11.99","Canada"
"5074","Bao Viet Holdings","BVH.VN","1589586373","2.14137","Vietnam"
"5075","Nationwide Building Society","NBS.L","1589514430","174.244","United Kingdom"
"5076","Atea ASA","ATEA.OL","1587390079","14.2389","Norway"
"5077","Biohaven","BHVN","1586865024","15","United States"
"5078","Fila","081660.KS","1586335221","27.7417","South Korea"
"5079","Dalata Hotel Group","DHG.IR","1586222528","7.50058","Ireland"
"5080","Is Yatirim Menkul Degerler Anonim Sirketi","ISMEN.IS","1585775780","1.05718","Turkey"
"5081","Soitec","SOI.PA","1584927850","44.4067","France"
"5082","Killam Apartment REIT","KMP-UN.TO","1584925216","12.7422","Canada"
"5083","Land and Houses","LH.BK","1582891184","0.132463","Thailand"
"5084","Harmony Biosciences","HRMY","1582721792","27.51","United States"
"5085","SeSa S.p.A.","SES.MI","1581937239","103.382","Italy"
"5086","Astronics Corporation","ATRO","1581284992","44.71","United States"
"5087","Sally Beauty Holdings","SBH","1581137792","15.98","United States"
"5088","IDT Corporation","IDT","1578657280","62.57","United States"
"5089","Albany International","AIN","1578309120","53.56","United States"
"5090","SWCC Corporation","5805.T","1578074542","53.3633","Japan"
"5091","PC Connection","CNXN","1576403200","62.09","United States"
"5092","Izumi Co., Ltd.","8273.T","1575704937","22.3083","Japan"
"5093","Phibro Animal Health","PAHC","1573109376","38.81","United States"
"5094","thyssenkrupp nucera","NCH2.DE","1572655816","12.4503","Germany"
"5095","Planisware","PLNW.PA","1572036336","22.4198","France"
"5096","Dynex Capital","DX","1571937152","12.1","United States"
"5097","Werner Enterprises","WERN","1571144064","26.26","United States"
"5098","Scatec ASA","SCATC.OL","1570544055","9.88704","Norway"
"5099","Guaranty Trust Bank","9JO.F","1570387995","2.66791","Nigeria"
"5100","American Assets Trust","AAT","1569108608","20.29","United States"
"5101","Lightspeed POS","LSPD","1568994176","11.55","Canada"
"5102","Revolve","RVLV","1567791488","21.99","United States"
"5103","YOOZOO Interactive","002174.SZ","1567621655","1.59416","China"
"5104","Select Medical Holdings","SEM","1567224320","12.64","United States"
"5105","Vietnam Maritime Commercial Joint Stock Bank","MSB.VN","1566532564","0.496494","Vietnam"
"5106","DNO ASA","DNO.OL","1564278368","1.60439","Norway"
"5107","Stellar Bancorp","STEL","1564201472","30.46","United States"
"5108","TriMas","TRS","1560635904","38.4","United States"
"5109","Huntsman Corporation","HUN","1560294016","8.98","United States"
"5110","dentalcorp","DNTL.TO","1557933535","7.82758","Canada"
"5111","Paramount Group","PGRE","1557135232","6.52","United States"
"5112","ArcBest","ARCB","1555881984","68.46","United States"
"5113","Jungfraubahn Holding AG","JFN.SW","1554661044","273.847","Switzerland"
"5114","Grocery Outlet","GO","1553956224","15.84","United States"
"5115","Aica Kogyo Company","4206.T","1553930819","25.2172","Japan"
"5116","Pharvaris","PHVS","1553798528","24.165","Netherlands"
"5117","Siltronic","WAF.F","1552220900","51.6031","Germany"
"5118","Xior Student Housing","XIOR.BR","1551767672","33.2319","Belgium"
"5119","New Wave Group","NEWA-B.ST","1551428920","11.6924","Sweden"
"5120","BLS International","BLS.NS","1551154390","3.76829","India"
"5121","CEAT","CEATLTD.NS","1550580099","38.3332","India"
"5122","Douglas Group","DOU.DE","1550082823","14.2523","Germany"
"5123","Spinneys","SPINNEYS.AE","1548935258","0.43026","United Arab Emirates"
"5124","Amylyx Pharmaceuticals","AMLX","1548811136","14.52","United States"
"5125","Magazine Luíza","MGLU3.SA","1545831750","2.09574","Brazil"
"5126","Heineken Malaysia","3255.KL","1545217992","5.11496","Malaysia"
"5127","Spirent","SPT.L","1541542908","2.61634","United Kingdom"
"5128","1st Source","SRCE","1541216512","62.81","United States"
"5129","Papa John's Pizza","PZZA","1539623296","47","United States"
"5130","NAPCO Security Technologies","NSSC","1538217984","43.14","United States"
"5131","Worthington Steel","WS","1536298368","30.2","United States"
"5132","Lithium Americas","LAC","1535321472","6.33","Canada"
"5133","Cellcom Israel","CEL.TA","1532850704","9.12316","Israel"
"5134","Aarti Industries","AARTIIND.NS","1532680261","4.22699","India"
"5135","Jasa Marga","JSMR.JK","1532073081","0.211091","Indonesia"
"5136","Electrica","ECEA.F","1531909849","14.0417","Romania"
"5137","Playtech","PTEC.L","1531841342","4.98606","Isle of Man"
"5138","BTS Group","BTS.BK","1531313424","0.0951493","Thailand"
"5139","Tabcorp","TAH.AX","1529645377","0.668195","Australia"
"5140","Pantoro Limited","PNR.AX","1528693658","3.87815","Australia"
"5141","Cimpress","CMPR","1528109184","62.42","Ireland"
"5142","Abu Dhabi National Hotels","ADNH.AE","1526669782","0.12","United Arab Emirates"
"5143","Implenia AG","IMPN.SW","1526541920","82.8435","Switzerland"
"5144","Innovative Industrial","IIPR","1526116224","54.46","United States"
"5145","Faes Farma","FAE.MC","1526076159","4.90288","Spain"
"5146","Truecaller","TRUE-B.ST","1525415063","4.44736","Sweden"
"5147","Vericel","VCEL","1525411968","30.23","United States"
"5148","UNITI","UNIT","1523926272","6.19","United States"
"5149","Sparebanken Vest","SVEG.OL","1522353635","13.8817","Norway"
"5150","Budget Saudi (United International Transportation Company)","4260.SR","1521482294","19.4646","Saudi Arabia"
"5151","Saudi Real Estate Company (Al Akaria)","4020.SR","1519837789","4.0529","Saudi Arabia"
"5152","Blue Dart Express","BLUEDART.NS","1519057864","64.0198","India"
"5153","Al-Dawaa Medical Services Company","4163.SR","1518504683","17.8648","Saudi Arabia"
"5154","Lindsay Corporation","LNN","1517232384","139.68","United States"
"5155","Nippon Shinyaku","4516.T","1517068271","22.5156","Japan"
"5156","Solaria Energía","SLR.MC","1516926540","12.1402","Spain"
"5157","SKAN Group","SKAN.SW","1516015437","67.4278","Switzerland"
"5158","Trainline","TRN.L","1513813463","3.76903","United Kingdom"
"5159","N-Able","NABL","1513607424","8.09","United States"
"5160","Ziff Davis","ZD","1511777024","36.87","United States"
"5161","TS TECH","7313.T","1511264008","12.749","Japan"
"5162","Ubisoft","UBI.PA","1511245923","11.3971","France"
"5163","Getty Realty","GTY","1511022080","26.7","United States"
"5164","Ashmore Group","ASHM.L","1510797379","2.31745","United Kingdom"
"5165","Thai Union Group","TU.BK","1510391219","0.391791","Thailand"
"5166","Amplitude","AMPL","1508074112","11.38","United States"
"5167","PagerDuty","PD","1504064384","16.13","United States"
"5168","Costamare","CMRE","1503366656","12.5","Monaco"
"5169","Tokai Carbon","5301.T","1501277439","7.03152","Japan"
"5170","KATITAS CO., Ltd.","8919.T","1500237039","19.1854","Japan"
"5171","TGS ASA","TGS.OL","1500135395","7.63588","Norway"
"5172","Pan Ocean","028670.KS","1500054876","2.77062","South Korea"
"5173","German American Bancorp","GABC","1499342080","39.99","United States"
"5174","Terveystalo","TTALO.HE","1498947552","11.8349","Finland"
"5175","Pakistan Tobacco Company","PAKT.PK","1498540678","5.86527","Pakistan"
"5176","freee K.K.","4478.T","1498193490","25.177","Japan"
"5177","Arhaus","ARHS","1497152512","10.62","United States"
"5178","Andlauer Healthcare Group","AND.TO","1496583461","38.2267","Canada"
"5179","Kimbell Royalty Partners","KRP","1496407040","13.87","United States"
"5180","Summerset Holdings","SUM.NZ","1494552676","6.16664","New Zealand"
"5181","Jamf","JAMF","1494412928","11.25","United States"
"5182","Genesis Energy","GNE.NZ","1493416573","1.35689","New Zealand"
"5183","Aker Solutions ASA","AKSO.OL","1492593282","3.08845","Norway"
"5184","Bodycote","BOY.L","1492575289","8.53796","United Kingdom"
"5185","National Bank Holdings","NBHC","1492569728","39.47","United States"
"5186","UFP Technologies","UFPT","1492411264","193.54","United States"
"5187","Central Securities","CET","1492233984","51.61","United States"
"5188","MCB Bank Pakistan","MCB.PK","1491988674","1.259","Pakistan"
"5189","Aya Gold &amp; Silver","AYA.TO","1491502363","10.5109","Canada"
"5190","The Hyakugo Bank","8368.T","1491309495","6.14547","Japan"
"5191","secunet","YSN.F","1491272022","229.815","Germany"
"5192","Avadel Pharmaceuticals","AVDL","1489477760","15.34","Ireland"
"5193","Saudi Reinsurance Company","8200.SR","1488642841","12.852","Saudi Arabia"
"5194","Himax","HIMX","1488521984","8.54","Taiwan"
"5195","Norconsult","NORCO.OL","1488475062","4.79812","Norway"
"5196","Tennant Company","TNC","1488057600","80.57","United States"
"5197","Turpaz Industries","TRPZ.TA","1485739865","13.7146","Israel"
"5198","Elme Communities","ELME","1483752320","16.83","United States"
"5199","AMC Entertainment","AMC","1482406912","2.89","United States"
"5200","Hino Motors","7205.T","1482126124","2.5819","Japan"
"5201","Adriatic Metals","ADT1.L","1481917258","4.28908","United Kingdom"
"5202","Wüstenrot &amp; Württembergische","WUW.F","1481593089","15.7735","Germany"
"5203","Clarkson PLC","CKN.L","1480119445","48.1852","United Kingdom"
"5204","ProSiebenSat.1 Media","PSM.F","1478769630","6.54107","Germany"
"5205","Italmobiliare","ITM.MI","1478148502","35.1041","Italy"
"5206","Cadre","CDRE","1477724160","36.34","United States"
"5207","IntegraFin","IHP.L","1476578549","4.45663","United Kingdom"
"5208","Electrolux","ELUX-A.ST","1475737323","5.95249","Sweden"
"5209","LOTTE Corporation","004990.KS","1475199620","20.5402","South Korea"
"5210","Avio S.p.A.","AVIO.MI","1474676805","56.3421","Italy"
"5211","Centuria Industrial REIT","CIP.AX","1472880291","2.33213","Australia"
"5212","Merchants Bancorp","MBIN","1470628864","32.05","United States"
"5213","MeridianLink","MLNK","1470311936","19.92","United States"
"5214","S&amp;T Bancorp","STBA","1467501568","38.27","United States"
"5215","Ryman Healthcare","RYM.NZ","1466206281","1.4435","New Zealand"
"5216","Vizsla Silver","VZLA","1465936384","4.25","Canada"
"5217","KDH (Khang Dien House Trading and Investment)","KDH.VN","1465132781","1.30756","Vietnam"
"5218","National Bank of Umm Al Qaiwain","NBQ.AE","1464862391","0.73","United Arab Emirates"
"5219","HBM Healthcare Investments","HBMN.SW","1464239518","220.582","Switzerland"
"5220","Expro Group","XPRO","1463410048","12.66","United States"
"5221","Monadelphous Group","MND.AX","1461577216","14.7068","Australia"
"5222","TriCo Bancshares","TCBK","1461246848","44.88","United States"
"5223","Puuilo","PUUILO.HE","1460749878","17.318","Finland"
"5224","DEUTZ","DEZ.DE","1460523564","10.5254","Germany"
"5225","Ingenia Communities Group","INA.AX","1460517830","3.58336","Australia"
"5226","Aris Water Solutions","ARIS","1459989120","24.66","United States"
"5227","World Kinect","WKC","1459711104","26.28","United States"
"5228","Xenia Hotels &amp; Resorts","XHR","1459066880","14.36","United States"
"5229","10x Genomics","TXG","1459026816","11.72","United States"
"5230","Arcos Dorados Holdings","ARCO","1457788416","6.92","Uruguay"
"5231","National Bank of Pakistan","NBP.PK","1457614160","0.685126","Pakistan"
"5232","Ladder Capital","LADR","1454329728","11.41","United States"
"5233","Unipar Carbocloro","UNIP6.SA","1453593404","13.6663","Brazil"
"5234","nLIGHT","LASR","1453571200","29.13","United States"
"5235","Nexus AG","NXU.DE","1453096539","84.1329","Germany"
"5236","Finolex Industries","FINPIPE.NS","1452832829","2.34967","India"
"5237","Rogers Corporation","ROG","1450459648","80.04","United States"
"5238","Action Construction Equipment","ACE.NS","1450365088","12.1879","India"
"5239","Badger Infrastructure Solutions","BDGI.TO","1448579719","42.9333","Canada"
"5240","Kuwait International Bank","KIB.KW","1448101571","874.263","Kuwait"
"5241","Aevis Victoria","AEVS.SW","1444128395","17.1076","Switzerland"
"5242","Alma Media","ALMA.HE","1443040246","17.5418","Finland"
"5243","Republic Bank","RBCAA","1441938560","73.83","United States"
"5244","Teladoc Health","TDOC","1441795712","8.16","United States"
"5245","Novocure","NVCR","1441092864","12.89","Jersey"
"5246","Cibus Nordic Real Estate","CIBUS.ST","1440109142","17.5439","Sweden"
"5247","Structure Therapeutics","GPCR","1439948544","25","United States"
"5248","Olectra Greentech","OLECTRA.NS","1439033042","17.5308","India"
"5249","fuboTV","FUBO","1438219008","4.2","United States"
"5250","Ratio Energies","RATI.TA","1437131692","1.27873","Israel"
"5251","Televisa","TV","1436318464","2.69","Mexico"
"5252","Sanlorenzo","SL.MI","1435156619","40.6623","Italy"
"5253","NCC Limited","NCC.NS","1434707471","2.28512","India"
"5254","La-Z-Boy","LZB","1434423936","34.81","United States"
"5255","Pigeon","7956.T","1433569045","11.9833","Japan"
"5256","Al Hammadi Holding Company","4007.SR","1433447074","8.95904","Saudi Arabia"
"5257","Banpu Public Company","BANPU.BK","1433052090","0.143035","Thailand"
"5258","Telkom SA","TKG.JO","1432452800","2.90982","South Africa"
"5259","Mixi","2121.T","1430978234","21.4991","Japan"
"5260","Root Insurance","ROOT","1429959680","92.57","United States"
"5261","Aegean Airlines","AEGN.AT","1429491877","16.0075","Greece"
"5262","Ingersoll Rand India","INGERRAND.NS","1428404454","45.2207","India"
"5263","National Bank of Oman","NBOB.OM","1427454238","0.877922","Oman"
"5264","The Greenbrier Companies","GBX","1427443328","46.22","United States"
"5265","Spin Master","TOY.TO","1426274333","14.0911","Canada"
"5266","Wheels Up","UP","1426270464","1.98","United States"
"5267","Dalrymple Bay Infrastructure","DBI.AX","1425741072","2.87586","Australia"
"5268","Kainos Group","KNOS.L","1425043398","11.9692","United Kingdom"
"5269","Oxford Instruments","OXIG.L","1424642283","24.9839","United Kingdom"
"5270","Aamal Company","AHCS.QA","1424423062","0.226099","Qatar"
"5271","CONMED","CNMD","1423928320","46","United States"
"5272","Apollo Commercial Real Estate","ARI","1422784768","10.24","United States"
"5273","Gulf Cable and Electrical Industries Company - KPSC","CABLE.KW","1422321978","6843.48","Kuwait"
"5274","Schrödinger","SDGR","1420595328","19.3","United States"
"5275","Pediatrix Medical Group","MD","1419472128","16.3","United States"
"5276","Doosan Fuel Cell","336260.KS","1419233888","21.4271","South Korea"
"5277","Dana Gas","DANA.AE","1418997812","0.2","United Arab Emirates"
"5278","Bestway Cement","BWCL.PK","1418040771","2.37825","Pakistan"
"5279","Palfinger","PFI.F","1417763836","40.7793","Austria"
"5280","AbCellera","ABCL","1416467968","4.74","Canada"
"5281","Foran Mining","FOM.TO","1416116361","2.62593","Canada"
"5282","Dowlais Group","DWL.L","1415501644","1.07964","United Kingdom"
"5283","Habib Bank","HBL.PK","1415463611","0.964967","Pakistan"
"5284","Phreesia","PHR","1415179904","23.62","United States"
"5285","Upbound Group","UPBD","1414968704","24.44","United States"
"5286","Finolex Cables","FINCABLES.NS","1414785107","9.25063","India"
"5287","Donnelley Financial Solutions","DFIN","1414606208","51.45","United States"
"5288","Dar Global","DAR.L","1413169664","7.85","United Kingdom"
"5289","Granules India","GRANULES.NS","1412930512","5.82142","India"
"5290","Lucky Strike Entertainment","LUCK","1411966976","10.07","United States"
"5291","Cyient","CYIENT.NS","1411936335","12.7972","India"
"5292","Leon's Furniture","LNF.TO","1411683900","20.6774","Canada"
"5293","Willdan Group","WLDN","1411661312","96.26","United States"
"5294","Omnicell","OMCL","1411100160","30.72","United States"
"5295","Afya","AFYA","1407570688","15.5","Brazil"
"5296","Aavas Financiers","AAVAS.NS","1406701538","17.7701","India"
"5297","Global Industrial Company","GIC","1406418560","36.65","United States"
"5298","Bitfarms","BITF","1405654400","2.54","Canada"
"5299","Bombay Burmah","BBTC.NS","1405576098","20.1307","India"
"5300","EVgo","EVGO","1405233536","4.57","United States"
"5301","Gerresheimer","GXI.F","1404879811","40.674","Germany"
"5302","Advantage Energy","AAV.TO","1404383770","8.40873","Canada"
"5303","Sundaram Finance","SUNDARMHLD.NS","1404148939","6.36249","India"
"5304","GoodRx","GDRX","1403697920","4.04","United States"
"5305","JBG SMITH","JBGS","1402953600","21.88","United States"
"5306","MaxLinear","MXL","1401125248","16.09","United States"
"5307","Universal Corporation","UVV","1400844416","56.29","United States"
"5308","Custom Truck One Source","CTOS","1400138240","6.18","United States"
"5309","Stagwell","STGW","1399583104","5.41","United States"
"5310","NRW Holdings Limited","NWH.AX","1399202601","3.05929","Australia"
"5311","Cham Swiss Properties AG","CHAM.SW","1398376846","29.4527","Switzerland"
"5312","Perpetual Limited","PPT.AX","1397490009","12.1847","Australia"
"5313","Vitec Software Group","VIT-B.ST","1396530778","35.1197","Sweden"
"5314","Janux Therapeutics","JANX","1395981952","23.23","United States"
"5315","Aluar Aluminio Argentino","ALUA.BA","1395786320","0.498495","Argentina"
"5316","Fox-Wizel","FOX.TA","1395203897","100.623","Israel"
"5317","Hope Bancorp","HOPE","1394595840","10.88","United States"
"5318","HIAG Immobilien","HIAG.SW","1394320547","137.864","Switzerland"
"5319","Ducommun","DCO","1394026880","93.41","United States"
"5320","Jumia","JMIA","1393627008","11.38","Germany"
"5321","EVT Limited","EVT.AX","1392592971","8.56862","Australia"
"5322","PeptiDream","4587.T","1392449578","10.7763","Japan"
"5323","Janus International Group","JBI","1391694976","10.02","United States"
"5324","Primaris Real Estate Investment Trust","PMZ-UN.TO","1391309915","10.9414","Canada"
"5325","HelloFresh","HFG.DE","1390611841","8.56307","Germany"
"5326","The Andersons","ANDE","1389970816","40.63","United States"
"5327","Navios Maritime Partners","NMM","1389487872","47.76","Monaco"
"5328","Novavax","NVAX","1388705152","8.55","United States"
"5329","naturenergie holding","NEAG.SW","1388180353","41.9857","Switzerland"
"5330","Benchmark Electronics","BHE","1387589632","38.64","United States"
"5331","Bank Danamon","BDMN.JK","1387063586","0.142516","Indonesia"
"5332","Deterra Royalties","DRR.AX","1386522342","2.62037","Australia"
"5333","Sila Realty Trust","SILA","1385655680","25.12","United States"
"5334","Central Plaza Hotel","CENTEL.BK","1385261221","1.02612","Thailand"
"5335","Future Corporation","4722.T","1384033031","15.6078","Japan"
"5336","Indian Energy Exchange","IEX.NS","1383116018","1.55448","India"
"5337","AMS-Osram","AMS.SW","1382743934","13.8866","Austria"
"5338","Al Yah Satellite Communications Company","YAHSAT.AE","1381741539","0.57","United Arab Emirates"
"5339","NFI Group","NFI.TO","1381454175","11.6015","Canada"
"5340","Arabian Contracting Services Company","4071.SR","1381452535","25.1173","Saudi Arabia"
"5341","Digi International","DGII","1380573952","37.19","United States"
"5342","Duc Giang Chemicals Group","DGC.VN","1380276058","3.61569","Vietnam"
"5343","Norion Bank","NORION.ST","1380270348","7.0048","Sweden"
"5344","Mahanagar Gas","MGL.NS","1379551679","13.9662","India"
"5345","Monex Group","8698.T","1378347424","5.48345","Japan"
"5346","Siam Global House","GLOBAL.BK","1377356679","0.245647","Thailand"
"5347","Siam City Cement (INSEE)","SCCC.BK","1376026116","4.61754","Thailand"
"5348","Penguin Solutions","PENG","1372909184","26.2","United States"
"5349","R&S Group","RSGN.SW","1372765616","36.9098","Switzerland"
"5350","Middle East Healthcare Company","4009.SR","1371863320","14.9051","Saudi Arabia"
"5351","Flex LNG","FLNG","1371665792","25.36","Bermuda"
"5352","Ohsho Food Service","9936.T","1371232254","26.2135","Japan"
"5353","Redwire","RDW","1370310912","8.83","United States"
"5354","Navitas Semiconductor","NVTS","1370279808","6.43","Ireland"
"5355","Photronics","PLAB","1370087296","23.22","United States"
"5356","Astrana Health","ASTH","1369921280","29.68","United States"
"5357","Parex Resources","PXT.TO","1369818655","13.9404","Canada"
"5358","Sihanoukville Autonomous Port","PAS.KH","1369605303","3.04","Cambodia"
"5359","Freightways","FRW.NZ","1368575072","7.65056","New Zealand"
"5360","Dah Sing Financial","0440.HK","1368005354","4.2807","Hong Kong"
"5361","Amprius Technologies","AMPX","1367078912","10.93","United States"
"5362","Arcus Biosciences","RCUS","1366573696","12.84","United States"
"5363","About You","YOU.DE","1365408602","7.78142","Germany"
"5364","Asiana Airlines","020560.KS","1364511332","6.57713","South Korea"
"5365","Nestle Pakistan","NESTLE.PK","1362132707","30.0363","Pakistan"
"5366","REE (Refrigeration Electrical Engineering Corporation)","REE.VN","1361092105","2.51279","Vietnam"
"5367","Pebblebrook Hotel Trust","PEB","1360047360","11.47","United States"
"5368","Fever-Tree Drinks","FEVR.L","1359980733","11.5805","United Kingdom"
"5369","NTT UD REIT Investment Corporation","8956.T","1359831349","926.167","Japan"
"5370","Richelieu Hardware","RCH.TO","1359013331","24.5733","Canada"
"5371","InterRent Real Estate Investment Trust","IIP-UN.TO","1357747557","9.57103","Canada"
"5372","WIN Semiconductors","3105.TWO","1357132514","3.0108","Taiwan"
"5373","Intercos","ICOS.MI","1357031687","14.0885","Italy"
"5374","Reit 1 Ltd","RIT1.TA","1356194599","6.76784","Israel"
"5375","SiteMinder","SDR.AX","1354905126","4.81494","Australia"
"5376","Couchbase","BASE","1354276480","24.51","United States"
"5377","Modern Times Group (MTG)","MTG-B.ST","1354166911","11.5542","Sweden"
"5378","Playtika","PLTK","1352868992","3.6","Israel"
"5379","Glory Ltd.","6457.T","1351974006","24.8895","Japan"
"5380","Shenzhen Bingchuan Network","300533.SZ","1351419866","5.56342","China"
"5381","Enerflex","EFXT","1350962048","10.99","Canada"
"5382","CRA International","CRAI","1350858368","205.17","United States"
"5383","Syndax Pharmaceuticals","SNDX","1350704512","15.68","United States"
"5384","Wavestone SA","WAVE.PA","1350100126","55.2305","France"
"5385","ARIAKE JAPAN","2815.T","1348139120","42.3295","Japan"
"5386","RITES","RITES.NS","1347686435","2.80193","India"
"5387","Romande Energie","REHN.SW","1344169234","52.3882","Switzerland"
"5388","Lapidoth Capital","LAPD.TA","1343813849","22.4382","Israel"
"5389","Formosa Sumco Technology","3532.TW","1343467661","3.25048","Taiwan"
"5390","Zug Estates Holding","ZUGN.SW","1342290278","2631.94","Switzerland"
"5391","Distribution Solutions Group","DSGR","1340589440","28.97","United States"
"5392","Select Energy Services","WTTR","1339988864","11.05","United States"
"5393","Forestar Group","FOR","1339454080","26.35","United States"
"5394","OdontoPrev","ODPV3.SA","1339405721","2.45721","Brazil"
"5395","Headwater Exploration","HWX.TO","1337404521","5.62495","Canada"
"5396","Ardelyx","ARDX","1335044864","5.54","United States"
"5397","Dime Community Bancshares","DCOM","1334728192","30.41","United States"
"5398","Cricut","CRCT","1334289024","6.28","United States"
"5399","Barco NV","BAR.BR","1333901820","15.9139","Belgium"
"5400","Silvercorp Metals","SVM","1333236864","6.08","Canada"
"5401","Sildarvinnslan","SVN.IC","1332511913","0.721903","Iceland"
"5402","Fortune REIT","0778.HK","1332406706","0.650461","Hong Kong"
"5403","Resolute Mining","RSG.AX","1332367902","0.625614","Australia"
"5404","Medartis Holding","MED.SW","1332281079","107.283","Switzerland"
"5405","Dorian LPG","LPG","1331035264","31.21","United States"
"5406","BGF Retail","282330.KS","1328630417","75.7044","South Korea"
"5407","Kuwait Real Estate Company (AQARAT)","KRE.KW","1328131439","1290.11","Kuwait"
"5408","PetroVietnam Power","POW.VN","1326927484","0.56661","Vietnam"
"5409","Alexander &amp; Baldwin","ALEX","1325564544","18.22","United States"
"5410","Keller Group","KLR.L","1325270117","18.8988","United Kingdom"
"5411","YG Entertainment","122870.KQ","1325124729","71.4473","South Korea"
"5412","Befesa","BFSA.DE","1324596283","33.1149","Luxembourg"
"5413","Spire Healthcare Group","SPI.L","1324015989","3.29053","United Kingdom"
"5414","DAIHEN Corporation","6622.T","1323558135","55.3694","Japan"
"5415","Stoke Therapeutics","STOK","1322809600","24.14","United States"
"5416","STAAR Surgical","STAA","1322690432","26.8","United States"
"5417","Vermilion Energy","VET","1321911808","8.56","Canada"
"5418","A10 Networks","ATEN","1321114368","18.31","United States"
"5419","Xeris Pharmaceuticals","XERS","1320909440","8.18","United States"
"5420","PROG Holdings","PRG","1320761344","33.4","United States"
"5421","Metsä Board","METSA.HE","1320412843","6.13152","Finland"
"5422","Evolv Technologies","EVLV","1320126464","7.68","United States"
"5423","Shriram Pistons &amp; Rings","SHRIPISTON.NS","1319740125","29.9602","India"
"5424","Trulieve Cannabis","TRUL.CN","1319044682","6.90204","United States"
"5425","Catapult Group International","CAT.AX","1315782405","4.63806","Australia"
"5426","Canada Goose","GOOS","1315655808","13.51","Canada"
"5427","Ellington Financial","EFC","1315602560","13.17","United States"
"5428","PORR","ABS2.F","1314483894","33.4659","Austria"
"5429","Gränges","GRNG.ST","1313444000","12.3514","Sweden"
"5430","Labrador Iron Ore Royalty Corp.","LIF.TO","1311876245","20.4981","Canada"
"5431","Cymbria","CYB.TO","1310190780","60.1956","Canada"
"5432","Adtran Networks","ADV.DE","1309585415","25.158","Germany"
"5433","Azenta","AZTA","1309182592","28.56","United States"
"5434","Qt Group","QTCOM.HE","1307888135","51.5095","Finland"
"5435","Nick Scali Limited","NCK.AX","1307754000","15.2899","Australia"
"5436","Great Eagle","0041.HK","1307225502","1.74827","Hong Kong"
"5437","StorageVault Canada","SVI.TO","1306775034","3.58017","Canada"
"5438","Northern Data AG","NB2.DE","1306560356","19.8104","Germany"
"5439","B.F. S.p.A.","BFG.MI","1305433279","4.98479","Italy"
"5440","Ingles Markets","IMKTA","1305103616","68.71","United States"
"5441","Électricite de Strasbourg","ELEC.PA","1304516190","181.956","France"
"5442","Telesat","TSAT","1304423936","25.26","Canada"
"5443","Lotus Technology","LOT","1303114240","1.92","China"
"5444","GrainCorp","GNC.AX","1301911616","5.85653","Australia"
"5445","Trisura Group","TSU.TO","1301634518","27.3642","Canada"
"5446","EHang Holdings","EH","1300766336","18.07","China"
"5447","Byline Bancorp","BY","1300270720","28.35","United States"
"5448","Central Puerto","CEPU","1298371456","8.64","Argentina"
"5449","Spectrum Brands","SPB","1297496960","53.6","United States"
"5450","Virtus Investment Partners","VRTS","1297252480","192.24","United States"
"5451","Mitsubishi Logisnext","7105.T","1296789198","12.1572","Japan"
"5452","QCR Holdings","QCRH","1296470784","76.75","United States"
"5453","Forbo Holding","FORN.SW","1295882839","918.673","Switzerland"
"5454","Yurtec Corporation","1934.T","1294797143","18.8577","Japan"
"5455","Dynavox Group","DYVOX.ST","1294744451","12.2664","Sweden"
"5456","Specialized Medical Company","4019.SR","1293861957","5.17545","Saudi Arabia"
"5457","Taseko Mines","TGB","1290067968","4.05","Canada"
"5458","Ali Al-Ghanim Sons Automotive Company","ALG.KW","1289726202","3605.11","Kuwait"
"5459","Innovex International","INVX","1288921344","18.74","United States"
"5460","Ramsay Générale de Santé","GDS.PA","1288809455","11.678","France"
"5461","Alkhorayef Water and Power Technologies Company","2081.SR","1288795882","36.8227","Saudi Arabia"
"5462","Elvalhalcor Hellenic Copper and Aluminium Industry","ELHA.AT","1287500398","3.43436","Greece"
"5463","OCB (Orient Commercial Joint Stock Bank)","OCB.VN","1286864369","0.483229","Vietnam"
"5464","Tilray","TLRY","1286034816","1.15","Canada"
"5465","Vimeo","VMEO","1285984512","7.74","United States"
"5466","RHI Magnesita","RHF.F","1284024508","27.1472","Austria"
"5467","Crayon Group","CRAYN.OL","1282968630","14.3527","Norway"
"5468","Iguatemi","IGTI3.SA","1282785196","0.543132","Brazil"
"5469","GlobalData","DATA.L","1282763403","1.70223","United Kingdom"
"5470","Shoals Technologies","SHLS","1281998336","7.66","United States"
"5471","Nextage Co Ltd","3186.T","1281747332","16.4169","Japan"
"5472","Inabata &amp; Co.,Ltd.","8098.T","1281545409","24.0068","Japan"
"5473","Eckert &amp; Ziegler","EUZ.F","1281210035","20.4774","Germany"
"5474","United Gulf Holding Company","UGH.BH","1281176297","0.580902","Bahrain"
"5475","The Kiyo Bank","8370.T","1280501065","19.9878","Japan"
"5476","Chennai Petroleum","CHENNPETRO.NS","1277881253","8.58149","India"
"5477","Sionna Therapeutics","SION","1277406592","28.94","United States"
"5478","u-blox","UBXN.SW","1277016519","168.444","Switzerland"
"5479","Navient","NAVI","1275700224","12.83","United States"
"5480","Compagnie des Alpes","CDA.PA","1275676050","25.158","France"
"5481","Delta Galil Industries","DELG.TA","1275627068","48.8656","Israel"
"5482","Westamerica Bancorporation","WABC","1274365824","50.05","United States"
"5483","Tarkett","TKTT.PA","1272907260","19.4243","France"
"5484","Karnov Group","KAR.ST","1272796300","11.7987","Sweden"
"5485","Judo Capital Holdings","JDO.AX","1270960603","1.13659","Australia"
"5486","Sammaan Capital","SAMMAANCAP.NS","1270602731","1.55516","India"
"5487","ConnectOne Bancorp","CNOB","1269824256","25.26","United States"
"5488","Bytes Technology","BYIT.L","1268667327","5.27825","United Kingdom"
"5489","U.S. Physical Therapy","USPH","1268023552","83.4","United States"
"5490","TF Bank AB","TFBANK.ST","1266909935","19.5964","Sweden"
"5491","Deep Yellow","DYL.AX","1265377657","1.30036","Australia"
"5492","Juventus Turin","JUVE.MI","1265218124","3.33723","Italy"
"5493","Growthpoint Properties Australia","GOZ.AX","1264995124","1.67704","Australia"
"5494","Hongkong and Shanghai Hotels","0045.HK","1264278080","0.758443","Hong Kong"
"5495","Israel Canada (T.R) Ltd","ISCN.TA","1263771431","3.81921","Israel"
"5496","Nokian Tyres","TYRES.HE","1263210803","9.16218","Finland"
"5497","Superior Plus","SPB.TO","1262192640","5.66082","Canada"
"5498","Array Technologies","ARRY","1261506560","8.26","United States"
"5499","MNTN, Inc.","MNTN","1261271552","17.37","United States"
"5500","AS ONE Corporation","7476.T","1260471172","17.5871","Japan"
"5501","BrightView","BV","1260272000","13.28","United States"
"5502","Kuwait Projects Company Holding","KPROJ.KW","1259741554","276.686","Kuwait"
"5503","Oakley Capital Investments","OCI.L","1259643265","7.37186","Bermuda"
"5504","Microvast","MVST","1259120384","3.87","United States"
"5505","Mitani Corporation","8066.T","1258756638","14.6716","Japan"
"5506","Polenergia","PEP.WA","1257926781","16.2904","Poland"
"5507","Barloworld","BAW.JO","1257782800","6.74635","South Africa"
"5508","Zymeworks","ZYME","1257207424","16.6","Canada"
"5509","Kaiser Aluminum","KALU","1257027072","77.7","United States"
"5510","Rapid7","RPD","1255423872","19.39","United States"
"5511","Vivara","VIVA3.SA","1254737771","5.33768","Brazil"
"5512","Fastly","FSLY","1252899968","8.5","United States"
"5513","Kestra Medical Technologies","KMTS","1251755392","24.33","United States"
"5514","Drägerwerk","DRW8.F","1251458049","60.3791","Germany"
"5515","Dole PLC","DOLE","1251388928","13.15","Ireland"
"5516","Ricoh Leasing Company","8566.T","1251191825","40.5909","Japan"
"5517","UMH Properties","UMH","1250154496","14.72","United States"
"5518","Cosmo Pharmaceuticals","C43.F","1250009774","77.8142","Ireland"
"5519","Amphastar Pharmaceuticals","AMPH","1248392832","26.85","United States"
"5520","Telus International","TIXT","1247266560","4.49","Canada"
"5521","Kier Group","KIE.L","1246429197","2.86833","United Kingdom"
"5522","Agility Public Warehousing Company","AGLTY.KW","1245248928","487.885","Kuwait"
"5523","Jinko Solar","JKS","1244823808","24.1","China"
"5524","MRC Global","MRC","1243934720","14.62","United States"
"5525","Mainstreet Equity","MEQ.TO","1243654547","133.456","Canada"
"5526","Regis Healthcare","REG.AX","1243282668","4.12709","Australia"
"5527","Guild Mortgage","GHLD","1242577408","19.96","United States"
"5528","Sinarmas Land","A26.SI","1242348621","0.291963","Singapore"
"5529","Engineers India","ENGINERSIN.NS","1242161782","2.21009","India"
"5530","Sudarshan Chemical","SUDARSCHEM.NS","1241281582","15.7931","India"
"5531","Noritsu Koki","7744.T","1240588203","11.8563","Japan"
"5532","Yulon Motor Company","2201.TW","1240141332","1.13274","Taiwan"
"5533","Comer Industries","COM.MI","1239298723","43.2951","Italy"
"5534","Precigen","PGEN","1238715264","3.51","United States"
"5535","Taikisha","1979.T","1238544654","19.5933","Japan"
"5536","Evotec","EVO","1237969536","3.48","Germany"
"5537","Isracard","ISCD.TA","1237912462","3.8043","Israel"
"5538","Sienna Senior Living","SIA.TO","1237076799","13.3951","Canada"
"5539","Dorchester Minerals","DMLP","1236987776","26.13","United States"
"5540","Everi Holdings","EVRI","1236833792","14.24","United States"
"5541","Qassim Cement Company","3040.SR","1235041480","11.2521","Saudi Arabia"
"5542","Sanofi India Limited","SANOFI.NS","1234294704","53.5821","India"
"5543","P10","PX","1233910400","11.23","United States"
"5544","Elementis","ELM.L","1233723814","2.14186","United Kingdom"
"5545","NTN Corporation","6472.T","1232745651","2.32846","Japan"
"5546","Neogen","NEOG","1232083200","5.67","United States"
"5547","atai Life Sciences","ATAI","1232017408","5.27","Germany"
"5548","Kissei Pharmaceutical","4547.T","1231650908","29.7243","Japan"
"5549","MillerKnoll","MLKN","1230990720","17.98","United States"
"5550","Bank Islam Malaysia","5258.KL","1230202427","0.538042","Malaysia"
"5551","ProAssurance","PRA","1229814400","23.92","United States"
"5552","Zeal Network","TIMA.F","1229554862","58.2729","Germany"
"5553","PVR INOX","PVRINOX.NS","1228316701","12.5083","India"
"5554","Biotage AB","BIOT.ST","1228206848","15.3426","Sweden"
"5555","Hokuriku Electric Power Company","9505.T","1228028791","5.87999","Japan"
"5556","Tourmaline Bio","TRML","1226548864","47.74","United States"
"5557","Rapport Therapeutics","RAPP","1226152704","26.59","United States"
"5558","Tata Teleservices","TTML.NS","1225841842","0.627052","India"
"5559","Bank First","BFC","1223057280","124.37","United States"
"5560","Nisshinbo Holdings","3105.T","1222615117","7.82728","Japan"
"5561","Commercial Real Estate Company (Kuwait)","ALTIJARIA.KW","1221919525","674.525","Kuwait"
"5562","Verint Systems","VRNT","1221853824","20.26","United States"
"5563","Pets at Home","PETS.L","1221738568","2.72357","United Kingdom"
"5564","Graphite India","GRAPHITE.NS","1220367167","6.24626","India"
"5565","Zee Entertainment","ZEEL.NS","1220307544","1.27047","India"
"5566","Triumph Financial","TFIN","1219456640","51.38","United States"
"5567","Elco Ltd.","ELCO.TA","1219228912","45.258","Israel"
"5568","Gogo Inflight Internet","GOGO","1218540800","9.115","United States"
"5569","Elopak ASA","ELO.OL","1218483606","4.5324","Norway"
"5570","Aichi Steel","5482.T","1217674641","19.0249","Japan"
"5571","engcon AB","ENGCON-B.ST","1217226536","7.98271","Sweden"
"5572","RAK Properties","RAKPROP.AE","1217088269","0.41","United Arab Emirates"
"5573","Pilot Corporation","7846.T","1216466173","32.1852","Japan"
"5574","VIEL &amp; Cie","VIL.PA","1215417797","19.4828","France"
"5575","Suburban Propane Partners","SPH","1215184768","18.56","United States"
"5576","Isras Investment Company","ISRS.TA","1215082126","244.715","Israel"
"5577","Bradespar","BRAP3.SA","1214893749","2.90857","Brazil"
"5578","Prospect Capital","PSEC","1213876992","2.61","United States"
"5579","Safari Industries India","SAFARI.NS","1211318169","24.7255","India"
"5580","Grupa Pracuj","GPP.WA","1211123094","17.5784","Poland"
"5581","UCT (Ultra Clean Holdings)","UCTT","1209777024","26.68","United States"
"5582","Altri","ALTR.LS","1209763240","5.8975","Portugal"
"5583","Nishi-Nippon Railroad","9031.T","1209626879","16.0224","Japan"
"5584","Prosegur Cash","CASH.MC","1209559093","0.826117","Spain"
"5585","Abacus Storage King","ASK.AX","1209508360","0.920406","Australia"
"5586","Curevac","CVAC","1209177600","5.37","Germany"
"5587","Relaxo Footwear","RELAXO.NS","1208582912","4.85494","India"
"5588","Gorman-Rupp","GRC","1208548864","45.93","United States"
"5589","BlueNord ASA","BNOR.OL","1207941365","47.3294","Norway"
"5590","Nine Entertainment Co. Holdings","NEC.AX","1205033769","0.759908","Australia"
"5591","Protolabs","PRLB","1203287680","50.4","United States"
"5592","Sedlmayr Grund und Immobilien AG","SPB.F","1202913832","1638.19","Germany"
"5593","AdaptHealth","AHCO","1202797184","8.89","United States"
"5594","Collective Mining","CNL","1202381568","14.17","Canada"
"5595","Mercialys","MERY.PA","1202239009","12.8715","France"
"5596","Alexander's, Inc.","ALX","1201847552","235.32","United States"
"5597","Mezzan Holding Company","MEZZAN.KW","1201813174","3863.78","Kuwait"
"5598","Shinsegae","004170.KS","1199978375","132.465","South Korea"
"5599","LGI Homes","LGIH","1199175552","52.01","United States"
"5600","LENZ Therapeutics","LENZ","1198783616","42.03","United States"
"5601","Gamma Communications","GAMA.L","1198201617","13.0013","United Kingdom"
"5602","Yubico","YUBICO.ST","1197485880","13.8555","Sweden"
"5603","Hays plc","HAS.L","1197016629","0.75193","United Kingdom"
"5604","Red Cat Holdings","RCAT","1196623744","10.14","United States"
"5605","Caisse régionale de Crédit Agricole Mutuel Atlantique Vendée","CRAV.PA","1196203194","162.181","France"
"5606","Trustpilot Group","TRST.L","1196079978","2.9407","Denmark"
"5607","Pulse Biosciences","PLSE","1195847296","17.77","United States"
"5608","CAMGSM Plc. (Cellcard)","CGSM.KH","1195753377","0.61","Cambodia"
"5609","The RealReal","REAL","1195010560","10.37","United States"
"5610","Banco di Desio e della Brianza","BDB.MI","1192288530","9.06857","Italy"
"5611","Deyaar Development","DEYAAR.AE","1189228833","0.271772","United Arab Emirates"
"5612","Innoviva","INVA","1188576384","18.86","United States"
"5613","Silex Systems Limited","SLX.AX","1188085110","4.29086","Australia"
"5614","Waypoint REIT","WPR.AX","1187846886","1.80151","Australia"
"5615","Intuitive Machines","LUNR","1187620864","10.08","United States"
"5616","Fiskars","FSKRS.HE","1187190322","14.7203","Finland"
"5617","Sensirion Holding","SENS.SW","1187184147","76.201","Switzerland"
"5618","Konoike Transport","9025.T","1187157043","22.3684","Japan"
"5619","Leggett &amp; Platt","LEG","1187028096","8.77","United States"
"5620","GasLog","GLOP-PA","1185787264","25.84","Greece"
"5621","Enliven Therapeutics","ELVN","1185303296","20.01","United States"
"5622","Healthcare Services Group","HCSG","1184672256","16.36","United States"
"5623","Maze Therapeutics","MAZE","1183973888","27","United States"
"5624","Biolife Solutions","BLFS","1183260032","24.7","United States"
"5625","Yalla Group","YALA","1183094272","7.51","United Arab Emirates"
"5626","CVS Group","CVSG.L","1182718709","16.4862","United Kingdom"
"5627","Knowledge Economic City Company","4310.SR","1182447488","3.48496","Saudi Arabia"
"5628","United Real Estate Company","URC.KW","1180298571","861.166","Kuwait"
"5629","Telia Lietuva","ZWS.F","1179406377","1.96583","Lithuania"
"5630","Okumura Corporation","1833.T","1179320078","32.9007","Japan"
"5631","Precinct Properties","PCT.NZ","1178186470","0.74196","New Zealand"
"5632","4imprint Group","FOUR.L","1176260463","41.8856","United Kingdom"
"5633","Momo","MOMO","1175079040","7.37","China"
"5634","Transcontinental","TCL-A.TO","1174902406","14.0193","Canada"
"5635","Guardian Capital Group","GCG.TO","1174887253","47.8982","Canada"
"5636","Caisse Régionale de Crédit Agricole Mutuel Alpes Provence","CRAP.PA","1174295438","157.969","France"
"5637","Orient Corporation","8585.T","1173534661","6.85431","Japan"
"5638","Fuso Chemical","4368.T","1172943465","33.1347","Japan"
"5639","MA Financial Group","MAF.AX","1171885081","6.01376","Australia"
"5640","Norbit ASA","NORBT.OL","1171256274","18.3502","Norway"
"5641","Vietcap Securities","VCI.VN","1170296657","1.62971","Vietnam"
"5642","Takara Standard","7981.T","1170292833","17.9817","Japan"
"5643","Anywhere Real Estate","HOUS","1169528704","10.44","United States"
"5644","Tejas Networks","TEJASNET.NS","1169513097","6.64402","India"
"5645","National Corporation for Tourism &amp; Hotels","NCTH.AE","1167685586","0.54","United Arab Emirates"
"5646","Eve Air Mobility","EVEX","1167421824","3.88","United States"
"5647","Sun Corp","6736.T","1166631602","52.6946","Japan"
"5648","Vesuvius India","VESUVIUS.NS","1166404480","5.74694","India"
"5649","Dicker Data","DDR.AX","1166349007","6.45267","Australia"
"5650","Chow Sang Sang Holdings","0116.HK","1165701937","1.73542","Hong Kong"
"5651","PNE AG","PNE3.DE","1165274254","15.2118","Germany"
"5652","Aditya Birla Fashion and Retail","ABFRL.NS","1164927311","0.958012","India"
"5653","Criteo","CRTO","1164283776","22.25","France"
"5654","Marcus &amp; Millichap","MMI","1163279744","29.83","United States"
"5655","Easterly Government Properties","DEA","1163082880","22.9","United States"
"5656","Bird Construction","BDT.TO","1162658381","20.9931","Canada"
"5657","Shochiku","9601.T","1162408757","84.2578","Japan"
"5658","ARCS Company Limited","9948.T","1160531632","21.4991","Japan"
"5659","Edelweiss Financial Services","EDELWEISS.NS","1159189925","1.23368","India"
"5660","CTS Corporation","CTS","1159021312","39.32","United States"
"5661","Birchcliff Energy","BIR.TO","1158017544","4.24024","Canada"
"5662","OVS S.p.A.","OVS.MI","1157818771","4.74374","Italy"
"5663","BMV (Bolsa Mexicana de Valores)","BOLSAA.MX","1157763239","2.0718","Mexico"
"5664","Jenoptik","JEN.F","1156014399","20.1966","Germany"
"5665","Kennedy Wilson","KW","1155600256","8.38","United States"
"5666","G-III Apparel Group","GIII","1154593152","27.35","United States"
"5667","Takuma Co., Ltd.","6013.T","1153853504","15.4071","Japan"
"5668","OPKO Health","OPK","1150985088","1.45","United States"
"5669","Jahez International Company for Information Systems Technology","6017.SR","1150348103","5.67406","Saudi Arabia"
"5670","Imdex Limited","IMD.AX","1150093384","2.24697","Australia"
"5671","Barrett Business Services","BBSI","1149094144","44.73","United States"
"5672","Pressance Corporation","3254.T","1148589909","16.5503","Japan"
"5673","Radware","RDWR","1148267776","26.9","Israel"
"5674","OSG Corporation","6136.T","1147119938","13.9627","Japan"
"5675","Dynavax Technologies","DVAX","1146875904","9.78","United States"
"5676","Harmonic","HLIT","1144989568","10.065","United States"
"5677","Shibaura Mechatronics","6590.T","1144537125","82.5192","Japan"
"5678","Bank of Sharjah","BOS.AE","1143572871","0.38","United Arab Emirates"
"5679","SIG (Semen Indonesia)","SMGR.JK","1143373523","0.16935","Indonesia"
"5680","Vitasoy","0345.HK","1142781692","1.0901","Hong Kong"
"5681","EZCorp","EZPW","1142411520","18.76","United States"
"5682","Nakanishi","7716.T","1141997808","13.7287","Japan"
"5683","Global Ship Lease","GSL","1140368384","31.88","United Kingdom"
"5684","Reliance Infrastructure","RELINFRA.NS","1139708401","2.78941","India"
"5685","Lenzing","LEN.F","1138752822","29.4875","Austria"
"5686","Westshore Terminals Investment","WTE.TO","1137195859","18.4102","Canada"
"5687","Newsmax","NMAX","1137000832","12.66","United States"
"5688","WH Smith","SMWH.L","1136114118","9.12101","United Kingdom"
"5689","Genuit Group","GEN.L","1136064107","4.57056","United Kingdom"
"5690","LuxExperience","LUXE","1134633728","8.32","Germany"
"5691","ThredUp","TDUP","1134311680","9.21","United States"
"5692","Aksa Energy","AKSEN.IS","1134185520","0.924855","Turkey"
"5693","Pacira Biosciences","PCRX","1134101888","25.24","United States"
"5694","Establishment Labs","ESTA","1133045504","39.11","Costa Rica"
"5695","Braskem","BAK","1132366720","2.61","Brazil"
"5696","Youdao","DAO","1132320768","9.47","China"
"5697","CTT - Correios De Portugal","CTT.LS","1131330815","8.53031","Portugal"
"5698","Preferred Bank","PFBC","1131056128","91.39","United States"
"5699","Top Glove","BVA.SI","1130425416","0.140138","Malaysia"
"5700","Trinity Capital","TRIN","1128542208","16.05","United States"
"5701","Tosei Corporation","8923.T","1128299938","23.2712","Japan"
"5702","Safehold","SAFE","1127286144","15.71","United States"
"5703","Danya Cebus","DNYA.TA","1125297038","34.3162","Israel"
"5704","Bilia AB","BILI-A.ST","1123496191","12.1388","Sweden"
"5705","Digital Garage","4819.T","1122753804","24.4749","Japan"
"5706","RLJ Lodging Trust","RLJ","1122453504","7.44","United States"
"5707","Autoneum Holding","AUTN.SW","1120869162","193.51","Switzerland"
"5708","Corticeira Amorim","COR.LS","1120524206","8.42499","Portugal"
"5709","Astra Microwave","ASTRAMICRO.NS","1120214121","11.7986","India"
"5710","Colgate-Palmolive (Pakistan)","COLG.PK","1119238724","4.61022","Pakistan"
"5711","B.Grimm Power","BGRIM.BK","1118632507","0.425995","Thailand"
"5712","Frontier Airlines","ULCC","1117961728","4.9","United States"
"5713","Air New Zealand","AIR.NZ","1117453097","0.340666","New Zealand"
"5714","M.Yochananof and Sons","YHNF.TA","1117441187","77.1295","Israel"
"5715","GigaCloud Technology","GCT","1117175424","29.66","China"
"5716","Daiseki","9793.T","1114413512","23.5721","Japan"
"5717","Toagosei","4045.T","1113785831","10.3818","Japan"
"5718","Superloop Limited","SLC.AX","1113467608","2.17491","Australia"
"5719","OC Oerlikon","OERL.SW","1113314918","3.42152","Switzerland"
"5720","Altius Minerals","ALS.TO","1112864664","24.028","Canada"
"5721","Nektar Therapeutics","NKTR","1112586496","58.5","United States"
"5722","Allegiant Air","ALGT","1111654016","60.58","United States"
"5723","Corbion","CRBN.AS","1111507964","19.1201","Netherlands"
"5724","Altice USA","ATUS","1110688000","2.37","United States"
"5725","MMTC","MMTC.NS","1110123802","0.739215","India"
"5726","Atos","ATO.PA","1109497648","57.2549","France"
"5727","Jefferson Capital","JCAP","1109349120","17.15","United States"
"5728","Chimera Investment Corporation","CIM","1109077888","13.68","United States"
"5729","Boubyan Petrochemical Company","BPCC.KW","1107796570","2075.97","Kuwait"
"5730","Bunka Shutter","5930.T","1107710842","15.7482","Japan"
"5731","Star Asia Investment Corporation","3468.T","1106848261","411.927","Japan"
"5732","PROS","PRO","1106450304","22.93","United States"
"5733","Craneware","CRW.L","1105844334","31.2299","United Kingdom"
"5734","Meshek Energy - Renewable Energies","MSKE.TA","1104486630","1.55422","Israel"
"5735","Neurones","NRO.PA","1104434115","45.4014","France"
"5736","HEG","HEG.NS","1104218640","5.71817","India"
"5737","Origin Bancorp","OBK","1104105984","35.36","United States"
"5738","Praxis Precision Medicines","PRAX","1103840128","52.44","United States"
"5739","Diversified Energy","DEC.L","1102373435","14.355","United States"
"5740","Phu Nhuan Jewelry (PNJ)","PNJ.VN","1102346310","3.21016","Vietnam"
"5741","Sano Bruno's Enterprises","SANO1.TA","1102192315","98.0591","Israel"
"5742","Semrush","SEMR","1101908608","7.41","United States"
"5743","Aimco","AIV","1101643648","7.74","United States"
"5744","Iress Limited","IRE.AX","1100057165","5.88929","Australia"
"5745","Aether Industries","AETHER.NS","1100037089","8.29036","India"
"5746","Watches of Switzerland Group","WOSG.L","1099571291","4.77697","United Kingdom"
"5747","Yanlord","Z25.SI","1099179692","0.56907","Singapore"
"5748","Kuros Biosciences","KURN.SW","1098852854","28.4751","Switzerland"
"5749","Saul Centers","BFS","1098400384","31.95","United States"
"5750","Aston Martin","AML.L","1098045492","1.085","United Kingdom"
"5751","Humansoft Holding Company","HUMANSOFT.KW","1097931581","8185.98","Kuwait"
"5752","Mader Group Limited","MAD.AX","1096947264","5.39142","Australia"
"5753","Lifenet Insurance Company","7157.T","1095676779","13.6417","Japan"
"5754","Nuvation Bio","NUVB","1095272832","3.2","United States"
"5755","Toyo Construction","1890.T","1094787684","11.6557","Japan"
"5756","Abu Dhabi National Insurance Company","ADNIC.AE","1094154186","1.92","United Arab Emirates"
"5757","Metro Bank Holdings","MTRO.L","1093718406","1.62449","United Kingdom"
"5758","Aussie Broadband Limited","ABB.AX","1092488269","3.73403","Australia"
"5759","Piedmont Office Realty Trust","PDM","1091901312","8.77","United States"
"5760","Astec Industries","ASTE","1091581312","47.72","United States"
"5761","Super Hi International","9658.HK","1091401549","1.85497","Singapore"
"5762","Zad Holding Company","ZHCD.QA","1091242237","3.7967","Qatar"
"5763","Bristow Group","VTOL","1091186176","37.87","United States"
"5764","Plejd AB","PLEJD.ST","1090559342","97.5567","Sweden"
"5765","Frequentis","FQT.VI","1090546205","82.1437","Austria"
"5766","O.Y. Nofar Energy","NOFR.TA","1090342784","30.6789","Israel"
"5767","Frey SA","FREY.PA","1090025727","34.168","France"
"5768","Al Moammar Information Systems","7200.SR","1087084008","36.2361","Saudi Arabia"
"5769","Ramkrishna Forgings","RKFORGE.NS","1086825766","6.01155","India"
"5770","Scandinavian Tobacco Group","STG.CO","1086124086","13.7949","Denmark"
"5771","Pakuwon Jati Tbk","PWON.JK","1085529519","0.0225402","Indonesia"
"5772","Peoples Bancorp","PEBO","1085107968","30.42","United States"
"5773","Altareit","AREIT.PA","1084323167","620.173","France"
"5774","Collegium Pharmaceutical","COLL","1083988224","34.41","United States"
"5775","Noevir Holdings","4928.T","1083791063","31.7304","Japan"
"5776","Wave Life Sciences","WVE","1082744064","6.8","Singapore"
"5777","Inwido AB","INWI.ST","1082690992","18.6759","Sweden"
"5778","Bank ABC (Arab Banking Corporation)","ABC.BH","1082279988","1.1","Bahrain"
"5779","Limbach Holdings","LMB","1081410048","93.01","United States"
"5780","ORIC Pharmaceuticals","ORIC","1080007552","11.12","United States"
"5781","Willis Lease Finance Corporation","WLFC","1079973120","141.24","United States"
"5782","Senior plc","SNR.L","1079379053","2.61098","United Kingdom"
"5783","Cybozu","4776.T","1079272510","23.1375","Japan"
"5784","Spadel","SPA.BR","1078139147","259.771","Belgium"
"5785","Time Technoplast","TIMETECHNO.NS","1077529587","2.37416","India"
"5786","FIGS","FIGS","1075970432","6.59","United States"
"5787","Raspberry Pi","RPI.L","1075866722","5.56509","United Kingdom"
"5788","Creades AB","CRED-A.ST","1075815113","7.92425","Sweden"
"5789","Retail Estates NV","RET.BR","1075600790","73.1336","Belgium"
"5790","Emirates Stallions Group (ESG)","ESG.AE","1075503057","4.3","United Arab Emirates"
"5791","Voltalia","VLTSA.PA","1075406303","8.21437","France"
"5792","Gentherm","THRM","1074908288","35.22","United States"
"5793","RPC","RES","1074404224","4.87","United States"
"5794","Aedas Homes","AEDAS.MC","1074254363","24.8654","Spain"
"5795","The Hub Power Company","HUBC.PK","1074133886","0.828069","Pakistan"
"5796","Navigator Holdings","NVGS","1073589184","16.02","United Kingdom"
"5797","Sakata Seed","1377.T","1070922357","24.7424","Japan"
"5798","eDreams ODIGEO","EDR.MC","1070446416","9.56003","Spain"
"5799","D/S Norden (Dampskibsselskabet Norden)","DNORD.CO","1070187065","36.9953","Denmark"
"5800","Takasago International Corporation","4914.T","1070050683","54.9013","Japan"
"5801","United International Holding Company","4083.SR","1069885851","42.7954","Saudi Arabia"
"5802","Cannae Holdings","CNNE","1069819776","18.31","United States"
"5803","Magellan Financial Group","MFG.AX","1069008968","6.22339","Australia"
"5804","Yext","YEXT","1068463040","8.67","United States"
"5805","Stepan Company","SCL","1068174464","47.23","United States"
"5806","Trevi Therapeutics","TRVI","1067983104","8.77","United States"
"5807","Vetoquinol","VETO.PA","1067277195","90.4517","France"
"5808","Heiwa Real Estate","8803.T","1066343984","15.9689","Japan"
"5809","Varroc","VARROC.NS","1065199759","6.97182","India"
"5810","Ferretti","F3T1.F","1063820326","3.08916","Italy"
"5811","Carter's","CRI","1063819584","29.2","United States"
"5812","Cembre S.p.A.","CMB.MI","1062494494","63.1875","Italy"
"5813","AMTD IDEA Group","AMTD","1060860096","1.175","Hong Kong"
"5814","PennyMac Mortgage Investment Trust","PMT","1060732416","12.19","United States"
"5815","Safety Insurance","SAFT","1060316224","71.19","United States"
"5816","Udemy","UDMY","1058419520","7.04","United States"
"5817","Komeri Co.,Ltd.","8218.T","1057763641","22.3016","Japan"
"5818","Jamieson Wellness","JWEL.TO","1057631782","25.3984","Canada"
"5819","TOWA Corporation","6315.T","1057326818","14.0965","Japan"
"5820","OppFi","OPFI","1056404160","12.1","United States"
"5821","Einhell Germany","EIN.DE","1055180367","92.909","Germany"
"5822","GL Events SA","GLO.PA","1051971639","35.8647","France"
"5823","Lassonde Industries","LAS-A.TO","1051930883","154.205","Canada"
"5824","Fox Factory Holding","FOXF","1051701952","25.16","United States"
"5825","National Energy Services Reunited","NESR","1051595328","10.53","United States"
"5826","Al Seer Marine Supplies &amp; Equipment Company","ASM.AE","1050977872","1.05","United Arab Emirates"
"5827","Bank Dhofar","BKDB.OM","1050112246","0.345455","Oman"
"5828","EPIC Suisse","EPIC.SW","1048686060","101.518","Switzerland"
"5829","ATRenew","RERE","1048065600","4.72","China"
"5830","X-FAB","XFAB.PA","1046308770","8.00959","Belgium"
"5831","Newag","NWG.WA","1046081810","23.2463","Poland"
"5832","Laurentian Bank of Canada","LB.TO","1045956405","23.6047","Canada"
"5833","Arzan Financial Group for Financing and Investment","ARZAN.KW","1045842415","1152.59","Kuwait"
"5834","Happinet","7552.T","1044883651","47.6124","Japan"
"5835","Utz Brands","UTZ","1044767040","12.12","United States"
"5836","Bellevue Gold","BGL.AX","1042781001","0.704225","Australia"
"5837","Pick n Pay Stores","PIK.JO","1042326800","1.40563","South Africa"
"5838","Engro Fertilizers","EFERT.PK","1042128105","0.780445","Pakistan"
"5839","Mitani Sekisan","5273.T","1041749194","58.9805","Japan"
"5840","Taboola.com","TBLA","1041483264","3.51","United States"
"5841","Navigo Invest","NAVIGO-STAM.ST","1041228149","0.216841","Sweden"
"5842","IDP Education","IEL.AX","1041139767","3.74058","Australia"
"5843","Centerspace","CSR","1040439168","58.7","United States"
"5844","Savaria Corporation","SIS.TO","1039978069","14.5574","Canada"
"5845","The Keiyo Bank","8544.T","1039514569","8.57959","Japan"
"5846","Develia","DVL.WA","1039428970","2.24336","Poland"
"5847","Miahona Company","2084.SR","1039253497","6.45798","Saudi Arabia"
"5848","Bukalapak.com","BUKA.JK","1039210284","0.0100775","Indonesia"
"5849","Caisse Régionale de Crédit Agricole Mutuel Sud Rhône Alpes","CRSU.PA","1039112702","228.762","France"
"5850","Pacific Industrial","7250.T","1039076212","18.1021","Japan"
"5851","5N Plus","VNP.TO","1038501715","11.6589","Canada"
"5852","Hammond Power Solutions","HPS-A.TO","1038463970","87.2298","Canada"
"5853","Evolent Health","EVH","1037941632","8.95","United States"
"5854","Canfor","CFP.TO","1037751783","8.88943","Canada"
"5855","Japan Securities Finance","8511.T","1037340641","12.6788","Japan"
"5856","loanDepot","LDI","1035798272","3.13","United States"
"5857","Transport Corporation of India","TCI.NS","1035601664","13.5024","India"
"5858","TANLA","TANLA.NS","1035063856","7.8232","India"
"5859","Pursuit Attractions and Hospitality","PRSU","1034852928","36.6","United States"
"5860","Hypoport","HYQ.F","1034091630","154.458","Germany"
"5861","Camping World","CWH","1033702720","16.5","United States"
"5862","i3 Verticals","IIIV","1033131840","32.02","United States"
"5863","Maravai LifeSciences","MRVI","1032249472","2.82","United States"
"5864","PDF Solutions","PDFS","1031554048","26.12","United States"
"5865","Merida Industry","9914.TW","1030742298","3.38182","Taiwan"
"5866","Tokai Tokyo Financial Holdings","8616.T","1030667772","4.1059","Japan"
"5867","Aecon Group","ARE.TO","1030595927","16.2004","Canada"
"5868","Orchid Island Capital","ORC","1030217408","7.05","United States"
"5869","Sinclair Broadcast","SBGI","1030077248","14.79","United States"
"5870","Usiminas","USIM5.SA","1030041452","0.824063","Brazil"
"5871","Arena REIT","ARF.AX","1030015632","2.56142","Australia"
"5872","REX American Resources","REX","1029082240","31.13","United States"
"5873","Heidrick &amp; Struggles","HSII","1028935296","49.62","United States"
"5874","Integra LifeSciences","IART","1028422464","13.2","United States"
"5875","OceanFirst Financial","OCFC","1028345536","17.92","United States"
"5876","Lectra SA","LSS.PA","1027296217","27.0302","France"
"5877","MiMedx Group","MDXG","1026838400","6.94","United States"
"5878","Ahlibank","ABOB.OM","1026474953","0.379221","Oman"
"5879","Helia Group","HLI.AX","1026396833","3.76679","Australia"
"5880","Two Harbors Investment","TWO","1024882368","9.84","United States"
"5881","Saudi Automotive Services Company","4050.SR","1024690699","14.6384","Saudi Arabia"
"5882","NeoGenomics","NEO","1024386496","7.93","United States"
"5883","Community Trust Bancorp","CTBI","1023066944","56.49","United States"
"5884","Helix Energy Solutions","HLX","1023019584","6.96","United States"
"5885","Close Brothers Group","CBG.L","1022888209","6.79552","United Kingdom"
"5886","Union Coop","UNIONCOOP.AE","1021996668","0.58548","United Arab Emirates"
"5887","Volati AB","VOLO.ST","1021917868","11.5011","Sweden"
"5888","MBB SE","MBB.DE","1021773241","191.201","Germany"
"5889","EL.En. S.p.A. (Elen Group)","ELN.MI","1021620318","12.7662","Italy"
"5890","VA Tech Wabag","WABAG.NS","1020143529","16.3799","India"
"5891","United Arab Bank","UAB.AE","1019285404","0.33","United Arab Emirates"
"5892","Daktronics","DAKT","1018649728","20.99","United States"
"5893","MAAS Group Holdings","MGH.AX","1018400543","2.8038","Australia"
"5894","SFL Corp","SFL","1018098816","7.67","Bermuda"
"5895","Kelt Exploration","KEL.TO","1017261075","5.10837","Canada"
"5896","Cloetta","CLA-B.ST","1017180695","3.54811","Sweden"
"5897","Plazza AG","PLAN.SW","1016982281","491.296","Switzerland"
"5898","GungHo Online Entertainment","3765.T","1016133396","18.7006","Japan"
"5899","Emerald Holding","EEX","1013621184","5.12","United States"
"5900","Cracker Barrel","CBRL","1013181440","45.5","United States"
"5901","GO (Etihad Atheeb Telecommunication Company)","7040.SR","1012635613","29.7835","Saudi Arabia"
"5902","Yellow Hat","9882.T","1011740292","11.6022","Japan"
"5903","American Woodmark","AMWD","1011087744","69.4","United States"
"5904","Ottogi","007310.KS","1010253329","293.736","South Korea"
"5905","International General Insurance","IGIC","1009447616","23.42","Jordan"
"5906","Immunome","IMNM","1008851648","11.59","United States"
"5907","Wild Bunch","WBAH.F","1008585541","42.125","Germany"
"5908","Cronos Group","CRON","1007414848","2.63","Canada"
"5909","Samhällsbyggnadsbolaget i Norden","SBB-B.ST","1007290883","0.533173","Sweden"
"5910","Ecovyst","ECVT","1006878144","8.8","United States"
"5911","Encore Capital Group","ECPG","1006074688","43.72","United States"
"5912","Cobram Estate Olives","CBO.AX","1005283164","2.1225","Australia"
"5913","Biglari","BH","1004473472","327.21","United States"
"5914","IFA Hotels and Resorts","IFAHR.KW","1004400426","3451.21","Kuwait"
"5915","World Acceptance Corporation","WRLD","1004366656","184.43","United States"
"5916","Southern Province Cement Company","3050.SR","1004159504","7.17257","Saudi Arabia"
"5917","AMAG Austria Metall","AM8.F","1002709089","27.9663","Austria"
"5918","Cargojet","CJT.TO","1002364001","66.4376","Canada"
"5919","KITZ Corporation","6498.T","1001666621","11.5286","Japan"
"5920","AT&amp;S Austria Technologie &amp; Systemtechnik","ATS.VI","1000117037","25.743","Austria"
"5921","Cicor Technologies","CICN.SW","999986094","229.355","Switzerland"
"5922","MilDef Group","MILDEF.ST","999683236","21.227","Sweden"
"5923","Genomma Lab Internacional","LABB.MX","998948681","1.02583","Mexico"
"5924","Solaris Resources","SLSR","998435584","6.01","Canada"
"5925","NetDragon Websoft","0777.HK","996920038","1.88454","China"
"5926","Rosetti Marino","YRM.MI","996021516","262.111","Italy"
"5927","GVS S.p.A.","GVS.MI","995685415","5.31243","Italy"
"5928","Kinepolis Group","KIN.BR","995326398","37.2104","Belgium"
"5929","Employers Holdings","EIG","994775424","42.31","United States"
"5930","Tompkins Financial","TMP","990438976","68.63","United States"
"5931","Heiwado","8276.T","989822429","20.0146","Japan"
"5932","Plymouth Industrial REIT","PLYM","989617024","21.97","United States"
"5933","Stratasys","SSYS","988783872","11.62","Israel"
"5934","Enviri Corporation","NVRI","988744192","12.26","United States"
"5935","Salvatore Ferragamo","SFER.MI","988709520","5.9677","Italy"
"5936","Towa Pharmaceutical","4553.T","987563810","20.0614","Japan"
"5937","OCI","OCI.AS","987312544","4.68055","Netherlands"
"5938","Brim hf.","BRIM.IC","987182156","0.512715","Iceland"
"5939","Hartalega","5168.KL","987006303","0.289168","Malaysia"
"5940","MFA Financial","MFA","985619584","9.6","United States"
"5941","SBS Holdings","2384.T","985358109","24.8093","Japan"
"5942","Jazeera Airways","JAZEERA.KW","984741278","4476.1","Kuwait"
"5943","East Pipes Integrated Company for Industry","1321.SR","983535068","31.2233","Saudi Arabia"
"5944","Eurowag","WPS.L","983438155","1.42076","United Kingdom"
"5945","Kumho Tire","073240.KS","983398092","3.37016","South Korea"
"5946","Preformed Line Products","PLPC","981818880","199.36","United States"
"5947","Spyre Therapeutics","SYRE","980911552","16.24","United States"
"5948","Petco","WOOF","980901696","3.5","United States"
"5949","Kiwi Property","KPG.NZ","980570623","0.594723","New Zealand"
"5950","Derichebourg","DBG.PA","980564760","6.17248","France"
"5951","Allied Group Limited","0373.HK","980151414","0.278953","Hong Kong"
"5952","Riken Keiki","7734.T","979958349","21.3319","Japan"
"5953","PolyPeptide Group","PPGN.SW","979956386","29.7033","Switzerland"
"5954","KOMEDA Holdings","3543.T","979602054","21.5326","Japan"
"5955","Al-Babtain Power and Telecommunications","2320.SR","978710563","15.305","Saudi Arabia"
"5956","Montrose Environmental","MEG","978494400","27.73","United States"
"5957","ISE Chemicals","4107.T","977697649","190.583","Japan"
"5958","Fnac Darty","FNAC.PA","977243665","33.583","France"
"5959","Supply Network Limited","SNL.AX","976772830","22.4763","Australia"
"5960","First Watch Restaurant","FWRG","976383552","16","United States"
"5961","Apogee Enterprises","APOG","975935424","45.33","United States"
"5962","Elecom","6750.T","975778343","12.7791","Japan"
"5963","Brookline Bancorp","BRKL","975695360","10.95","United States"
"5964","Blend Labs","BLND","975058688","3.76","United States"
"5965","Alok Industries","ALOKINDS.NS","974817471","0.19589","India"
"5966","MapmyIndia","MAPMYINDIA.NS","974794031","18.3094","India"
"5967","Rusta AB","RUSTA.ST","973138799","6.3624","Sweden"
"5968","BASSAC","BASS.PA","973098418","58.5069","France"
"5969","Raito Kogyo","1926.T","970047925","22.335","Japan"
"5970","Rupert Resources","RUP.TO","969854358","4.13979","Canada"
"5971","ASP Isotopes","ASPI","969683328","10.55","United States"
"5972","ARS Pharmaceuticals","SPRY","968498112","9.8","United States"
"5973","Union Properties","UPP.AE","968364661","0.22575","United Arab Emirates"
"5974","United Development Company","UDCD.QA","967900596","0.273352","Qatar"
"5975","ScanSource","SCSC","967295296","44.2","United States"
"5976","Winnebago Industries","WGO","967053632","34.5","United States"
"5977","Mips AB","MIPS.ST","966402744","36.4802","Sweden"
"5978","Sun Hung Kai &amp; Co.","0086.HK","966374256","0.492345","Hong Kong"
"5979","Webjet Limited","WEB.AX","965784451","2.67278","Australia"
"5980","Pharming Group","PHAR","965327808","13.79","Netherlands"
"5981","Hagar hf.","HAGA.IC","964048929","0.877769","Iceland"
"5982","Middlesex Water Company","MSEX","963890240","53.5","United States"
"5983","J D Wetherspoon","JDW.L","963524708","9.14111","United Kingdom"
"5984","Sweetgreen","SG","963427072","8.15","United States"
"5985","Redox Limited","RDX.AX","963136574","1.83426","Australia"
"5986","M.P. Evans Group PLC","MPE.L","961591446","18.4297","United Kingdom"
"5987","LendingTree","TREE","961038528","70.56","United States"
"5988","Investcorp Capital","ICAP.AE","960687856","0.44","United Arab Emirates"
"5989","Exmar","EXM.BR","960223679","12.0758","Belgium"
"5990","IRSA Inversiones y Representaciones","IRS","960050880","11.97","Argentina"
"5991","Cancom","COK.F","959897239","29.663","Germany"
"5992","CVR Partners","UAN","959828736","90.81","United States"
"5993","Cohu","COHU","959774592","20.56","United States"
"5994","Atlanticus","ATLC","958650944","63.38","United States"
"5995","Accel Entertainment","ACEL","958420480","11.37","United States"
"5996","Mitsui High-tec","6966.T","958103375","5.24271","Japan"
"5997","EyePoint Pharmaceuticals","EYPT","958091136","13.9","United States"
"5998","Moonpig Group","MOON.L","957972488","2.96885","United Kingdom"
"5999","Power Mech Projects","POWERMECH.NS","957575364","30.2874","India"
"6000","LiveWire Group","LVWR","957566144","4.7","United States"
"6001","PageGroup","PAGE.L","957529769","3.05597","United Kingdom"
"6002","Zigup","ZIG.L","956823528","4.23547","United Kingdom"
"6003","Build-A-Bear","BBW","956765568","72.89","United States"
"6004","Americas Gold and Silver Corp","USAS","956534272","3.52","Canada"
"6005","Jupiter Fund Management","JUP.L","956495499","1.87647","United Kingdom"
"6006","Asseco South Eastern Europe","ASE.WA","956387151","18.4295","Poland"
"6007","Montepino Logística","MLMTP.PA","955869418","11.1163","Spain"
"6008","NPK International","NPKI","954934656","11.31","United States"
"6009","GAG Immobilien","GWK3.HM","954122635","59.092","Germany"
"6010","Bonheur ASA","BONHR.OL","953194830","22.4113","Norway"
"6011","Adastria","2685.T","951932409","20.5629","Japan"
"6012","Veridis Environment","VRDS.TA","951293515","6.55317","Israel"
"6013","Black Box","BBOX.NS","951153748","5.59461","India"
"6014","EuroTeleSites","ETS.VI","950563019","5.72198","Austria"
"6015","XPLR Infrastructure","XIFR","949999680","10.11","United States"
"6016","TCG BDC","CGBD","949925888","13.03","United States"
"6017","Fatima Fertilizer","FATIMA.PK","949167721","0.451985","Pakistan"
"6018","Tango Therapeutics","TNGX","949049856","8.53","United States"
"6019","Bowhead Specialty Holdings","BOW","948841088","27.28","United States"
"6020","Bit Digital","BTBT","948226560","2.95","United States"
"6021","The Real Brokerage","REAX","948129024","4.53","Canada"
"6022","Arjo AB","ARJO-B.ST","947288821","3.47795","Sweden"
"6023","Data#3 Limited","DTL.AX","946823094","6.10547","Australia"
"6024","Standard Chartered Bank (Pakistan)","SCBPL.PK","946277277","0.244416","Pakistan"
"6025","Tsuburaya Fields Holdings","2767.T","945680367","15.1998","Japan"
"6026","Magic Software","MGIC","945161600","19.25","Israel"
"6027","Service Stream Limited","SSM.AX","943913934","1.52637","Australia"
"6028","Bumble","BMBL","943383168","6.28","United States"
"6029","Life Healthcare Group","LHC.JO","943300300","0.654118","South Africa"
"6030","InMode","INMD","941816320","14.9","Israel"
"6031","BKS Bank","BKS.VI","941361503","20.5944","Austria"
"6032","Barings BDC","BBDC","941172480","8.95","United States"
"6033","BKI Investment Company","BKI.AX","941171892","1.16607","Australia"
"6034","Astra Agro Lestari","AALI.JK","941111779","0.488968","Indonesia"
"6035","Religare","RELIGARE.NS","940449268","2.84334","India"
"6036","BML, Inc.","4694.T","939921135","25.0767","Japan"
"6037","Smith Douglas Homes","SDHC","939532672","18.26","United States"
"6038","Savencia Fromage &amp; Dairy","SAVE.PA","939198713","72.5486","France"
"6039","Nittetsu Mining","1515.T","938777632","59.6606","Japan"
"6040","Emirates Driving Company","DRIVE.AE","938763805","0.87","United Arab Emirates"
"6041","Shin Nippon Air Technologies","1952.T","938569360","20.6632","Japan"
"6042","Ategrity Specialty Insurance Company","ASIC","938261440","19.52","United States"
"6043","Kempower","KEMPOWR.HE","937651959","16.9319","Finland"
"6044","ME Group International","MEGP.L","937625415","2.48231","United Kingdom"
"6045","Cable One","CABO","937170560","166.49","United States"
"6046","CBL Properties","CBL","936965952","30.29","United States"
"6047","Loma Negra","LOMA","936701440","7.62","Argentina"
"6048","Immatics","IMTX","936008128","7.7","Germany"
"6049","Zehnder Group","ZEHN.SW","935958903","84.0968","Switzerland"
"6050","Bawan Company","1302.SR","935900188","15.5983","Saudi Arabia"
"6051","Kakao Games","293490.KQ","935668870","11.1534","South Korea"
"6052","Tian An China Investments Company","0028.HK","934774541","0.637606","Hong Kong"
"6053","Fiverr","FVRR","933663808","25.28","Israel"
"6054","Bergman &amp; Beving","BERG-B.ST","933250473","34.8646","Sweden"
"6055","Vitesse Energy","VTS","932905344","24.16","United States"
"6056","Bain Capital","BCSF","932809152","14.38","United States"
"6057","Sify","SIFY","932596672","12.89","India"
"6058","Idorsia","IDIA.SW","932556730","4.5683","Switzerland"
"6059","First Mid-Illinois Bancshares","FMBH","932297728","38.85","United States"
"6060","Almunajem Foods Company","4162.SR","931100666","15.5183","Saudi Arabia"
"6061","Paul Hartmann","PHH2.F","930949858","262.111","Germany"
"6062","Upstream Bio","UPB","930476736","17.26","United States"
"6063","Royal holdings","8179.T","929866965","18.8845","Japan"
"6064","QuinStreet","QNST","928907776","16.17","United States"
"6065","Renta 4 Banco","R4.MC","928525032","22.8177","Spain"
"6066","Franklin BSP Realty Trust","FBRT","927237568","11.27","United States"
"6067","Old Second Bancorp","OSBC","927173760","17.61","United States"
"6068","LexinFintech Holdings","LX","927131968","5.51","China"
"6069","Villar International","VILR.TA","927076973","52.324","Israel"
"6070","Krosaki Harima","5352.T","926710267","27.5175","Japan"
"6071","Engro Corporation","ENGRO.PK","926404011","1.72635","Pakistan"
"6072","SPIMACO (Saudi Pharmaceutical Industries and Medical Appliances Corporation)","2070.SR","926096025","7.75917","Saudi Arabia"
"6073","HiteJinro","000080.KS","925924329","13.4664","South Korea"
"6074","NorthWest Healthcare Properties REIT","NWH-UN.TO","925514686","3.68779","Canada"
"6075","Africa Oil","AOI.TO","925295342","1.36992","Canada"
"6076","WELL Health Technologies","WELL.TO","924581908","3.64474","Canada"
"6077","MLP SE","MLP.DE","924268051","8.4601","Germany"
"6078","Mensch und Maschine","MUM.F","923951721","55.055","Germany"
"6079","Cardinal Energy","CJ.TO","923891853","5.75409","Canada"
"6080","Oculis Holding AG","OCS","922679424","17.63","Switzerland"
"6081","Australian United Investment Company","AUI.AX","921517665","7.41566","Australia"
"6082","Agrana","AGR.VI","921321250","14.7437","Austria"
"6083","Groupon","GRPN","919286848","22.74","United States"
"6084","Alfa Financial Software","ALFA.L","918280272","3.09618","United Kingdom"
"6085","Edgewell Personal Care","EPC","917204160","19.74","United States"
"6086","Rhön-Klinikum","RHK.DE","916428838","13.6906","Germany"
"6087","HighPeak Energy","HPK","915720448","7.26","United States"
"6088","Capital A (Air Asia)","5099.KL","915432183","0.21095","Malaysia"
"6089","Herbalife","HLF","914547392","8.87","United States"
"6090","Develop Global Limited","DVP.AX","914545963","2.78415","Australia"
"6091","Campus Activewear","CAMPUS.NS","913097153","2.98913","India"
"6092","Prime Medicine","PRME","912762880","5.12","United States"
"6093","Global Medical REIT","GMRE","912243072","33.5","United States"
"6094","Pacific Century Regional Developments","P15.SI","911839727","0.344539","Singapore"
"6095","Oil-Dri Corporation Of America","ODC","911522496","62.27","United States"
"6096","Sto SE &amp; Co. KGaA","STO3.DE","911339992","141.821","Germany"
"6097","SpartanNash","SPTN","910901760","26.9","United States"
"6098","Union Tool","6278.T","910289728","50.8891","Japan"
"6099","Crédit Agricole Mutuel de la Touraine et du Poitou","CRTO.PA","909969151","145.097","France"
"6100","PennantPark Floating Rate","PFLT","909828096","9.17","United States"
"6101","SAKURA Internet","3778.T","909477765","22.7362","Japan"
"6102","Happiest Minds Technologies","HAPPSTMNDS.NS","908194857","6.05274","India"
"6103","Olaplex","OLPX","907230272","1.36","United States"
"6104","MedCap","MCAP.ST","905847529","60.3752","Sweden"
"6105","Arvind","ARVIND.NS","905655847","3.4546","India"
"6106","Serica Energy","SQZ.L","905547353","2.31879","United Kingdom"
"6107","The Musashino Bank","8336.T","904777120","27.3504","Japan"
"6108","Aehr Test Systems","AEHR","904763776","30.19","United States"
"6109","Standard Motor Products (SMP)","SMP","904133056","41.12","United States"
"6110","Baladna","BLDN.QA","903222409","0.451374","Qatar"
"6111","HSC (Ho Chi Minh City Securities Corporation)","HCM.VN","902494917","0.996778","Vietnam"
"6112","Riyadh Cement Company","3092.SR","901023875","7.50853","Saudi Arabia"
"6113","Marimaca Copper","MARI.TO","900631741","7.8491","Canada"
"6114","Tadano","6395.T","900268373","7.13517","Japan"
"6115","Network18","NETWORK18.NS","899566640","0.583157","India"
"6116","Cera Sanitaryware","CERA.NS","899164809","69.7295","India"
"6117","Corsair Gaming","CRSR","898133184","8.47","United States"
"6118","Electra Real Estate","ELCRE.TA","897490315","13.9322","Israel"
"6119","Sipef","SIP.BR","897161438","86.1222","Belgium"
"6120","XPS Pensions Group","XPS.L","896556402","4.42312","United Kingdom"
"6121","Dan Hotels","DANH.TA","896090447","7.75171","Israel"
"6122","Totech Corporation","9960.T","895807340","21.7666","Japan"
"6123","GH Research","GHRS","895704448","14.44","Ireland"
"6124","DeFi Technologies","DEFI.NE","895672141","2.12371","Canada"
"6125","Nürnberger Versicherung","NBG6.F","895547733","75.8249","Germany"
"6126","Rashtriya Chemicals and Fertilizers","RCF.NS","895542049","1.62208","India"
"6127","XPEL","XPEL","895213376","32.35","United States"
"6128","ITOCHU-SHOKUHIN","2692.T","894203080","70.4823","Japan"
"6129","IRadimed","IRMD","893834496","70.27","United States"
"6130","WA1 Resources","WA1.AX","893020413","12.0275","Australia"
"6131","Y.D. More Investments","MRIN.TA","892131038","12.194","Israel"
"6132","Synsam","SYNSAM.ST","891532985","6.18634","Sweden"
"6133","Relay Therapeutics","RLAY","891366976","5.17","United States"
"6134","SIMPAR","SIMH3.SA","890460988","1.04319","Brazil"
"6135","TV TOKYO Holdings","9413.T","890257645","33.4356","Japan"
"6136","Lumi Rental Company","4262.SR","890171725","16.1849","Saudi Arabia"
"6137","Caisse Régionale de Crédit Agricole Mutuel Loire Haute-Loire","CRLO.PA","888472985","109.642","France"
"6138","Vulcan Energy Resources","VUL.AX","887651959","3.78644","Australia"
"6139","Hippo","HIPO","886994176","35.44","United States"
"6140","Taysha Gene Therapies","TSHA","886583360","3.25","United States"
"6141","Target Hospitality","TH","886035776","8.88","United States"
"6142","Noritake","5331.T","885127243","32.232","Japan"
"6143","Morguard","MRC.TO","884857542","82.6667","Canada"
"6144","Newegg","NEGG","884240064","43.18","United States"
"6145","Valneva SE","VALN","884179712","9.71","France"
"6146","TOMONY Holdings","8600.T","883708581","4.58737","Japan"
"6147","Agthia Group","AGTHIA.AE","882595428","1.06","United Arab Emirates"
"6148","Univest","UVSP","882303360","30.63","United States"
"6149","Volex plc","VLX.L","881247459","4.80511","United Kingdom"
"6150","Oxford Biomedica","OXB.L","881124706","7.33165","United Kingdom"
"6151","TOCALO Co.,Ltd.","3433.T","881049513","14.8187","Japan"
"6152","Grendene","GRND3.SA","880296262","0.975765","Brazil"
"6153","Northeast Bank","NBN","880228672","102.65","United States"
"6154","SD BioSensor","137310.KS","879259730","7.09507","South Korea"
"6155","The Rank Group","RNK.L","878996033","1.87647","United Kingdom"
"6156","Thermon Group","THR","878868352","26.58","United States"
"6157","Placoplatre","MLPLC.PA","878493149","672.829","France"
"6158","Mitsuuroko Group Holdings","8131.T","878192795","15.5609","Japan"
"6159","The Pennant Group","PNTG","877874368","25.4","United States"
"6160","Deluxe","DLX","877057728","19.54","United States"
"6161","Vital Healthcare Property Trust","VHP.NZ","876599945","1.2876","New Zealand"
"6162","Latham Group","SWIM","876396288","7.52","United States"
"6163","Mullen Group","MTL.TO","874787641","10.023","Canada"
"6164","Marten Transport","MRTN","874714112","10.73","United States"
"6165","Galaxy Surfactants","GALAXYSURF.NS","874205744","24.6454","India"
"6166","Cathay Real Estate Development","2501.TW","873753960","0.753521","Taiwan"
"6167","JOST Werke SE","JST.DE","873496341","58.6239","Germany"
"6168","Borosil","BORORENEW.NS","873260098","6.55544","India"
"6169","Southside Bancshares","SBSI","873225536","29.03","United States"
"6170","Dexco","DXCO3.SA","871207240","1.07503","Brazil"
"6171","SkyWater Technology","SKYT","871018752","18.08","United States"
"6172","Grenke","GLJ.F","870530668","19.7051","Germany"
"6173","Troax Group AB","TROAX.ST","870215703","14.5411","Sweden"
"6174","Pierre et Vacances","VAC.PA","870081935","1.88392","France"
"6175","PM Capital Global Opportunities Fund","PGF.AX","869992823","1.81461","Australia"
"6176","Guess","GES","869777216","16.7","United States"
"6177","Bangkok Airways","BA.BK","868470197","0.413557","Thailand"
"6178","Iino Kaiun Kaisha","9119.T","868125479","8.20511","Japan"
"6179","Ponsse","PON1V.HE","868098654","31.0087","Finland"
"6180","HSBC Oman","HBMO.OM","867668167","0.433766","Oman"
"6181","ESAB India","ESABINDIA.NS","867432584","56.3523","India"
"6182","Canadian Solar","CSIQ","867290624","12.95","Canada"
"6183","Future plc","FUTR.L","866662599","8.6988","United Kingdom"
"6184","Hansen Technologies","HSN.AX","866631785","4.245","Australia"
"6185","Africa Israel Residences","AFRE.TA","866626291","68.4237","Israel"
"6186","Perfect Presentation for Commercial Services CompanyPerfect Presentation for Commercial Services","7204.SR","866307561","2.88769","Saudi Arabia"
"6187","Mahindra Lifespaces","MAHLIFE.NS","866026778","4.06055","India"
"6188","Miramar Hotel and Investment","0071.HK","866020123","1.25336","Hong Kong"
"6189","LINK Mobility Group","LINK.OL","865252493","3.04834","Norway"
"6190","Kirloskar Ferrous Industries","KIRLFER.NS","863925834","5.19121","India"
"6191","HealthStream","HSTM","863744768","29.14","United States"
"6192","WhiteFiber","WYFI","863544768","22.83","United States"
"6193","EverQuote","EVER","863529024","23.65","United States"
"6194","Sumitomo Osaka Cement","5232.T","862563403","27.0026","Japan"
"6195","I.B.I. Investment House","IBI.TA","860984231","63.087","Israel"
"6196","Autobacs Seven","9832.T","859228831","10.9468","Japan"
"6197","Sana Biotechnology","SANA","859216576","3.34","United States"
"6198","Kelsian Group","KLS.AX","859188918","3.1641","Australia"
"6199","AmRest","EAT.MC","856816426","3.96677","Spain"
"6200","ATOM Corporation","7412.T","856234394","4.39344","Japan"
"6201","Kosmos Energy","KOS","856074624","1.79","United States"
"6202","South Indian Bank","SOUTHBANK.NS","855999965","0.327123","India"
"6203","Fujita Kanko","9722.T","855886809","71.4185","Japan"
"6204","Alpha &amp; Omega Semiconductor","AOSL","855325312","28.47","United States"
"6205","Aeon Hokkaido Corporation","7512.T","854224152","6.1321","Japan"
"6206","Mani, Inc.","7730.T","853674699","8.66652","Japan"
"6207","Aeva Technologies","AEVA","853364544","15.15","United States"
"6208","Liquidity Services","LQDT","852768448","27.3","United States"
"6209","Worldline","WLN.PA","852720531","3.01896","France"
"6210","PHC Holdings Corporation","6523.T","852710883","6.74063","Japan"
"6211","I.D.I. Insurance Company","IDIN.TA","851036401","57.631","Israel"
"6212","Aktia Bank","AKTIA.HE","850760241","11.6195","Finland"
"6213","NEUCA","NEU.WA","850014026","189.506","Poland"
"6214","Mission Produce","AVO","849547584","12.03","United States"
"6215","Beta Bionics","BBNX","848971520","19.53","United States"
"6216","NETGEAR","NTGR","848500288","29.25","United States"
"6217","UroGen Pharma","URGN","848484160","18.34","United States"
"6218","Synergie SE","SDG.PA","848205782","37.0934","France"
"6219","Strides Pharma","STAR.NS","848183173","9.20211","India"
"6220","Rezolute","RZLT","848178176","9.34","United States"
"6221","Claritev","CTEV","847630272","51.45","United States"
"6222","Propel Holdings","PRL.TO","846332738","21.7034","Canada"
"6223","Admie Holding","ADMIE.AT","846204154","3.65083","Greece"
"6224","Zenas BioPharma","ZBIO","845996160","20.09","United States"
"6225","Arbutus Biopharma","ABUS","845391168","4.41","United States"
"6226","Saudi Ceramic Company","2040.SR","845196231","8.4791","Saudi Arabia"
"6227","Formosa Taffeta","1434.TW","845185648","0.497423","Taiwan"
"6228","Yatsen Holding","YSG","844634432","9","China"
"6229","Banco de Brasília","BSLI3.SA","844236574","1.72679","Brazil"
"6230","Kanamoto","9678.T","844227503","24.2408","Japan"
"6231","Heritage Financial","HFWA","843736832","24.85","United States"
"6232","CorMedix","CRMD","843533632","11.3","United States"
"6233","Viña Concha y Toro","CONCHATORO.SN","843082529","1.14083","Chile"
"6234","The ODP Corporation","ODP","842688128","27.98","United States"
"6235","SLR Investment","SLRC","842323520","15.44","United States"
"6236","Itoki Corporation","7972.T","841852474","17.0388","Japan"
"6237","Nanosonics Limited","NAN.AX","841379938","2.77104","Australia"
"6238","McEwen Mining","MUX","841354752","15.55","Canada"
"6239","Inventiva","IVA","841311104","6.05","France"
"6240","Energy Absolute","EA.BK","840595618","0.108831","Thailand"
"6241","Marksans Pharma","MARKSANS.NS","840557637","1.85487","India"
"6242","Unitil Corporation","UTL","840507904","46.97","United States"
"6243","Sparebanken Sør","SOR.OL","840479500","20.1631","Norway"
"6244","Borr Drilling","BORR","838638848","2.93","Bermuda"
"6245","ASA Gold and Precious Metals","ASA","838497728","44.43","United States"
"6246","Subros","SUBROS.NS","838037392","12.7628","India"
"6247","Riverstone Holdings","AP4.SI","837720274","0.561328","Singapore"
"6248","NerdWallet","NRDS","836761152","11.01","United States"
"6249","Amerant Bancorp","AMTB","836534720","19.94","United States"
"6250","Jastrzebska Spólka Weglowa","JSW.WA","836234628","7.12225","Poland"
"6251","Domino's Pizza Enterprises (Australia)","DMP.AX","835899458","8.85031","Australia"
"6252","Phathom Pharmaceuticals","PHAT","835716928","11.78","United States"
"6253","FDC India","FDC.NS","835330420","5.12463","India"
"6254","Kodiak Sciences","KOD","834582656","15.8","United States"
"6255","SMA Solar Technology","S92.F","834001916","24.0346","Germany"
"6256","Getty Images","GETY","833770688","2.01","United States"
"6257","Amalgamated Financial","AMAL","833720384","27.69","United States"
"6258","Capitol Federal Savings Bank","CFFN","832486848","6.39","United States"
"6259","NS United Kaiun Kaisha","9110.T","832056214","35.308","Japan"
"6260","Chesnara plc","CSN.L","831662041","3.60551","United Kingdom"
"6261","AMERISAFE","AMSF","831220864","43.77","United States"
"6262","Voyageurs du Monde","ALVDM.PA","831060582","186.052","France"
"6263","Horizon Bancorp","HBNC","830022272","16.2","United States"
"6264","Central Pacific Financial","CPF","829139520","30.73","United States"
"6265","Compañía de Acero del Pacífico","CAP.SN","827575331","5.53754","Chile"
"6266","Prima Meat Packers","2281.T","826844791","16.4503","Japan"
"6267","Manitou Group","MTU.PA","826608441","21.6007","France"
"6268","Ballard Power Systems","BLDP","826588736","2.75","Canada"
"6269","Scanfil","SCANFL.HE","826241186","12.6375","Finland"
"6270","Sprout Social","SPT","825765376","14.04","United States"
"6271","Aoyama Trading","8219.T","825703977","17.0121","Japan"
"6272","DFDS A/S","DFDS.CO","825276161","15.2841","Denmark"
"6273","Xencor","XNCR","825207616","11.57","United States"
"6274","Nextdoor","NXDR","824862976","2.13","United States"
"6275","Eagle Point Credit Company","ECC","823682624","6.52","United States"
"6276","Hallador Energy Company","HNRG","823215808","19.14","United States"
"6277","TreeHouse Foods","THS","823149952","16.3","United States"
"6278","Geron","GERN","823042048","1.29","United States"
"6279","Forward Air","FWRD","822913472","26.725","United States"
"6280","Al Meera Consumer Goods Company","MERS.QA","821736275","3.98901","Qatar"
"6281","Gulf Insurance Group","GINS.KW","819986079","2881.47","Kuwait"
"6282","KinderCare Learning Companies","KLC","819774272","6.94","United States"
"6283","Enghouse Systems","ENGH.TO","819709134","14.8803","Canada"
"6284","Arclands Corporation","9842.T","818619265","13.1402","Japan"
"6285","Sheela Foam","SFL.NS","818020278","7.52474","India"
"6286","Momentum Group AB","MMGR-B.ST","816601946","16.5182","Sweden"
"6287","CrossAmerica Partners","CAPL","815344576","21.39","United States"
"6288","Energy Recovery","ERII","814999232","15.32","United States"
"6289","Collins Foods Limited","CKF.AX","814885573","6.90468","Australia"
"6290","ENCE Energía y Celulosa","ENC.MC","814696698","3.36064","Spain"
"6291","Empiric Student Property Plc","ESP.L","814561204","1.22641","United Kingdom"
"6292","Al Majed for Oud Company","4165.SR","813913160","32.5565","Saudi Arabia"
"6293","MOIL","MOIL.NS","813747952","3.99905","India"
"6294","Embecta","EMBC","812943168","13.9","United States"
"6295","HIVE Blockchain Technologies","HIVE","812473216","3.52","Canada"
"6296","Mishra Dhatu Nigam","MIDHANI.NS","812270229","4.33306","India"
"6297","Mind Medicine (MindMed)","MNMD","811858368","10.67","United States"
"6298","Tandem Diabetes Care","TNDM","810833664","12","United States"
"6299","Compass Minerals","CMP","810427520","19.44","United States"
"6300","Similarweb","SMWB","809631616","9.54","Israel"
"6301","Toho Titanium","5727.T","809092636","11.3681","Japan"
"6302","Funai Soken Holdings Incorporated","9757.T","808790574","17.4868","Japan"
"6303","Hankyu Hanshin REIT","8977.T","808442386","1162.89","Japan"
"6304","Avon Protection","AVON.L","808410571","27.2759","United Kingdom"
"6305","Morgan Advanced Materials","MGAM.L","807549838","2.90183","United Kingdom"
"6306","HBT Financial","HBT","807542912","25.64","United States"
"6307","Steel Partners","SPLP","807076416","42.25","United States"
"6308","edenor","EDN","806494848","16.6","Argentina"
"6309","Piaggio","PIA.MI","806003003","2.28645","Italy"
"6310","Oppenheimer Holdings","OPY","805663680","76.58","United States"
"6311","Adecoagro","AGRO","805559040","8.05","Luxembourg"
"6312","National Presto Industries","NPK","805251456","112.63","United States"
"6313","Waha Capital Company","WAHA.AE","805161443","0.43","United Arab Emirates"
"6314","United States Antimony Corporation","UAMY","804548992","6.25","United States"
"6315","Ferroglobe","GSM","804357504","4.31","United Kingdom"
"6316","BCI Minerals Limited","BCI.AX","803926039","0.278415","Australia"
"6317","Docebo","DCBO","801919168","27.855","Canada"
"6318","Victrex","VCT.L","801586895","9.20813","United Kingdom"
"6319","Great Lakes Dredge &amp; Dock Corp.","GLDD","800984640","11.78","United States"
"6320","Kuwait Cement Company","KCEM.KW","800753022","1123.12","Kuwait"
"6321","Voltamp Transformers","VOLTAMP.NS","798789078","78.9542","India"
"6322","Tinexta","TNXT.MI","798514419","17.4","Italy"
"6323","Kohnan Shoji","7516.T","798429084","28.1862","Japan"
"6324","indie Semiconductor","INDI","798179264","4.02","United States"
"6325","Verbio","VBK.F","797748231","12.5205","Germany"
"6326","Thurgauer Kantonalbank","TKBP.SW","797102350","199.276","Switzerland"
"6327","Metropolitan Bank Holding","MCB","795464256","76.33","United States"
"6328","NGL Energy Partners","NGL","795210944","6.22","United States"
"6329","Sichuan Xunyou Network Technology","300467.SZ","795178085","3.7856","China"
"6330","Hektaş","HEKTS.IS","795067736","0.0943141","Turkey"
"6331","CareDx","CDNA","794678336","14.93","United States"
"6332","i-80 Gold","IAUX","793891968","0.9636","United States"
"6333","Osisko Development","ODV","793615616","3.32","Canada"
"6334","Nissin Corporation","9066.T","793168742","53.9651","Japan"
"6335","Nanobiotix","NBTX","792680704","16.24","France"
"6336","Cenomi Retail (Fawaz Abdulaziz Al Hokair &amp; Company)","4240.SR","791956983","6.9006","Saudi Arabia"
"6337","Deutsche Pfandbriefbank","PBB.DE","791255668","5.82261","Germany"
"6338","Kurabo Industries","3106.T","790808285","47.6124","Japan"
"6339","MediaAlpha","MAX","790004608","12.04","United States"
"6340","Axogen","AXGN","789575808","17.16","United States"
"6341","Sun Frontier Fudousan","8934.T","789571276","16.2832","Japan"
"6342","Equity Bancshares","EQBK","789476928","41.08","United States"
"6343","Sappi","SAP.JO","789337100","1.31169","South Africa"
"6344","Sigma Lithium","SGML","789071040","7.03","Canada"
"6345","Fortrea","FTRE","788144000","8.68","United States"
"6346","Burelle","BUR.PA","787665947","449.333","France"
"6347","Genco Shipping &amp; Trading","GNK","787017344","18.32","United States"
"6348","Green Dot","GDOT","786576384","14.2","United States"
"6349","VTEX","VTEX","786081216","4.32","United Kingdom"
"6350","Kvutzat Acro","ACRO.TA","785865660","12.4624","Israel"
"6351","Logistea AB","LOGI-A.ST","785518065","1.57847","Sweden"
"6352","Kura Oncology","KURA","785514560","9.05","United States"
"6353","Trican Well Service","TCW.TO","785320804","4.39808","Canada"
"6354","First Milling Company","2283.SR","785056232","14.1452","Saudi Arabia"
"6355","Tetra Technologies","TTI","785017600","5.89","United States"
"6356","Zignago Vetro","ZV.MI","784947557","8.89305","Italy"
"6357","Egypt Kuwait Holding Company","EKHOLDING.KW","784862204","743.287","Egypt"
"6358","United Fire Group","UFCS","784644160","30.78","United States"
"6359","TXO Energy Partners","TXO","784511040","14.32","United States"
"6360","IFB Industries","IFBIND.NS","784239522","19.3374","India"
"6361","Festi hf.","FESTI.IC","783959942","2.51025","Iceland"
"6362","Ålandsbanken","ALBAV.HE","783947117","52.5392","Finland"
"6363","Latitude Group Holdings","LFS.AX","783264248","0.753357","Australia"
"6364","Archicom","ARH.WA","782873353","13.3834","Poland"
"6365","CEWE","CWC.F","782762301","114.088","Germany"
"6366","Equasens","EQS.PA","782702165","52.0711","France"
"6367","Mochida Pharmaceutical","4534.T","782304143","22.0675","Japan"
"6368","Volaris","VLRS","782292736","6.73","Mexico"
"6369","McMillan Shakespeare","MMS.AX","781972760","11.2283","Australia"
"6370","Gaotu Techedu","GOTU","781873344","3.21","China"
"6371","Bystronic AG","BYS.SW","781728441","378.498","Switzerland"
"6372","Precision Drilling Corporation","PDS","781121472","59.09","Canada"
"6373","YIT","YIT.HE","781055135","3.38638","Finland"
"6374","Regencell Bioscience","RGC","780774016","60","Hong Kong"
"6375","JCU Corporation","4975.T","780644006","31.3626","Japan"
"6376","Salhia Real Estate Company","SRE.KW","778679938","1293.39","Kuwait"
"6377","Bénéteau","BEN.PA","778612261","9.67119","France"
"6378","Niagen Bioscience","NAGE","778388928","9.76","United States"
"6379","Septerna","SEPN","778010688","17.45","United States"
"6380","Thermador Groupe","THEP.PA","777997499","84.835","France"
"6381","Riskified","RSKD","777623424","4.74","Israel"
"6382","Earth Corporation","4985.T","777237616","35.5755","Japan"
"6383","Nitta Corporation","5186.T","776972969","28.0525","Japan"
"6384","TomTom","TOM2.AS","776554241","6.31289","Netherlands"
"6385","Ricegrowers Limited","SGLLV.AX","775743986","11.5624","Australia"
"6386","Musti Group","MUSTI.HE","774336408","23.1921","Finland"
"6387","Cantaloupe","CTLP","774040576","10.55","United States"
"6388","Gulf Investment House Company","GIH.KW","773011569","1941.72","Kuwait"
"6389","Ethos Watches","ETHOSLTD.NS","772467884","28.869","India"
"6390","ECARX Holdings","ECX","771118400","2.08","China"
"6391","Asseco Business Solutions","ABS.WA","771113552","23.366","Poland"
"6392","Heritage Insurance","HRTG","771096832","24.86","United States"
"6393","FD Technologies","FDP.L","770162685","33.1162","United Kingdom"
"6394","Hogy Medical","3593.T","769885846","35.7093","Japan"
"6395","Canaccord Genuity Group","CF.TO","769177563","7.69126","Canada"
"6396","Standard Lithium","SLI","766140864","3.75","Canada"
"6397","Sky Harbour Group","SKYH","765305152","10.08","United States"
"6398","Grieg Seafood","GSF.OL","764789357","6.81364","Norway"
"6399","Suprajit Engineering","SUPRAJIT.NS","764653912","5.57486","India"
"6400","Bank AL Habib","BAHL.PK","764154378","0.687544","Pakistan"
"6401","Systems Limited (Pakistan)","SYS.PK","763518466","0.519597","Pakistan"
"6402","Iovance Biotherapeutics","IOVA","763511680","2.11","United States"
"6403","Amanat Holdings","AMANAT.AE","763434156","0.307717","United Arab Emirates"
"6404","Vir Biotechnology","VIR","762651200","5.49","United States"
"6405","APG|SGA","APGN.SW","762509993","254.421","Switzerland"
"6406","Ascopiave","ASC.MI","762319147","3.52212","Italy"
"6407","GOLDCREST Co.,Ltd.","8871.T","762307722","22.9369","Japan"
"6408","Nagarro","NA9.DE","761542774","58.9165","Germany"
"6409","Elior Group","ELIOR.PA","761348138","3.00491","France"
"6410","Amotiv Limited","AOV.AX","760038516","5.66656","Australia"
"6411","Paysafe","PSFE","759711296","12.91","United States"
"6412","MPC Container Ships","MPCC.OL","759696080","1.71218","Norway"
"6413","Brandywine Realty Trust","BDN","759575872","4.36","United States"
"6414","Electra Consumer Products","ECP.TA","759507452","32.7062","Israel"
"6415","Takara Bio","4974.T","758530355","6.29928","Japan"
"6416","Granite Ridge Resources","GRNT","757299840","5.77","United States"
"6417","discoverIE Group plc","DSCV.L","757042867","7.88119","United Kingdom"
"6418","Mastek","MASTEK.NS","756986686","24.4321","India"
"6419","Hanmi Financial","HAFC","756464576","25.11","United States"
"6420","AO World","AO.L","755836004","1.33766","United Kingdom"
"6421","GB Group (GBG)","GBG.L","755707761","3.08278","United Kingdom"
"6422","DoubleUGames","192080.KS","755616153","37.32","South Korea"
"6423","Tsuruha Holdings","3391.T","755070384","15.3812","Japan"
"6424","Pakistan State Oil Company","PSO.PK","752750233","1.60339","Pakistan"
"6425","Cars.com","CARS","752092864","12.24","United States"
"6426","Pollen Street Group","POLN.L","750258736","12.4652","United Kingdom"
"6427","Avino Silver &amp; Gold Mines","ASM","749979904","5.11","Canada"
"6428","Kura Sushi USA","KRUS","749703296","61.99","United States"
"6429","Huya","HUYA","749335680","3.37","China"
"6430","Singapore Post","S08.SI","749099562","0.332926","Singapore"
"6431","Better Collective A/S","BETCO-DKK.CO","748392007","12.4781","Denmark"
"6432","Warteck Invest","WARN.SW","748340942","2418.88","Switzerland"
"6433","Avalon Technologies","AVALON.NS","748246110","11.2157","India"
"6434","Groupe CRIT","CEN.PA","747089528","70.9104","France"
"6435","Insteel Industries","IIIN","747084800","38.49","United States"
"6436","Shutterstock","SSTK","746730368","21.05","United States"
"6437","International Financial Advisors Holding","IFA.KW","744583751","1430.91","Kuwait"
"6438","Hangzhou Electronic Soul Network Technology","603258.SS","744469747","2.95557","China"
"6439","Mercantile Bank","MBWM","744186432","45.8","United States"
"6440","Oman Arab Bank","OAB.OM","743876114","0.371429","Oman"
"6441","Anavex Life Sciences","AVXL","743840576","8.66","United States"
"6442","Ethan Allen","ETD","743664896","29.23","United States"
"6443","Noor Financial Investment Company","NOOR.KW","743658486","1460.38","Kuwait"
"6444","Redwood Trust","RWT","743034944","5.75","United States"
"6445","ADTRAN","ADTN","742884096","9.28","United States"
"6446","Harvia Oyj","HARVIA.HE","742499741","39.7262","Finland"
"6447","ANGI Homeservices","ANGI","742287744","16.74","United States"
"6448","Allient","ALNT","742277504","43.8","United States"
"6449","Zuken Inc.","6947.T","741924438","34.6393","Japan"
"6450","Seneca Foods","SENEA","741905024","107.45","United States"
"6451","Malam - Team","MLTM.TA","741569439","33.869","Israel"
"6452","Aker BioMarine","AKBM.OL","741367345","8.45312","Norway"
"6453","Shui On Land","0272.HK","741329947","0.0925557","China"
"6454","Matthews International Corporation","MATW","741137088","24.07","United States"
"6455","Theeb Rent A Car Company","4261.SR","739521079","17.1982","Saudi Arabia"
"6456","Universal Insurance Holdings","UVE","739398656","26.11","United States"
"6457","Westlake Chemical Partners","WLKP","738247744","20.95","United States"
"6458","Qudian","QD","738115392","4.47","China"
"6459","Südwestdeutsche Salzwerke","SSH.F","737713521","70.2083","Germany"
"6460","Sustained Infrastructure Holding Company (sisco)","2190.SR","737363195","9.0657","Saudi Arabia"
"6461","HomeTrust Bancshares","HTB","736789696","42.1","United States"
"6462","Ridley Corporation","RIC.AX","736691282","1.96528","Australia"
"6463","Phnom Penh Water Supply Authority","PWSA.KH","736602301","1.54","Cambodia"
"6464","Aisan Industry","7283.T","736199060","12.9128","Japan"
"6465","Clairvest Group","CVG.TO","735722560","51.9375","Canada"
"6466","Clear Channel Outdoor","CCO","735578944","1.48","United States"
"6467","CNB Financial Corp","CCNE","734815424","24.93","United States"
"6468","Vamos Locação de Caminhões, Máquinas e Equipamentos S.A.","VAMO3.SA","734763752","0.689216","Brazil"
"6469","ACLEDA Bank","ABC.KH","734578539","1.7","Cambodia"
"6470","adesso SE","ADN1.DE","734045990","114.674","Germany"
"6471","American Axle &amp; Manufacturing","AXL","733344448","6.18","United States"
"6472","Mutares","MUX.DE","733227006","33.8755","Germany"
"6473","BrightSpire Capital","BRSP","733165760","5.64","United States"
"6474","ProKidney","PROK","732763328","2.49","United States"
"6475","Arendals Fossekompani","AFK.OL","732705189","13.3365","Norway"
"6476","MetroCity Bankshares","MCBS","732677952","28.69","United States"
"6477","Société de la Tour Eiffel","EIFF.PA","732325419","5.51135","France"
"6478","Prashkovsky Investments and Construction","PRSK.TA","732197249","34.8827","Israel"
"6479","Smartgroup Corporation","SIQ.AX","731994567","5.39797","Australia"
"6480","Unilever Pakistan Foods","UPFL.PK","731966937","114.91","Pakistan"
"6481","Ryerson","RYI","731881088","22.73","United States"
"6482","ArriVent BioPharma","AVBP","731458112","18.03","United States"
"6483","Maxvalu Tokai","8198.T","731216129","22.9369","Japan"
"6484","Armah Sports","9590.SR","730710636","22.2376","Saudi Arabia"
"6485","MATSUDA SANGYO","7456.T","730505839","28.1862","Japan"
"6486","Predictive Discovery Limited","PDI.AX","730133556","0.278415","Australia"
"6487","Yuasa Trading","8074.T","729928996","34.7062","Japan"
"6488","Harworth Group","HWG.L","729909690","2.25177","United Kingdom"
"6489","Karnataka Bank","KTKBANK.NS","729612386","1.93013","India"
"6490","Shentel","SHEN","729582080","13.29","United States"
"6491","Nice One Beauty Digital Marketing Company","4193.SR","729266199","6.31399","Saudi Arabia"
"6492","Olvi plc","OLVAS.HE","729265087","35.2212","Finland"
"6493","Kyokuto Kaihatsu Kogyo","7226.T","728374367","18.958","Japan"
"6494","Ataa Educational Company","4292.SR","728311728","17.3048","Saudi Arabia"
"6495","Mavi Giyim Sanayi ve Ticaret","MAVI.IS","728309391","0.916675","Turkey"
"6496","Beazer Homes USA","BZH","727983040","24.49","United States"
"6497","Red Violet","RDVT","727820800","52.07","United States"
"6498","Capital City Bank Group","CCBG","727374720","42.62","United States"
"6499","Akebia Therapeutics","AKBA","726497408","2.74","United States"
"6500","everplay group plc","EVPL.L","726129549","5.03967","United Kingdom"
"6501","Douglas Dynamics","PLOW","725787648","31.5","United States"
"6502","Celesc (Centrais Elétricas de Santa Catarina)","CLSC4.SA","725587997","19.1014","Brazil"
"6503","Lincoln Educational Services","LINC","724693824","22.92","United States"
"6504","Aquestive Therapeutics","AQST","724632000","5.99","United States"
"6505","Kimball Electronics","KE","724375808","29.91","United States"
"6506","LSI Industries","LYTS","724161152","23.69","United States"
"6507","Uxin Limited","UXIN","723654016","3.51","China"
"6508","Praj Industries","PRAJIND.NS","723438829","3.93135","India"
"6509","AMN Healthcare Services","AMN","723178752","18.87","United States"
"6510","Abacus Group","ABG.AX","723005051","0.80904","Australia"
"6511","Teekay","TK","722228736","8.47","Canada"
"6512","NB Bancorp","NBBK","722053440","18.13","United States"
"6513","Nexity","NXI.PA","721134256","12.9066","France"
"6514","Mersen","MRN.PA","720809463","29.6045","France"
"6515","Mühlbauer Holding","MUB.DE","720718398","50.784","Germany"
"6516","Foresight Group","FSG.L","720540014","6.29959","United Kingdom"
"6517","Safilo Group","SFL.MI","720500247","1.81839","Italy"
"6518","Plus Alpha Consulting","4071.T","719567669","16.6108","Japan"
"6519","Bravura Solutions","BVS.AX","719511946","1.60498","Australia"
"6520","Caisse régionale de Crédit Agricole Mutuel d'Ille-et-Vilaine","CIV.PA","719486702","119.331","France"
"6521","Serve Robotics","SERV","719228736","11.68","United States"
"6522","Axial Retailing","8255.T","719169248","8.11818","Japan"
"6523","Kossan Rubber Industries","7153.KL","719147590","0.284428","Malaysia"
"6524","Aubay","AUB.PA","718623832","55.9911","France"
"6525","Ibstock plc","IBST.L","718353910","1.82018","United Kingdom"
"6526","NAGAWA Co., Ltd.","9663.T","717960122","45.9406","Japan"
"6527","Koh Young Technology","098460.KQ","717325141","10.451","South Korea"
"6528","Shibaura Electronics","6957.T","716772142","47.5455","Japan"
"6529","D2L Inc.","DTOL.TO","716709997","13.0866","Canada"
"6530","Myriad Genetics","MYGN","716443584","7.7","United States"
"6531","Tiptree","TIPT","714378176","19.05","United States"
"6532","Arata Corporation","2733.T","714363040","21.3988","Japan"
"6533","Japan Lifeline","7575.T","713900688","10.1845","Japan"
"6534","Oeneo","SBT.PA","713577298","11.1397","France"
"6535","Transport International Holdings","0062.HK","713248960","1.3562","Hong Kong"
"6536","Patrizia Immobilien","P1Z.VI","713224272","8.24947","Germany"
"6537","Hunting PLC","HTG.L","713221163","4.57726","United Kingdom"
"6538","Audax Renovables","ADX.MC","713210193","1.57969","Spain"
"6539","Revenio","REG1V.HE","712441044","26.7805","Finland"
"6540","Metallus","MTUS","711468160","17.01","United States"
"6541","Energiekontor","EKT.DE","711297607","51.018","Germany"
"6542","Pakistan Oilfields Limited","POL.PK","711232896","2.50562","Pakistan"
"6543","Velocity Financial","VEL","710729344","18.49","United States"
"6544","TrustCo Bank","TRST","710306240","37.68","United States"
"6545","Yanbu Cement Company","3060.SR","710144220","4.50885","Saudi Arabia"
"6546","Delta Israel Brands","DLTI.TA","709834705","28.3683","Israel"
"6547","Vital Energy","VTLE","709695680","18.34","United States"
"6548","Lindblad Expeditions","LIND","709519488","12.95","United States"
"6549","GOL Airlines","GOLL4.SA","708619781","0.221287","Brazil"
"6550","Theravance Biopharma","TBPH","708583424","14.07","Cayman Islands"
"6551","IDOM Inc.","7599.T","708365127","7.05492","Japan"
"6552","JK Paper","JKPAPER.NS","708312087","4.1796","India"
"6553","Bajaj Electricals","BAJAJELEC.NS","708229770","6.13117","India"
"6554","Carriage Services","CSV","708158784","45.11","United States"
"6555","Great Southern Bancorp","GSBC","706548864","62.37","United States"
"6556","Caledonia Mining","CMCL","706189056","36.6","Jersey"
"6557","Armada Hoffler Properties","AHH","705954752","6.81","United States"
"6558","Surya Roshni","SURYAROSNI.NS","705543921","3.2402","India"
"6559","Chiyoda Corporation","6366.T","705236970","2.72166","Japan"
"6560","Property For Industry","PFI.NZ","704757042","1.40308","New Zealand"
"6561","Modern Mills for Food Products","2284.SR","704635824","8.69774","Saudi Arabia"
"6562","Nippon Seiki","7287.T","704504493","12.2776","Japan"
"6563","Weathernews Inc.","4825.T","703109715","31.7304","Japan"
"6564","SF Urban Properties (SFP)","SFPN.SW","702827220","120.317","Switzerland"
"6565","Bapcor Limited","BAP.AX","702616156","2.0701","Australia"
"6566","Waterdrop Inc.","WDH","701625280","1.94","China"
"6567","LEM Holding","LEHN.SW","701287319","616","Switzerland"
"6568","RAIZNEXT Corporation","6379.T","701098542","12.9931","Japan"
"6569","Five Star Bancorp","FSBC","701085824","32.81","United States"
"6570","Sturm, Ruger &amp; Co","RGR","700947200","43.37","United States"
"6571","Stabilus","STM.DE","700883416","28.3758","Luxembourg"
"6572","Zojirushi","7965.T","700593461","11.0338","Japan"
"6573","K-Electric","KEL.PK","700299945","0.0253592","Pakistan"
"6574","Puravankara","PURVA.NS","700158726","2.94738","India"
"6575","CI&amp;T","CINT","699812864","5.2","Brazil"
"6576","Finnair","FIA1S.HE","699729080","3.4168","Finland"
"6577","Symphony Limited","SYMPHONY.NS","699569384","10.1872","India"
"6578","BlackSky Technology","BKSY","699005568","19.71","United States"
"6579","Obrascón Huarte Lain","OHLA.MC","698826969","0.5055","Spain"
"6580","RattanIndia Power","RTNPOWER.NS","698675457","0.130105","India"
"6581","Ackerstein Group","ACKR.TA","698644923","2.42181","Israel"
"6582","Mannai Corporation","MCCS.QA","698199329","1.53049","Qatar"
"6583","Ituran","ITRN","697866816","35.08","Israel"
"6584","NIPPON KANZAI Holdings","9347.T","696590452","19.1787","Japan"
"6585","American Public Education","APEI","696307392","38.54","United States"
"6586","Donegal Group","DGICA","695676416","19.44","United States"
"6587","SunOpta","STKL","695113792","5.88","Canada"
"6588","Basilea Pharmaceutica","BSLN.SW","695001299","56.6494","Switzerland"
"6589","Sabre","SABR","694345280","1.76","United States"
"6590","SunCoke Energy","SXC","694257152","8.2","United States"
"6591","National Investments Company (Kuwait)","NINV.KW","694196851","870.989","Kuwait"
"6592","Hutchison Telecommunications Hong Kong Holdings","0215.HK","693831911","0.143976","Hong Kong"
"6593","Day One Biopharmaceuticals","DAWN","693464192","6.77","United States"
"6594","Navigator Global Investments","NGI.AX","693462625","1.415","Australia"
"6595","Credit Corp Group","CCP.AX","693378228","10.1867","Australia"
"6596","Saudi Steel Pipes","1320.SR","693366541","13.7185","Saudi Arabia"
"6597","Pareto Bank","PARB.OL","692929303","9.02468","Norway"
"6598","Fenix Outdoor","FOI-B.ST","692898544","51.5528","Switzerland"
"6599","Scholastic","SCHL","692824128","27.56","United States"
"6600","PowerFleet","AIOT","692570688","5.19","United States"
"6601","Fulgent Genetics","FLGT","691458304","22.59","United States"
"6602","Tyra Biosciences","TYRA","691263936","12.97","United States"
"6603","Daikokutenbussan","2791.T","690865677","49.886","Japan"
"6604","Premium Water Holdings","2588.T","690480731","23.104","Japan"
"6605","CSB Bank","CSBBANK.NS","689490343","4.06958","India"
"6606","Atal S.A.","1AT.WA","688121721","15.9064","Poland"
"6607","Tsakos Energy Navigation","TEN","688114496","22.84","Greece"
"6608","Kyoei Steel","5440.T","687887565","15.8284","Japan"
"6609","Citycon","CTY1S.HE","687793072","3.74678","Finland"
"6610","Ready Capital","RC","687759104","4.17","United States"
"6611","Showa Sangyo","2004.T","687269142","21.1648","Japan"
"6612","Transcat","TRNS","686816064","73.7","United States"
"6613","Regal Partners Limited","RPL.AX","685857966","1.92597","Australia"
"6614","Ibotta","IBTA","685845952","27.15","United States"
"6615","Major Drilling Group International","MDI.TO","685701917","8.37285","Canada"
"6616","Indian Metals &amp; Ferro Alloys","IMFA.NS","685177713","12.6719","India"
"6617","Allied Bank (Pakistan)","ABL.PK","685105695","0.598307","Pakistan"
"6618","First Financial","THFF","685085824","57.81","United States"
"6619","The Westaim Corporation","WED.V","684130237","20.3904","Canada"
"6620","Auto Partner","APR.WA","682775259","5.22719","Poland"
"6621","Nurix Therapeutics","NRIX","682692736","8.93","United States"
"6622","Strawberry Fields REIT","STRW","681973568","12.3","United States"
"6623","ProFrac","ACDC","681884352","3.77","United States"
"6624","Greenlam Industries","GREENLAM.NS","681595394","2.67138","India"
"6625","Kaufman &amp; Broad","KOF.PA","681575876","34.7531","France"
"6626","Ginkgo Bioworks","DNA","680797120","11.5","United States"
"6627","RS Technologies","3445.T","680421084","25.177","Japan"
"6628","SES AI","SES","678486080","1.86","United States"
"6629","SRG Global Limited","SRG.AX","677917731","1.30036","Australia"
"6630","NRJ Group","NRG.PA","677651476","8.75263","France"
"6631","Nordic American Tankers","NAT","677602112","3.2","Bermuda"
"6632","TPG Real Estate Finance Trust","TRTX","677450816","8.62","United States"
"6633","Sunteck Realty","SUNTECK.NS","677062206","4.62193","India"
"6634","Pason Systems","PSI.TO","677059789","8.67419","Canada"
"6635","MARR S.p.A.","MARR.MI","676924530","10.5897","Italy"
"6636","Doshisha Co.","7483.T","676884753","19.2188","Japan"
"6637","Grid Dynamics","GDYN","676512896","7.99","United States"
"6638","Gulf Oil Lubricants","GULFOILLUB.NS","676453683","13.7157","India"
"6639","Shibaura Machine","6104.T","676342312","28.6209","Japan"
"6640","Solid Power","SLDP","676190784","3.73","United States"
"6641","Mid Penn Bancorp","MPB","675935680","29.39","United States"
"6642","Richtech Robotics","RR","675032576","4.2","United States"
"6643","Orrstown Financial Services","ORRF","674391872","34.6","United States"
"6644","OTC Markets Group","OTCM","674139200","56.1","United States"
"6645","Séché Environnement","SCHP.PA","674049473","86.3562","France"
"6646","ChipMOS Technologies","IMOS","673251200","18.86","Taiwan"
"6647","Camden National Bank","CAC","672919360","39.77","United States"
"6648","Gilat Satellite Networks","GILT","671667712","11.74","Israel"
"6649","RPMGlobal Holdings Limited","RUL.AX","670949006","3.03963","Australia"
"6650","Bouvet","BOUV.OL","670015202","6.53788","Norway"
"6651","Vinci Partners","VINP","669760960","10.59","Brazil"
"6652","BJ's Restaurants","BJRI","669698944","30.27","United States"
"6653","Hovnanian Enterprises","HOV","668923264","130.35","United States"
"6654","Terns Pharmaceuticals","TERN","668584384","7.64","United States"
"6655","2G Energy AG","2GB.DE","667554364","37.2104","Germany"
"6656","Dave & Buster's","PLAY","667331328","19.25","United States"
"6657","Fundamenta Real Estate AG","FREN.SW","666899140","22.1835","Switzerland"
"6658","World Co., Ltd.","3612.T","666638193","19.5665","Japan"
"6659","Shikoku Kasei Holdings Corp","4099.T","666348731","15.4071","Japan"
"6660","Abivax","ABVX","665080000","10","France"
"6661","Hibiya Engineering","1982.T","664750058","30.6605","Japan"
"6662","Qualitas Limited","QAL.AX","664649921","2.21422","Australia"
"6663","Kingfa Science & Technology","KINGFA.NS","664609573","49.0437","India"
"6664","Avalon Pharma (Middle East Pharmaceutical)","4016.SR","664462446","33.2231","Saudi Arabia"
"6665","Ribbon Communications","RBBN","664056896","3.75","United States"
"6666","Bahnhof AB","3B7.F","664030021","6.02621","Sweden"
"6667","BellSystem24","6183.T","663639757","9.02094","Japan"
"6668","Kri-Kri Milk Industry","KRI.AT","662745378","20.0796","Greece"
"6669","ADS-TEC Energy","ADSE","662647424","11.64","Ireland"
"6670","Heartland Express","HTLD","662614528","8.56","United States"
"6671","Galliford Try","GFRD.L","662499094","6.7419","United Kingdom"
"6672","EuroGroup Laminations","EGLA.MI","662374978","4.07208","Italy"
"6673","Nexa Resources","NEXA","662193024","5","Luxembourg"
"6674","SÜSS MicroTec","SMHN.DE","662086131","34.6361","Germany"
"6675","Electrosteel Castings","ELECTCAST.NS","661775083","1.07051","India"
"6676","Alujain Corporation","2170.SR","661665927","9.56165","Saudi Arabia"
"6677","Jensen-Group","JEN.BR","661044503","70.9104","Belgium"
"6678","Samty Residential Investment Corporation","3459.T","660895286","775.038","Japan"
"6679","Gold Royalty Corp","GROY","660645376","3.87","Canada"
"6680","AnaptysBio","ANAB","659603264","23.58","United States"
"6681","Reitir fasteignafélag","REITIR.IC","659268228","0.9516","Iceland"
"6682","Kronos Worldwide","KRO","659254400","5.73","United States"
"6683","Wickes Group","WIX.L","658977842","2.92194","United Kingdom"
"6684","Hyster-Yale Materials Handling","HY","658144128","37.14","United States"
"6685","MeiraGTx","MGTX","658060416","8.18","United States"
"6686","Klöckner &amp; Co","KCO.DE","657140772","6.58788","Germany"
"6687","Kvika banki","KVIKA.IC","656737511","0.148482","Iceland"
"6688","SmarTone Telecommunications","0315.HK","656684580","0.59647","Hong Kong"
"6689","A-Mark Precious Metals","AMRK","656639616","26.65","United States"
"6690","VIP Industries","VIPIND.NS","656280811","4.62024","India"
"6691","Gielda Papierów Wartosciowych w Warszawie","GPW.WA","656207518","15.6344","Poland"
"6692","SIGA Technologies","SIGA","655910976","9.16","United States"
"6693","RAK Ceramics","RAKCEC.AE","654767235","0.66","United Arab Emirates"
"6694","NTG Nordic Transport Group A/S","NTG.CO","654499429","30.1292","Denmark"
"6695","Black Diamond Group","BDI.TO","654252015","9.92976","Canada"
"6696","Arabi Group Holding","AGHC.KW","654130265","1260.64","Kuwait"
"6697","Evertz Technologies","ET.TO","653030826","8.65984","Canada"
"6698","Independent Bank (Michigan)","IBCP","652970880","31.53","United States"
"6699","Olema Pharmaceuticals","OLMA","652712448","9.51","United States"
"6700","Basler Aktiengesellschaft","BSL.DE","652621081","21.1561","Germany"
"6701","Legacy Housing Corporation","LEGH","652332352","27.33","United States"
"6702","Associated Capital Group","AC","652214144","30.92","United States"
"6703","Keros Therapeutics","KROS","651877376","16.05","United States"
"6704","Skipper Limited","SKIPPER.NS","651464945","5.77008","India"
"6705","Arnoldo Mondadori Editore","MN.MI","651286562","2.49824","Italy"
"6706","B Communications","BCOM.TA","651278702","6.24609","Israel"
"6707","InnovAge","INNV","651062272","4.8","United States"
"6708","Domo","DOMO","650628672","15.78","United States"
"6709","Cooper Standard","CPS","650496576","36.89","United States"
"6710","Gyre Therapeutics","GYRE","650319680","7.16","United States"
"6711","Waga Energy","WAGA.PA","649392848","25.3335","France"
"6712","Nat Games (Nexon Games)","225570.KQ","649108288","9.86214","South Korea"
"6713","THG (The Hut Group)","THG.L","648684211","0.495925","United Kingdom"
"6714","Sri Trang Gloves","STGT.BK","648669424","0.22699","Thailand"
"6715","Basellandschaftliche Kantonalbank","BLKB.SW","648051229","1150.53","Switzerland"
"6716","Shoei Co., Ltd.","7839.T","647818358","12.2709","Japan"
"6717","Mepco (Middle East Company for Manufacturing and Producing Paper)","1202.SR","646117668","7.4552","Saudi Arabia"
"6718","Whitestone REIT","WSR","645759552","12.5","United States"
"6719","Globe Trade Centre","GTC.WA","645704644","1.12442","Poland"
"6720","Pinewood Technologies Group","PINE.L","645217559","5.63612","United Kingdom"
"6721","Sterlite Technologies","STLTECH.NS","644776783","1.32124","India"
"6722","Northern Dynasty Minerals","NAK","644729856","1.14","Canada"
"6723","Ur-Energy","URG","644188544","1.76","United States"
"6724","G City","GCT.TA","643141518","3.42864","Israel"
"6725","Wemade","112040.KQ","642881432","18.5891","South Korea"
"6726","Italtile","ITE.JO","642471200","0.540008","South Africa"
"6727","New York Mortgage Trust","NYMT","642132544","7.11","United States"
"6728","Compass Therapeutics","CMPX","641681152","3.74","United States"
"6729","Malibu Boats","MBUU","641628544","33.34","United States"
"6730","Nichiha Corporation","7943.T","641388497","19.2188","Japan"
"6731","Tronox","TROX","640439552","4.04","United States"
"6732","Autohellas","OTOEL.AT","640234992","13.3162","Greece"
"6733","Zepp Health","ZEPP","639809792","44.53","China"
"6734","Indus Holding","INH.F","639427391","25.626","Germany"
"6735","sterling &amp; wilson solar","SWSOLAR.NS","639288334","2.73694","India"
"6736","Bicara Therapeutics","BCAX","638930880","11.71","United States"
"6737","Kokuyo","7984.T","638808815","5.67366","Japan"
"6738","Riley Permian","REPX","638343360","28.96","United States"
"6739","Al-Saif Stores for Development &amp; Investment","4192.SR","638331934","1.82381","Saudi Arabia"
"6740","Tri Chemical Laboratories","4369.T","638022810","19.1854","Japan"
"6741","Daily Journal","DJCO","637224832","462.62","United States"
"6742","IGG Inc","0799.HK","637182955","0.566904","Singapore"
"6743","South Plains Financial","SPFI","637128192","39.24","United States"
"6744","Sygnity","SGN.WA","636058939","27.9734","Poland"
"6745","VP Bank","VPBN.SW","635292137","101.768","Liechtenstein"
"6746","Senvest Capital","SEC.TO","634620202","261.158","Canada"
"6747","Al-Ahleia Insurance","AINS.KW","634135662","2734.12","Kuwait"
"6748","ProCredit","PCZ.DE","634058236","10.7653","Germany"
"6749","Boozt","BOOZT.ST","633915602","10.183","Sweden"
"6750","Eagle Bancorp","EGBN","633800704","20.87","United States"
"6751","SMASCO (Saudi Manpower Solutions Company)","1834.SR","633532412","1.58383","Saudi Arabia"
"6752","Quanex Building Products","NX","633100416","13.8","United States"
"6753","Gray Television","GTN","633031232","5.8","United States"
"6754","Pexip","PEXIP.OL","632984642","6.17689","Norway"
"6755","IDI","IDIP.PA","632850803","88.6965","France"
"6756","Miquel y Costas &amp; Miquel","MCM.MC","632299471","16.733","Spain"
"6757","Kingsgate Consolidated Limited","KCN.AX","631504336","2.45005","Australia"
"6758","NIPPON PARKING DEVELOPMENT","2353.T","631356953","1.98608","Japan"
"6759","Caisse Régionale de Crédit Agricole du Morbihan","CMO.PA","631260688","120.524","France"
"6760","Hampiðjan","HAMP.IC","631188754","1.00902","Iceland"
"6761","EIZO Corporation","6737.T","630284013","15.3135","Japan"
"6762","Kornit Digital","KRNT","629826176","13.7","Israel"
"6763","Alpha HPA Limited","A4N.AX","629541236","0.553554","Australia"
"6764","SNP Schneider-Neureither &amp; Partner","SHF.DE","629452048","86.3562","Germany"
"6765","Viaplay Group","VPLAY-B.ST","629340499","0.138395","Sweden"
"6766","IP Group","IPO.L","628951506","0.700997","United Kingdom"
"6767","Sanyo Chemical Industries","4471.T","628719523","28.4203","Japan"
"6768","Knr Constructions","KNRCON.NS","628629287","2.23525","India"
"6769","Advanced Medical Solutions Group","AMS.L","628623305","2.90854","United Kingdom"
"6770","Rockhopper Exploration","RKH.L","628436301","0.981128","United Kingdom"
"6771","CEVA","CEVA","628102976","26.3","United States"
"6772","Sun Country Airlines","SNCY","628066880","11.78","United States"
"6773","Tokmanni","TOKMAN.HE","627464423","10.7185","Finland"
"6774","Texmaco Rail &amp; Engineering","TEXRAIL.NS","627020948","1.56475","India"
"6775","JTOWER","4485.T","626987923","24.3883","Japan"
"6776","PRA Group","PRAA","626742144","16.04","United States"
"6777","KalVista Pharmaceuticals","KALV","626488576","12.4","United States"
"6778","RCS MediaGroup","RCS.MI","625996789","1.20992","Italy"
"6779","Oxford Industries","OXM","625758656","42.09","United States"
"6780","MTY Food Group","MTY.TO","625527986","27.3858","Canada"
"6781","IPH Limited","IPH.AX","625223992","2.39109","Australia"
"6782","Myers Industries","MYE","624742464","16.7","United States"
"6783","OneSpan","OSPN","624691328","16.3","United States"
"6784","Slate Grocery REIT","SGR-UN.TO","624494740","10.5611","Canada"
"6785","Mativ Holdings","MATV","623813440","11.41","United States"
"6786","SmartFinancial (SmartBank)","SMBK","623113728","36.61","United States"
"6787","Groupe Guillin","ALGIL.PA","623028233","33.7","France"
"6788","JBCC Holdings","9889.T","622994036","9.04769","Japan"
"6789","PolyNovo","PNV.AX","622279154","0.900753","Australia"
"6790","Gannett","GCI","621656448","4.24","United States"
"6791","Clean Energy Fuels","CLNE","620588480","2.83","United States"
"6792","DATAGROUP SE","D6H.DE","620154449","74.8888","Germany"
"6793","Gentrack Group","GTK.NZ","620120874","5.75668","New Zealand"
"6794","Heritage Commerce","HTBK","619997888","10.09","United States"
"6795","Zeria Pharmaceutical","4559.T","619891242","14.063","Japan"
"6796","PayPoint","PAY.L","619520667","8.95346","United Kingdom"
"6797","Universal Logistics Holdings","ULH","618745344","23.5","United States"
"6798","Evli","EVLI.HE","618270246","23.3443","Finland"
"6799","Coveo Solutions","CVO.TO","616503591","6.42134","Canada"
"6800","Qoria Limited","QOR.AX","615924476","0.461841","Australia"
"6801","Bloomin' Brands","BLMN","615895360","7.24","United States"
"6802","Northpointe Bancshares","NPB","615127424","17.9","United States"
"6803","Bittium","BITTI.HE","615067925","17.318","Finland"
"6804","MCAN Mortgage Corporation","MKP.TO","615046568","15.5117","Canada"
"6805","PostNL","PNL.AS","614869057","1.20875","Netherlands"
"6806","Performant Healthcare","PHLT","614629504","7.73","United States"
"6807","Nederman Holding","NMAN.ST","614571960","17.4961","Sweden"
"6808","Argosy Property","ARG.NZ","614347497","0.710203","New Zealand"
"6809","Gossamer Bio","GOSS","613927680","2.7","United States"
"6810","Southern Missouri Bancorp","SMBC","613083200","54.3","United States"
"6811","Kameda Seika","2220.T","612588337","29.0556","Japan"
"6812","GuangZhou Wahlap Technology","301011.SZ","612082179","4.14453","China"
"6813","Stitch Fix","SFIX","611982144","4.69","United States"
"6814","Dor Alon Energy In Israel","DRAL.TA","611531040","38.6393","Israel"
"6815","Verrica Pharmaceuticals","VRCA","611365504","6.61","United States"
"6816","Summit Hotel Properties","INN","610417280","5.61","United States"
"6817","Gokaldas Exports","GOKEX.NS","610363053","8.32534","India"
"6818","KKR Real Estate Finance Trust","KREF","610131264","9.29","United States"
"6819","DRI Healthcare Trust","DHT-UN.TO","609890577","10.6831","Canada"
"6820","Tohokushinsha Film","2329.T","609377844","4.40682","Japan"
"6821","Sinko Industries","6458.T","609350125","8.74677","Japan"
"6822","Cognyte Software","CGNT","609292096","8.35","Israel"
"6823","Chalice Mining","CHN.AX","609212211","1.56567","Australia"
"6824","Rajesh Exports","RAJESHEXPO.NS","608404557","2.06057","India"
"6825","Savara","SVRA","608385984","3.52","United States"
"6826","Kaveri Seed","KSCL.NS","607812441","11.8798","India"
"6827","Nabors Industries","NBR","607368000","41.67","Bermuda"
"6828","Eastern Province Cement Company","3080.SR","607209887","7.06058","Saudi Arabia"
"6829","Arvinas","ARVN","607163520","8.27","United States"
"6830","Golden Entertainment","GDEN","606609472","23.19","United States"
"6831","Minto Apartment Real Estate Investment Trust","MI-UN.TO","606280186","9.67865","Canada"
"6832","SI-BONE","SIBN","606130176","14.05","United States"
"6833","Nu Skin","NUS","605852032","12.24","United States"
"6834","Ashoka Buildcon","ASHOKA.NS","604932425","2.15491","India"
"6835","RENOVA, Inc.","9519.T","604159136","6.47983","Japan"
"6836","Green Plains","GPRE","603857024","9.21","United States"
"6837","Arcturus Therapeutics","ARCT","602015872","22.17","United States"
"6838","Recticel","RECT.BR","601455980","10.6717","Belgium"
"6839","Japan Pulp and Paper Company","8032.T","601365909","4.8816","Japan"
"6840","WashTec AG","WSU.DE","601312006","44.9333","Germany"
"6841","Fiera Milano","FM.MI","600830771","8.4601","Italy"
"6842","Daiichi Jitsugyo","8059.T","600801665","18.8443","Japan"
"6843","Laurent-Perrier","LPE.PA","600699902","102.504","France"
"6844","Nuix Limited","NXL.AX","600694865","1.79496","Australia"
"6845","Nexxen","NEXN","600558976","9.47","Israel"
"6846","New Fortress Energy","NFE","600406400","2.11","United States"
"6847","E7 Group PJSC","E7.AE","600161337","0.29","United Arab Emirates"
"6848","Core Laboratories","CLB","599772224","12.79","Netherlands"
"6849","Sundial Growers","SNDL","599626368","2.33","Canada"
"6850","G2 Goldfields","GTWO.TO","598796200","2.47527","Canada"
"6851","NioCorp Developments","NB","598503360","6.82","United States"
"6852","Bank Nizwa","BKNZ.OM","598457579","0.267532","Oman"
"6853","BitFuFu","FUFU","598412416","3.65","Singapore"
"6854","Solstad Offshore","SOFF.OL","597875651","5.50506","Norway"
"6855","New Found Gold","NFGC","597848704","2.46","Canada"
"6856","ECN Capital","ECN.TO","597778612","2.12371","Canada"
"6857","Boyaa Interactive","0434.HK","597762094","0.81629","China"
"6858","init innovation in traffic systems","IXX.DE","597303020","60.1451","Germany"
"6859","AMTD Digital","HKD","597130752","1.9","Hong Kong"
"6860","ITM Power","ITM.L","597106041","0.969065","United Kingdom"
"6861","Japan Display","6740.T","596819911","0.153804","Japan"
"6862","MidWestOne Financial Group","MOFG","596754624","28.82","United States"
"6863","Nxera Pharma","4565.T","596678138","6.59351","Japan"
"6864","Ominvest","OMVS.OM","595452849","0.636364","Oman"
"6865","Credit Agricole Mutuel Toulouse 31","CAT31.PA","595363624","132.343","France"
"6866","Kid ASA","KID.OL","595046794","14.64","Norway"
"6867","Peet Limited","PPC.AX","594974360","1.27088","Australia"
"6868","Bushiroad","7803.T","594669539","4.38007","Japan"
"6869","HarborOne Bancorp","HONE","593430720","13.75","United States"
"6870","Wiit S.p.A.","WIIT.MI","593211655","22.8411","Italy"
"6871","SMCP S.A.","SMCP.PA","593211506","7.5942","France"
"6872","Ichor Systems","ICHR","593176704","17.28","United States"
"6873","Polar Capital Holdings","POLR.L","593004561","6.18566","United Kingdom"
"6874","mobilezone Holding","MOZN.SW","592838526","13.7362","Switzerland"
"6875","Bank Alfalah","BAFL.PK","592586858","0.375729","Pakistan"
"6876","Boiron","BOI.PA","592218966","34.1095","France"
"6877","Okamoto Industries","5122.T","592201438","34.5725","Japan"
"6878","Movida Participações","MOVI3.SA","592054702","1.74177","Brazil"
"6879","NHN Corp","181710.KS","591893846","18.5181","South Korea"
"6880","Synektik Spólka Akcyjna","SNT.WA","591793783","69.385","Poland"
"6881","eQ Oyj","EQV1V.HE","591116116","14.2757","Finland"
"6882","Doman Building Materials Group","DBM.TO","591000248","6.7442","Canada"
"6883","Erasca","ERAS","590033856","2.08","United States"
"6884","Marimekko","MEKKO.HE","589628524","14.5331","Finland"
"6885","Econergy Renewable Energy","ECNR.TA","589213261","10.4857","Israel"
"6886","NEC Capital Solutions","8793.T","589124007","27.3504","Japan"
"6887","MBX Biosciences","MBX","588466368","17.51","United States"
"6888","S Foods Inc.","2292.T","588381287","18.5902","Japan"
"6889","Meeza QSTP LLC (Public)","MEZA.QA","588360950","0.906593","Qatar"
"6890","Australian Agricultural Company","AAC.AX","588354039","0.976089","Australia"
"6891","Shinagawa Refractories","5351.T","588257920","12.8995","Japan"
"6892","Shoe Carnival","SCVL","587968192","21.48","United States"
"6893","Wellneo Sugar","2117.T","587648647","17.9616","Japan"
"6894","Arabian Cement Company","3010.SR","587404017","5.87404","Saudi Arabia"
"6895","Chrysos Corporation Limited","C79.AX","587380601","5.04422","Australia"
"6896","NCC Group plc","NCC.L","587356909","1.91668","United Kingdom"
"6897","Graham Corporation","GHM","587318976","53.51","United States"
"6898","Krispy Kreme","DNUT","587216000","3.43","United States"
"6899","LSB Industries","LXU","586998144","8.16","United States"
"6900","KYORIN Pharmaceutical","4569.T","586624352","10.2112","Japan"
"6901","Attica Holdings","ATTICA.AT","586143460","2.41048","Greece"
"6902","Macmahon Holdings","MAH.AX","585862462","0.271864","Australia"
"6903","Rogers Sugar (Lantic)","RSI.TO","585517046","4.57027","Canada"
"6904","Qatar National Cement Company","QNCD.QA","585482919","0.895879","Qatar"
"6905","India Glycols","INDIAGLYCO.NS","585280398","9.43682","India"
"6906","Digital Turbine","APPS","585226624","5.4","United States"
"6907","Galiano Gold","GAU","584970560","2.26","Canada"
"6908","Aspen Aerogels","ASPN","584759488","7.1","United States"
"6909","Bluelinx","BXC","584670208","74.08","United States"
"6910","Helen of Troy","HELE","583984000","25.44","United States"
"6911","ARGO GRAPHICS","7595.T","583658620","34.0375","Japan"
"6912","Xvivo Perfusion AB","XVIVO.ST","583259613","18.5165","Sweden"
"6913","Opthea","OPT","583100736","3.41","Australia"
"6914","J.S.B.Co.","3480.T","582259953","27.5844","Japan"
"6915","eMudhra","EMUDHRA.NS","581176125","7.13488","India"
"6916","Ontex Group","ONTEX.BR","580321115","7.27826","Belgium"
"6917","City Cement Company","3003.SR","579351526","4.13823","Saudi Arabia"
"6918","Marshalls plc","MSLH.L","578854786","2.2893","United Kingdom"
"6919","Eslead Corporation","8877.T","578831048","37.5148","Japan"
"6920","Skellerup Holdings","SKL.NZ","578512522","2.95052","New Zealand"
"6921","Hingham Institution for Savings","HIFS","578423872","265.18","United States"
"6922","enCore Energy","EU","578417408","3.08","Canada"
"6923","Gladstone Commercial","GOOD","578393728","12.31","United States"
"6924","Strike Company","6196.T","577209915","29.9918","Japan"
"6925","Lesha Bank","QFBQ.QA","576615368","0.514835","Qatar"
"6926","Pepper Money Limited","PPM.AX","576571624","1.29708","Australia"
"6927","Boss Energy","BOE.AX","576242086","1.3888","Australia"
"6928","Infibeam Avenues","INFIBEAM.NS","575635726","0.177949","India"
"6929","Ellaktor","ELLAKTOR.AT","575261925","1.65223","Greece"
"6930","Uranium Royalty","UROY","575180096","4.29","Canada"
"6931","Daiwa Industries","6459.T","574704124","11.6423","Japan"
"6932","Alerus Financial","ALRS","574464512","22.62","United States"
"6933","ProPetro","PUMP","573900736","5.52","United States"
"6934","Arabian Mills for Food Products","2285.SR","573845792","11.1828","Saudi Arabia"
"6935","Shamal Az-Zour Al-Oula Power and Water Company","AZNOULA.KW","572691526","520.629","Kuwait"
"6936","Menicon Co., Ltd.","7780.T","572644196","7.69689","Japan"
"6937","Vestis","VSTS","572185216","4.34","United States"
"6938","Nufarm","NUF.AX","572119043","1.49361","Australia"
"6939","TINC NV","TINC.BR","571878372","11.795","Belgium"
"6940","Global Dominion Access","DOM.MC","571864031","3.82635","Spain"
"6941","Vetropack","VETN.SW","571447187","28.826","Switzerland"
"6942","Metalla Royalty & Streaming","MTA","571085120","6.17","Canada"
"6943","Nutex Health","NUTX","569566016","102.53","United States"
"6944","Osaka Steel","5449.T","569005206","18.3027","Japan"
"6945","Hollywood Bowl Group","BOWL.L","568040632","3.40446","United Kingdom"
"6946","Teikoku Sen-i Co., Ltd.","3302.T","567358326","22.0675","Japan"
"6947","Invictus Investment Company","INVICTUS.AE","567212144","0.51","United Arab Emirates"
"6948","Guaranty Bancshares","GNTY","566815936","49.95","United States"
"6949","Hindustan Construction Company","HCC.NS","566651435","0.311326","India"
"6950","Shore Bancshares","SHBI","566090368","16.94","United States"
"6951","India Tourism Development Corp","ITDC.NS","564908459","6.58253","India"
"6952","American Coastal Insurance Corporation","ACIC","564702208","11.58","United States"
"6953","Orthofix Medical","OFIX","564373056","14.29","United States"
"6954","Nichols plc","NICL.L","563581528","15.4139","United Kingdom"
"6955","Keihanshin Building","8818.T","563190152","11.5955","Japan"
"6956","Abacus Life","ABL","563057920","5.87","United States"
"6957","MarineMax","HZO","562560000","26.21","United States"
"6958","Martinrea International","MRE.TO","561919116","7.71996","Canada"
"6959","PIERER Mobility","PKTM.VI","561561911","16.616","Austria"
"6960","Maharah for Human Resources Company","1831.SR","561540058","1.24787","Saudi Arabia"
"6961","Nachi-Fujikoshi","6474.T","560821697","25.1102","Japan"
"6962","Bpost","13B.F","560501260","2.79663","Belgium"
"6963","Washington Trust Bancorp","WASH","560481536","29.26","United States"
"6964","Priority Technology Holdings","PRTH","560224704","7.01","United States"
"6965","Koppers","KOP","560118144","28.41","United States"
"6966","Monro","MNRO","560006656","18.68","United States"
"6967","Consolidated Water","CWCO","559667776","35.14","Cayman Islands"
"6968","Judges Scientific plc","JDG.L","559664093","84.1733","United Kingdom"
"6969","Village Super Market","VLGEA","559544512","37.92","United States"
"6970","Mortgage Advice Bureau (Holdings)","MAB1.L","559308528","9.65044","United Kingdom"
"6971","PTC India","PTC.NS","558240956","1.8859","India"
"6972","Consensus Cloud Solutions","CCSI","557734528","29.39","United States"
"6973","MT Højgaard Holding","MTHH.CO","557600877","72.1095","Denmark"
"6974","Cineplex","CGX.TO","557577388","8.78899","Canada"
"6975","Arqit Quantum","ARQQ","557399488","36.45","United Kingdom"
"6976","Kappa Create","7421.T","557043892","11.2879","Japan"
"6977","COMPASS Pathways","CMPS","556459328","5.8","United Kingdom"
"6978","Pasona Group","2168.T","556459105","14.7117","Japan"
"6979","Tatton Asset Management","TAM.L","556106083","9.19472","United Kingdom"
"6980","GFT Technologies","GFT.DE","555722080","21.1093","Germany"
"6981","Mediterranean Towers","MDTR.TA","555666392","3.68504","Israel"
"6982","Lightbridge Corporation","LTBR","555607552","21.44","United States"
"6983","Venu Holding Corporation","VENU","555033664","12.74","United States"
"6984","Kforce","KFRC","554808192","29.83","United States"
"6985","Financial Institutions","FISI","552558400","27.45","United States"
"6986","Jadwa Investment - Jadwa Reit Saudi Fund","4342.SR","552507396","2.96235","Saudi Arabia"
"6987","Viridien","VIRI.PA","552420006","76.9366","France"
"6988","Abraj Energy Services","ABRJ.OM","552143390","0.716883","Oman"
"6989","cBrain","CBRAIN.CO","552037652","28.2187","Denmark"
"6990","Norma Group","NOEJ.F","551794422","17.318","Germany"
"6991","BOE Varitronix","0710.HK","551355212","0.710879","Hong Kong"
"6992","Corvus Pharmaceuticals","CRVS","550658752","7.39","United States"
"6993","Southern California Bancorp","BCAL","550522880","16.93","United States"
"6994","Rosenbauer International","ROS.VI","549028777","53.8264","Austria"
"6995","Weave Communications","WEAV","548497600","7.12","United States"
"6996","Zevra Therapeutics","ZVRA","548439872","9.77","United States"
"6997","Sparebanken Møre","MORG.OL","547358630","11.0302","Norway"
"6998","Verastem Oncology","VSTM","547137472","8.89","United States"
"6999","Lindex Group","LINDEX.HE","547060549","3.33489","Finland"
"7000","Glass House Brands","GLASF","546521152","6.45","United States"
"7001","Eiken Chemical","4549.T","546372122","16.5707","Japan"
"7002","Third Coast Bancshares","TCBX","546268800","39.41","United States"
"7003","Avanos Medical","AVNS","546157184","11.77","United States"
"7004","IBEX","IBEX","546051264","41.01","United States"
"7005","RVRC Holding","RVRC.ST","545690445","5.12764","Sweden"
"7006","National Real Estate Company - K.P.S.C.","NRE.KW","545429445","259.987","Kuwait"
"7007","Star Micronics","7718.T","543485439","11.3547","Japan"
"7008","Universal Health Realty Income Trust","UHT","542339712","39.09","United States"
"7009","Beyond, Inc.","BYON","541912640","9.44","United States"
"7010","Saudi Paper Manufacturing Company","2300.SR","541444632","14.6518","Saudi Arabia"
"7011","SHL Finance Company","1183.SR","541275554","5.41276","Saudi Arabia"
"7012","Covenant Logistics","CVLG","540423808","21.6","United States"
"7013","Lucky Core Industries (LCI)","LCI.PK","539845144","1.16901","Pakistan"
"7014","AlTi Global","ALTI","539684416","3.68","United States"
"7015","Aramis Group","ARAMI.PA","539059950","6.55277","France"
"7016","F.I.L.A. - Fabbrica Italiana Lapis ed Affini","FILA.MI","538693893","10.6015","Italy"
"7017","Australian Ethical Investment Limited","AEF.AX","538678928","4.74943","Australia"
"7018","Backblaze","BLZE","538654656","9.54","United States"
"7019","Sligro Food","SLIGR.AS","537842145","12.1928","Netherlands"
"7020","Sequent Scientific","SEQUENT.NS","537317252","2.13866","India"
"7021","Palram Industries","PLRM.TA","536967119","20.873","Israel"
"7022","Thryv","THRY","536462080","12.21","United States"
"7023","Vertical Aerospace","EVTL","535990816","5.44","United Kingdom"
"7024","Hamborner REIT","HABA.DE","535942328","6.48256","Germany"
"7025","Personalis","PSNL","535609472","6.04","United States"
"7026","VRL Logistics","VRLLOG.NS","535148781","3.05909","India"
"7027","oOh!media Limited","OML.AX","534722373","0.992466","Australia"
"7028","Viant Technology","DSP","534455104","8.49","United States"
"7029","Esperion Therapeutics","ESPR","534300512","2.65","United States"
"7030","Kintetsu Department Store","8244.T","533884911","13.7019","Japan"
"7031","IsoEnergy","ISO.TO","533858143","10.0015","Canada"
"7032","Cass Information Systems","CASS","533794464","40.39","United States"
"7033","ZimVie","ZIMV","533464640","18.91","United States"
"7034","Bloomsbury Publishing","BMY.L","532478075","6.40682","United Kingdom"
"7035","Tamdeen Real Estate Company","TAM.KW","532438116","1326.13","Kuwait"
"7036","CPH Group AG","CPHN.SW","531854080","88.734","Switzerland"
"7037","JCI Hitachi India","JCHAC.NS","531354547","19.5416","India"
"7038","Oatly","OTLY","531347840","17.53","Sweden"
"7039","Energy Resources of Australia","ERA.AX","531144788","0.00131019","Australia"
"7040","The Hackett Group","HCKT","530681184","19.29","United States"
"7041","Allergy Therapeutics","AGY.L","530257530","0.111248","United Kingdom"
"7042","Riso Kagaku Corporation","6413.T","530105189","8.28535","Japan"
"7043","Auction Technology Group","ATG.L","530086953","4.40301","United Kingdom"
"7044","Bally's Corporation","BALY","530036128","10.79","United States"
"7045","SEALSQ","LAES","528672896","3.77","Switzerland"
"7046","Sjóvá-Almennar tryggingar","SJOVA.IC","528139645","0.342904","Iceland"
"7047","Bandwidth","BAND","528071104","17.52","United States"
"7048","CARE's Ratings","CARERATING.NS","527597011","17.5895","India"
"7049","Gladstone Investment","GAIN","527043200","13.79","United States"
"7050","Xunlei","XNET","526744544","8.42","China"
"7051","Myer Holdings","MYR.AX","526398013","0.304618","Australia"
"7052","Soft-World International","5478.TWO","526368163","3.51315","Taiwan"
"7053","Veru","VERU","526236544","3.59","United States"
"7054","Oula Fuel Marketing Company","OULAFUEL.KW","526044508","1182.06","Kuwait"
"7055","Medicare Group","MCGS.QA","525768882","1.86813","Qatar"
"7056","CTO Realty Growth","CTO","525716192","15.96","United States"
"7057","MGP Ingredients","MGPI","525504736","24.68","United States"
"7058","Fauji Cement Company","FCCL.PK","524139490","0.213686","Pakistan"
"7059","Accent Group","AX1.AX","523797555","0.871274","Australia"
"7060","Dakota Gold","DC","523522400","4.66","United States"
"7061","Schweiter Technologies","SWTQ.SW","523094697","365.339","Switzerland"
"7062","JTEKT India","JTEKTINDIA.NS","522859996","1.88488","India"
"7063","POET Technologies","POET","522548736","5.76","Canada"
"7064","AdvanSix","ASIX","522387872","19.46","United States"
"7065","Heidelbergcement India","HEIDELBERG.NS","522288494","2.30476","India"
"7066","JCR Pharmaceuticals","4552.T","522240944","4.28645","Japan"
"7067","EMX Royalty","EMX","521733760","4.79","Canada"
"7068","Orient Cement","ORIENTCEM.NS","521665551","2.53901","India"
"7069","USANA","USNA","521295488","28.53","United States"
"7070","Nichireki Group","5011.T","520979722","18.2626","Japan"
"7071","Sumou Real Estate Company","4323.SR","520744462","10.4149","Saudi Arabia"
"7072","Stingray Group","RAY-A.TO","520708891","7.53342","Canada"
"7073","Lumibird","LBIRD.PA","520518972","23.6368","France"
"7074","Kaiser (China) Culture","002425.SZ","520429705","0.544004","China"
"7075","SML Isuzu","SMLISUZU.NS","520300556","35.9531","India"
"7076","Zamil Industrial Investment Company","2240.SR","520264496","8.67107","Saudi Arabia"
"7077","Organogenesis","ORGO","520116608","4.1","United States"
"7078","West Holdings","1407.T","520074137","13.1135","Japan"
"7079","Sonida Senior Living","SNDA","519706016","27.61","United States"
"7080","Medley, Inc.","4480.T","519633096","16.4704","Japan"
"7081","Air Astana","7YH.F","519471053","5.73368","Kazakhstan"
"7082","Forterra plc","FORT.L","519029050","2.46086","United Kingdom"
"7083","Gree","3632.T","518799658","3.02927","Japan"
"7084","Anup Engineering","ANUP.NS","518353522","25.8708","India"
"7085","Qatari Investors Group","QIGD.QA","517800565","0.416483","Qatar"
"7086","HOMAG Group","HG1.F","517670950","32.9979","Germany"
"7087","Arko","ARKO","517487392","4.59","United States"
"7088","Acinque","AC5.MI","517259623","2.62111","Italy"
"7089","Bar Harbor Bankshares","BHB","517169824","31","United States"
"7090","American Battery Technology Company","ABAT","517045376","4.38","United States"
"7091","Surge Energy","SGY.TO","516863537","5.21599","Canada"
"7092","PDS Multinational","PDSL.NS","516743658","3.65771","India"
"7093","Cerence","CRNC","516370240","11.92","United States"
"7094","Reservoir Media","RSVR","515949504","7.87","United States"
"7095","TAT Technologies","TATT","515749760","40.02","Israel"
"7096","Fujimori Kogyo","7917.T","515503981","28.3869","Japan"
"7097","Potbelly Corporation","PBPB","515237632","17.03","United States"
"7098","Verve Group SE","VER.ST","515218869","2.57465","Sweden"
"7099","eGuarantee","8771.T","514897446","11.0605","Japan"
"7100","TRE Holdings Corporation","9247.T","514680020","10.5657","Japan"
"7101","TOKAI Corp.","9729.T","514510090","15.2132","Japan"
"7102","Yiren Digital","YRD","514118528","5.95","China"
"7103","Universal Entertainment Corporation","6425.T","514046095","6.63363","Japan"
"7104","Rigel Pharmaceuticals","RIGL","513546016","28.63","United States"
"7105","Aurelius Group","AR4.DE","513292829","19.24","Germany"
"7106","GAMCO Investors","GAMI","513256576","23","United States"
"7107","Card Factory plc","CARD.L","513212966","1.46097","United Kingdom"
"7108","Lumax Industries","LUMAXIND.NS","513188979","54.8832","India"
"7109","Bicycle Therapeutics","BCYC","512868192","7.4","United Kingdom"
"7110","Plasson Industries","PLSN.TA","512681999","53.6955","Israel"
"7111","Oman Cables Industry","OCAI.OM","512571441","5.71429","Oman"
"7112","Tallink Grupp","T5N.F","512328493","0.67751","Estonia"
"7113","Saga","SAGA.L","512279961","3.5586","United Kingdom"
"7114","Grenevia","GEA.WA","512214716","0.89131","Poland"
"7115","Vinh Hoan Corporation","VHC.VN","512082353","2.25507","Vietnam"
"7116","RE/MAX Holdings","RMAX","511969728","9.73","United States"
"7117","National Fertilizers","NFL.NS","511260756","1.04118","India"
"7118","Hanza AB","HANZA.ST","510994200","11.1184","Sweden"
"7119","Phoenix Mecano","PMN.SW","510584502","551.454","Switzerland"
"7120","PlayWay","PLW.WA","510432421","77.3382","Poland"
"7121","Eastman Kodak Company","KODK","509715840","6.31","United States"
"7122","BHG Group AB","BHG.ST","509437927","2.84231","Sweden"
"7123","Heimar","HEIMAR.IC","509108668","0.287941","Iceland"
"7124","The Tinplate Company Of India","TINPLATE.NS","508860588","4.85776","India"
"7125","Lexicon Pharmaceuticals","LXRX","508758368","1.4","United States"
"7126","Bannerman Energy","BMN.AX","508630414","2.47625","Australia"
"7127","Advantage Solutions","ADV","508477120","1.56","United States"
"7128","Metals Exploration","MTL.L","508057915","0.173574","United Kingdom"
"7129","Computer Engineering &amp; Consulting","9692.T","507578819","16.2631","Japan"
"7130","Senshu Electric","9824.T","507193161","29.4568","Japan"
"7131","Ardmore Shipping","ASC","507051488","12.46","Bermuda"
"7132","Belships ASA","BELCO.OL","506976420","2.00572","Norway"
"7133","The Property Franchise Group","TPFG.L","506714317","7.94821","United Kingdom"
"7134","Groupe SAMSE","SAMS.PA","506704753","149.778","France"
"7135","Prothena","PRTA","506540128","9.41","Ireland"
"7136","Basler Kantonalbank","BSKP.SW","506207397","99.2618","Switzerland"
"7137","Dada Nexus","DADA","506162176","1.96","China"
"7138","Northwest Pipe Company","NWPX","506153024","52.43","United States"
"7139","Butterfly Network","BFLY","505999584","2.01","United States"
"7140","Bank of Jerusalem","JBNK.TA","505845652","7.17331","Israel"
"7141","Fujibo Holdings","3104.T","505812078","44.9375","Japan"
"7142","Fiera Capital","FSZ.TO","505655053","4.74246","Canada"
"7143","Compass Diversified Holdings","CODI","505585696","6.72","United States"
"7144","Wing On Company International","0289.HK","505478521","1.74827","Hong Kong"
"7145","Ismail Industries","ISIL.PK","505304929","7.61495","Pakistan"
"7146","Villeroy &amp; Boch","VIB3.DE","505210646","18.9562","Germany"
"7147","Veradigm","MDRX","504990016","4.65","United States"
"7148","Malteries Franco-Belges","MALT.PA","504921687","1018.02","France"
"7149","Asia Financial Holdings","0662.HK","504891759","0.546336","Hong Kong"
"7150","SP Group A/S","SPG.CO","504836269","42.4035","Denmark"
"7151","FRP Advisory Group","FRP.L","504552918","1.95689","United Kingdom"
"7152","Sukoon Insurance","SUKOON.AE","503101283","1.08927","United Arab Emirates"
"7153","CION Investment","CION","502637600","9.65","United States"
"7154","Telos","TLS","502377760","6.91","United States"
"7155","NACL Industries","NACLIND.NS","501842050","2.49038","India"
"7156","Grupo Supervielle","SUPV","501708000","5.4","Argentina"
"7157","Heisco (Heavy Engineering Industries and Shipbuilding Company)","SHIP.KW","501650481","2783.24","Kuwait"
"7158","Unity Bancorp","UNTY","501551200","49.99","United States"
"7159","Grupo Empresarial San José","GSJ.MC","501429770","7.71121","Spain"
"7160","IDEC Corporation","6652.T","500752180","16.9786","Japan"
"7161","Varex Imaging","VREX","500740192","12.06","United States"
"7162","Nyab AB","NYAB.ST","500084997","0.702606","Sweden"
"7163","Schoeller-Bleckmann Oilfield Equipment","SBO.VI","498822254","31.6522","Austria"
"7164","Northfield Bancorp","NFBK","498799552","11.93","United States"
"7165","BSR Real Estate Investment Trust","HOM-UN.TO","498684523","12.7351","Canada"
"7166","Integra Resources","ITRG","498555296","2.95","Canada"
"7167","Postal Realty Trust","PSTL","498411168","15.89","United States"
"7168","EPC Groupe","EXPL.PA","498307992","234.028","France"
"7169","Gevo","GEVO","498188512","2.06","United States"
"7170","Real-Estate Trade Centers Company (Marakez)","MARAKEZ.KW","497937109","3588.74","Kuwait"
"7171","VGI Partners Global Investments","VG1.AX","497155358","1.22175","Australia"
"7172","Standard BioTools","LAB","496593632","1.3","United States"
"7173","Plastika Kritis","PLAKR.AT","496580381","18.1371","Greece"
"7174","Peoples Financial Services","PFIS","496336608","49.66","United States"
"7175","Peapack-Gladstone Financial","PGC","496284448","28.14","United States"
"7176","Gladstone Capital","GLAD","496169312","22.22","United States"
"7177","Information Services Corporation","ISC.TO","496124504","26.5463","Canada"
"7178","Sunlight REIT","0435.HK","496115340","0.28538","Hong Kong"
"7179","Vst Tillers Tractors","VSTTILLERS.NS","496095051","57.3961","India"
"7180","Enterprise Bancorp","EBTC","495832960","39.64","United States"
"7181","Investors Title Company","ITIC","495676928","262.6","United States"
"7182","Karat Packaging","KRT","495286432","24.65","United States"
"7183","Keystone Infra","KSTN.TA","494771387","2.63916","Israel"
"7184","Ag Growth International","AFN.TO","494354964","26.2952","Canada"
"7185","Rain Industries","RAIN.NS","494237266","1.465","India"
"7186","Al-Maidan Clinic for Oral Health Services","MIDAN.KW","493983265","2439.42","Kuwait"
"7187","Quadient","QDT.PA","493860756","14.6501","France"
"7188","Care Property Invest NV","CPINV.BR","493415242","13.3396","Belgium"
"7189","Auna","AUNA","492926368","6.66","Luxembourg"
"7190","Combined Group Contracting Company","CGC.KW","492888989","2881.47","Kuwait"
"7191","PensionBee Group","PBEE.L","492656928","2.07753","United Kingdom"
"7192","CoolCo (Cool Company)","CLCO","492303968","9.27","Bermuda"
"7193","Titan International","TWI","491354624","7.69","United States"
"7194","Novavest Real Estate AG","NREN.SW","490769680","48.2523","Switzerland"
"7195","Marcus Corporation","MCS","490644576","15.67","United States"
"7196","Energy Vault","NRGV","490421888","3.03","United States"
"7197","Farmland Partners","FPI","490004960","10.91","United States"
"7198","New Pacific Metals","NEWP","489003584","2.84","Canada"
"7199","Fiducial Real Estate","ORIA.PA","488675415","198.923","France"
"7200","Duni AB","DUNI.ST","488582966","10.3956","Sweden"
"7201","Northrim BanCorp","NRIM","488203776","22.1","United States"
"7202","Al-Yamamah Steel Industries Company","1304.SR","487627978","9.59898","Saudi Arabia"
"7203","PSI Software","PSAN.DE","487511194","31.4767","Germany"
"7204","REGENXBIO","RGNX","487462176","9.65","United States"
"7205","Nextensa","NEXTA.BR","487213398","48.2097","Belgium"
"7206","Idaho Strategic Resources","IDR","486800960","33.56","United States"
"7207","Patriot Battery Metals","PMET.TO","486651215","2.99902","Canada"
"7208","Saibu Gas Holdings","9536.T","486316848","13.3408","Japan"
"7209","Funding Circle","FCH.L","485897031","1.65398","United Kingdom"
"7210","Meier Tobler Group","MTG.SW","485846415","45.0563","Switzerland"
"7211","Fastned","FAST.AS","485270482","25.0995","Netherlands"
"7212","Dubai Refreshment","DRC.AE","485267657","5.39186","United Arab Emirates"
"7213","Wirtualna Polska (WP Holding)","WPL.WA","485051400","16.2904","Poland"
"7214","John Mattson Fastighetsföretagen","JOMA.ST","484999663","6.39893","Sweden"
"7215","Mirrabooka Investments Limited","MIR.AX","484062086","2.16836","Australia"
"7216","Aarti Drugs","AARTIDRUGS.NS","483997428","5.30292","India"
"7217","Almawarid Manpower Company","1833.SR","483948387","32.2632","Saudi Arabia"
"7218","One REIT, Inc.","3290.T","483109916","599.836","Japan"
"7219","Endava","DAVA","482972416","8.89","United Kingdom"
"7220","SPARC","SPARC.NS","482155135","1.48574","India"
"7221","Duniec Bros.","DUNI.TA","482123464","62.4609","Israel"
"7222","Orient Electric","ORIENTELEC.NS","481957817","2.25883","India"
"7223","MBM Resources","5983.KL","481776695","1.22304","Malaysia"
"7224","Solowin Holdings","SWIN","481097792","2.57","Hong Kong"
"7225","Mattr Corp.","MATR.TO","480992377","7.8204","Canada"
"7226","Peakstone Realty Trust","PKST","480856640","13.07","United States"
"7227","Seco S.p.A.","IOT.MI","480464491","3.62743","Italy"
"7228","Algoma Central Corporation","ALC.TO","480250939","11.8382","Canada"
"7229","Alandalus Property Company","4320.SR","479806613","5.14078","Saudi Arabia"
"7230","Shofu Inc.","7979.T","479432251","13.4879","Japan"
"7231","Solid Biosciences","SLDB","478894816","6.15","United States"
"7232","Bank Mayapada Internasional","MAYA.JK","478674725","0.0177698","Indonesia"
"7233","Medgulf (The Mediterranean and Gulf Cooperative Insurance and Reinsurance Company)","8030.SR","478468968","4.55685","Saudi Arabia"
"7234","Betterware de Mexico","BWMX","478398080","12.82","Mexico"
"7235","CytomX Therapeutics","CTMX","478247456","2.9","United States"
"7236","Fulcrum Therapeutics","FULC","478169632","8.84","United States"
"7237","Brunel International","BRNL.AS","477649944","9.48982","Netherlands"
"7238","GDI Integrated Facility Services","GDI.TO","477565840","20.2685","Canada"
"7239","KG Mobility (SsangYong Motor)","003620.KS","477424601","2.31299","South Korea"
"7240","Multiconsult","MULTI.OL","476518453","17.548","Norway"
"7241","DFS Furniture","DFS.L","476168830","2.06412","United Kingdom"
"7242","ASOS","ASC.L","476050666","3.99421","United Kingdom"
"7243","Arrow Financial","AROW","475790144","28.89","United States"
"7244","Café de Coral","0341.HK","475716855","0.824003","Hong Kong"
"7245","Emergent BioSolutions","EBS","475358304","8.91","United States"
"7246","One Liberty Properties","OLP","474120704","21.95","United States"
"7247","Claros Mortgage Trust","CMTG","473996608","3.39","United States"
"7248","FACC AG","FACC.VI","473652715","10.344","Austria"
"7249","Inhibrx","INBX","473383552","32.68","United States"
"7250","First Foundation","FFWM","472896032","5.74","United States"
"7251","Monopar Therapeutics","MNPR","472804096","76.63","United States"
"7252","Bridgewater Bancshares","BWB","472149952","17.18","United States"
"7253","Xerox","XRX","471860256","3.75","United States"
"7254","QuantaSing Group","QSG","471772992","9.23","China"
"7255","Flushing Financial Corp","FFIC","471547008","13.96","United States"
"7256","Nilfisk Holding","NLFSK.CO","471516933","17.3822","Denmark"
"7257","Nexters","GDEV","471382336","26","Cyprus"
"7258","Dawood Hercules Corporation","DAWH.PK","471221780","0.979087","Pakistan"
"7259","Safe Bulkers","SB","470672416","4.6","Monaco"
"7260","Repay Holdings","RPAY","470382496","5.15","United States"
"7261","Schweizerische Nationalbank","SNBN.SW","469989593","4699.9","Switzerland"
"7262","Addiko Bank","ZYE1.F","469383902","24.1048","Austria"
"7263","FRP Holdings","FRPH","469322784","24.56","United States"
"7264","SITE Centers","SITC","469062944","8.92","United States"
"7265","Kelly Services","KELYA","468525312","13.14","United States"
"7266","Calavo Growers","CVGW","468471232","26.24","United States"
"7267","Costain Group","COST.L","468113930","1.75584","United Kingdom"
"7268","ACNB Corporation","ACNB","467588480","44.67","United States"
"7269","Beacon Lighting Group","BLX.AX","467247967","2.03734","Australia"
"7270","29Metals","29M.AX","467143739","0.340649","Australia"
"7271","Cross Country Healthcare","CCRN","466203200","14.23","United States"
"7272","Talkspace","TALK","465558592","2.78","United States"
"7273","Clearfield","CLFD","465540000","33.72","United States"
"7274","Arbonia","ARBN.SW","465420462","6.70518","Switzerland"
"7275","Sohu.com","SOHU","464811072","15.46","China"
"7276","Shinpoong Pharm","019170.KS","463894268","9.30163","South Korea"
"7277","Gujarat Alkalies and Chemicals","GUJALKALI.NS","463842304","6.31453","India"
"7278","MyState Limited","MYS.AX","463542005","2.73174","Australia"
"7279","Lightwave Logic","LWLG","463395136","3.58","United States"
"7280","AirSculpt Technologies","AIRS","463280096","7.42","United States"
"7281","Civmec Limited","CVL.AX","463055286","0.91058","Australia"
"7282","Australian Finance Group","AFG.AX","462873327","1.70324","Australia"
"7283","Monte Rosa Therapeutics","GLUE","462577536","7.49","United States"
"7284","Lifestyle Communities Limited","LIC.AX","462556409","3.79954","Australia"
"7285","Caleres","CAL","461955424","13.65","United States"
"7286","DoubleDown Interactive","DDI","461838048","9.32","United States"
"7287","Metall Zug AG","METN.SW","461815474","1030.22","Switzerland"
"7288","CryoPort","CYRX","460616096","9.2","United States"
"7289","Patrimoine et Commerce SA","PAT.PA","460577349","29.0194","France"
"7290","Rayonier Advanced Materials","RYAM","460296032","6.87","United States"
"7291","China Yongda Automobiles Services","3669.HK","459198765","0.248101","China"
"7292","Service Properties Trust","SVC","458867296","2.75","United States"
"7293","Borussia Dortmund","BVB.F","458506298","4.15399","Germany"
"7294","Altshuler Shaham Finance","ALTF.TA","458477981","2.31359","Israel"
"7295","OrthoPediatrics","KIDS","458345472","18.28","United States"
"7296","Locaweb","LWSA3.SA","458159611","0.831554","Brazil"
"7297","FW Thorpe Plc","TFW.L","458141208","3.9406","United Kingdom"
"7298","TXT e-solutions","TXT.MI","457190539","35.9817","Italy"
"7299","Allot","ALLT","457184160","9.94","Israel"
"7300","YouGov plc","YOU.L","457096516","3.90039","United Kingdom"
"7301","Canopy Growth","CGC","457073632","1.34","Canada"
"7302","Formycon AG","FYB.DE","456803026","25.8601","Germany"
"7303","On the Beach Group","OTB.L","456716246","2.92194","United Kingdom"
"7304","Raymond","RAYMOND.NS","456430301","6.85108","India"
"7305","Lands' End","LE","456225664","14.95","United States"
"7306","Amper, S.A.","AMP.MC","456009504","0.158905","Spain"
"7307","Ocugen","OCGN","455964928","1.46","United States"
"7308","Al Kout Industrial Projects Company","ALKOUT.KW","455276050","4512.12","Kuwait"
"7309","Portillo's","PTLO","454443296","6.32","United States"
"7310","Fujiya Co., Ltd.","2211.T","454354594","17.6273","Japan"
"7311","The Pack Corporation","3950.T","454037577","8.0513","Japan"
"7312","Weebit Nano","WBT.AX","453948587","2.17491","Australia"
"7313","Jacquet Metals","JCQ.PA","453690684","22.3262","France"
"7314","Mitek Systems","MITK","453275200","9.93","United States"
"7315","Servcorp Limited","SRV.AX","453140380","4.5529","Australia"
"7316","Miller Industries","MLR","452252128","39.47","United States"
"7317","Medmix","MEDX.SW","452246997","11.0792","Switzerland"
"7318","Cigniti Technologies","CIGNITITEC.NS","451911811","16.495","India"
"7319","Agilon Health","AGL","451721248","1.09","United States"
"7320","Jumbo Interactive Limited","JIN.AX","451350141","7.23878","Australia"
"7321","Sembcorp Salalah Power & Water Company","SSPW.OM","451252206","0.472727","Oman"
"7322","Gorilla Technology","GRRR","451113408","19.9","Taiwan"
"7323","Komax Holding","KOMN.SW","450800382","87.9821","Switzerland"
"7324","Timbercreek Financial","TF.TO","450639546","5.44558","Canada"
"7325","I'LL inc.","3854.T","450591498","18.3963","Japan"
"7326","Home Invest Belgium","HOMI.BR","450503677","22.6305","Belgium"
"7327","Obsidian Energy","OBE","450240992","6.71","Canada"
"7328","Al Taiseer Group TALCO Industrial Company","4143.SR","450085316","11.2521","Saudi Arabia"
"7329","Tata Steel Long Products","TATASTLLP.NS","449952913","9.98","India"
"7330","Eimskipafélag Íslands","EIM.IC","449282573","2.73995","Iceland"
"7331","Bank7","BSVN","449205024","47.53","United States"
"7332","iTeos Therapeutics","ITOS","448684800","10.15","United States"
"7333","Conduent","CNDT","448646176","2.84","United States"
"7334","Raisio plc","RAIVV.HE","448160181","2.83758","Finland"
"7335","Zhihu","ZH","448057600","5","China"
"7336","Birla Carbon (Thailand)","BCT.BK","447761196","1.49254","Thailand"
"7337","Orion Engineered Carbons","OEC","447513120","7.97","United States"
"7338","Integrated Holding Company K.S.C.P.","INTEGRATED.KW","447347458","1768.17","Kuwait"
"7339","Valhi","VHI","447176224","15.8","United States"
"7340","Verano Holdings","VRNOF","446971008","1.14","United States"
"7341","Van de Velde","VAN.BR","446367417","35.6892","Belgium"
"7342","Ranpak","PACK","446294816","5.29","United States"
"7343","Gravity Co.","GRVY","446258368","64.22","South Korea"
"7344","Rimini Street","RMNI","445936768","4.82","United States"
"7345","Nathan's Famous","NATH","445797504","109.01","United States"
"7346","Oma Säästöpankki","OMASP.HE","445778716","13.4332","Finland"
"7347","Community Health Systems","CYH","445578816","3.18","United States"
"7348","Bioventus","BVS","445502720","6.66","United States"
"7349","Faysal Bank","FABL.PK","445063583","0.293249","Pakistan"
"7350","Shenzhen Zqgame","300052.SZ","444979570","1.67127","China"
"7351","Viking Line Abp","VIK1V.HE","444839685","25.743","Finland"
"7352","Pantheon Resources","PANR.L","444580667","0.333074","United Kingdom"
"7353","Phoenix Power Company","PHPC.OM","444478896","0.303896","Oman"
"7354","Lux Industries","LUXIND.NS","443706638","14.755","India"
"7355","York Water","YORW","443451200","30.75","United States"
"7356","XOMA","XOMA","443377536","36.68","United States"
"7357","Abu Dhabi Ship Building","ADSB.AE","443297463","2.09","United Arab Emirates"
"7358","Pharmanutra","PHN.MI","443292144","46.2205","Italy"
"7359","RWS Holdings","RWS.L","443126796","1.19826","United Kingdom"
"7360","Vaalco Energy","EGY","443097600","4.25","United States"
"7361","Gulf Warehousing Company","GWCS.QA","443065552","0.756044","Qatar"
"7362","Abbott Laboratories (Pakistan)","ABOT.PK","442880821","4.52379","Pakistan"
"7363","Uzin Utz","UZU.DE","442691236","87.7604","Germany"
"7364","Ambac","AMBC","442672544","9.54","United States"
"7365","Westrock Coffee","WEST","442286656","4.67","United States"
"7366","Autosports Group","ASG.AX","442145670","2.18146","Australia"
"7367","WideOpenWest","WOW","441699840","5.15","United States"
"7368","en Japan","4849.T","441570552","11.0806","Japan"
"7369","COLOPL","3668.T","441512759","3.43718","Japan"
"7370","Greenlight Reinsurance","GLRE","441498144","12.91","Cayman Islands"
"7371","Chofu Seisakusho","5946.T","441349100","12.9797","Japan"
"7372","GWA Group Limited","GWA.AX","441284637","1.66394","Australia"
"7373","Bafang Yunji","2753.TW","440915622","6.61588","Taiwan"
"7374","Red River Bancshares","RRBI","440789696","66.02","United States"
"7375","OPAL Fuels","OPAL","440423840","2.54","United States"
"7376","Vadilal Industries","VADILALIND.NS","440251654","61.2496","India"
"7377","Dingdong Maicai","DDL","440042592","2.03","China"
"7378","Klaveness Combination Carriers","KCC.OL","439950419","7.42029","Norway"
"7379","Ace Hardware Indonesia","ACES.JK","439743606","0.025641","Indonesia"
"7380","National Cement Company P.S.C.","NCC.AE","439681921","1.22542","United Arab Emirates"
"7381","The Shyft Group","SHYF","439022880","12.54","United States"
"7382","Wonderla Holidays","WONDERLA.NS","438153206","6.90976","India"
"7383","Home Bancorp","HBCP","438029568","55.98","United States"
"7384","G8 Education","GEM.AX","437499224","0.540452","Australia"
"7385","Flotek Industries","FTK","437417984","14.65","United States"
"7386","Vital KSK Holdings","3151.T","437334039","9.041","Japan"
"7387","Vaibhav Global","VAIBHAVGBL.NS","437122284","2.62331","India"
"7388","Whitefield Industrials Limited","WHF.AX","436418666","3.62267","Australia"
"7389","RAPT Therapeutics","RAPT","436266976","26.38","United States"
"7390","PennantPark Investment","PNNT","436177920","6.68","United States"
"7391","Larimar Therapeutics","LRMR","436083040","5.095","United States"
"7392","Cairo Communication","CAI.MI","435679657","3.24128","Italy"
"7393","ATHEX  (Athens Stock Exchange)","EXAE.AT","435262676","7.52399","Greece"
"7394","Universal Store Holdings","UNI.AX","435245452","5.67311","Australia"
"7395","National CineMedia","NCMI","434814944","4.64","United States"
"7396","Avax S.A.","AVAX.AT","434759460","2.9312","Greece"
"7397","Semler Scientific","SMLR","434745824","28.31","United States"
"7398","Reitar Logtech Holdings","RITR","434657248","6.96","Hong Kong"
"7399","Tanmiah Food Company","2281.SR","434620299","21.731","Saudi Arabia"
"7400","Euroseas","ESEA","434269824","61.98","Greece"
"7401","AngioDynamics","ANGO","433969888","10.68","United States"
"7402","AB Dynamics","ABDP.L","433879402","18.9658","United Kingdom"
"7403","SRA Holdings","3817.T","433405231","34.305","Japan"
"7404","Jeld-Wen","JELD","432994208","5.07","United States"
"7405","Emeco Holdings","EHL.AX","432969416","0.835244","Australia"
"7406","Tejon Ranch","TRC","432723744","16.09","United States"
"7407","Cytek Biosciences","CTKB","432560864","3.4","United States"
"7408","First Business Financial Services","FBIZ","432154560","51.92","United States"
"7409","Al Khaleej Training and Education Company","4290.SR","431900607","6.64462","Saudi Arabia"
"7410","Perion Network","PERI","431232864","9.49","Israel"
"7411","Greenply","GREENPLY.NS","431131201","3.45234","India"
"7412","Rotshtein Realestate","ROTS.TA","430430369","25.5359","Israel"
"7413","Probe Gold Inc.","PRB.TO","430306429","2.10936","Canada"
"7414","RPG Life Sciences","RPGLIFE.NS","430211067","26.0119","India"
"7415","Smith &amp; Wesson","SWBI","430115264","9.7","United States"
"7416","Mama's Creations","MAMA","430095424","10.62","United States"
"7417","Kitex Garments","KITEX.NS","430055632","2.15502","India"
"7418","Instone Real Estate Group","INS.DE","429816610","9.74725","Germany"
"7419","Hudson Technologies","HDSN","429696736","9.84","United States"
"7420","Murapol S.A.","MUR.WA","429671547","10.5312","Poland"
"7421","Jain Irrigation Systems","JISLDVREQS.NS","429639335","0.372147","India"
"7422","SandRidge Energy","SD","429629376","11.69","United States"
"7423","Immobiliare Grande Distribuzione SIIQ","IGD.MI","428662648","3.88486","Italy"
"7424","Nayifat Finance Company","4081.SR","428489276","3.59962","Saudi Arabia"
"7425","Global Indemnity","GBLI","428175040","29.95","Cayman Islands"
"7426","SurModics","SRDX","428070848","29.94","United States"
"7427","Tadiran Group","TDRN.TA","427751341","49.8196","Israel"
"7428","Vishay Precision Group","VPG","427453696","32.19","United States"
"7429","Community Healthcare Trust","CHCT","426919488","15.05","United States"
"7430","Tide Water Oil","TIDEWATER.NS","426582649","25.0972","India"
"7431","SAPTCO (Saudi Public Transport Company)","4040.SR","426287842","3.4103","Saudi Arabia"
"7432","Quess","QUESS.NS","425861739","2.8526","India"
"7433","Habib Metropolitan Bank","HMB.PK","425527802","0.406103","Pakistan"
"7434","Roche Bobois","RBO.PA","424118356","42.125","France"
"7435","A'ayan Leasing and Investment Company","AAYAN.KW","423993275","638.507","Kuwait"
"7436","Lifezone Metals","LZM","423438976","5.34","United Kingdom"
"7437","Pico Far East Holdings","0752.HK","423254280","0.335514","Hong Kong"
"7438","Enento Group","ENENTO.HE","423200031","17.8797","Finland"
"7439","EQT Holdings Limited","EQT.AX","422739939","15.7878","Australia"
"7440","International Money Express","IMXI","421810400","14.21","United States"
"7441","Alumis","ALMS","421460448","4.05","United States"
"7442","Mangalore Chemicals and Fertilizers","MANGCHEFER.NS","421123892","3.55333","India"
"7443","IVU Traffic Technologies","IVU.DE","420841070","24.3389","Germany"
"7444","Treace Medical Concepts","TMCI","420733024","6.66","United States"
"7445","Kingsway Financial Services","KFS","420685664","14.57","Canada"
"7446","Nexen Tire Corporation","002350.KS","420404522","4.14352","South Korea"
"7447","MPS Limited","MPSLTD.NS","420108223","24.7628","India"
"7448","Columbus McKinnon","CMCO","419677024","14.61","United States"
"7449","Infomedia Ltd","IFM.AX","419451434","1.10383","Australia"
"7450","Greenyard","GREEN.BR","419171424","8.4484","Belgium"
"7451","Wabash National","WNC","418798016","10.23","United States"
"7452","Mirbud S.A.","MRB.WA","418775617","3.80383","Poland"
"7453","The Honest Company","HNST","418373280","3.76","United States"
"7454","Artis REIT","AX-UN.TO","418333595","4.34786","Canada"
"7455","Lubawa","LBW.WA","418295817","2.78363","Poland"
"7456","Hexatronic Group AB","HTRO.ST","418145314","2.03341","Sweden"
"7457","Nel ASA","NEL.OL","418010682","0.227422","Norway"
"7458","Movado","MOV","417959712","18.88","United States"
"7459","Medistim","MEDI.OL","417769125","22.8625","Norway"
"7460","Peach Property Group AG","PEAN.SW","417613371","7.51983","Switzerland"
"7461","Ölgerðin Egill Skallagrímsson","OLGERD.IC","417483300","0.146842","Iceland"
"7462","Skycity Entertainment Group","SKC.NZ","417172507","0.378197","New Zealand"
"7463","Chorus Aviation","CHR.TO","417165717","16.2148","Canada"
"7464","Foseco India","FOSECOIND.NS","417003257","65.2949","India"
"7465","CeriBell","CBLL","416869312","11.37","United States"
"7466","Intrepid Potash","IPI","416659232","31.29","United States"
"7467","Halfords Group","HFD.L","416434752","1.91132","United Kingdom"
"7468","Algoma Steel","ASTL","415599104","3.95","Canada"
"7469","FleetPartners Group","FPR.AX","415512279","1.87357","Australia"
"7470","Autolus Therapeutics","AUTL","415180576","1.56","United Kingdom"
"7471","Vista Group International","VGL.NZ","415088359","1.73798","New Zealand"
"7472","Kearny Financial","KRNY","415026848","6.61","United States"
"7473","Amplitude Energy","AEL.AX","414441154","0.153947","Australia"
"7474","MCI Capital Alternatywna Spólka Inwestycyjna","MCI.WA","414356845","7.89837","Poland"
"7475","Definitive Healthcare","DH","414263104","3.98","United States"
"7476","Dutch Lady Milk Industries","3026.KL","413823194","6.46599","Malaysia"
"7477","Johnson Outdoors","JOUT","413438400","39.86","United States"
"7478","Arteris","AIP","412851200","9.68","United States"
"7479","ASBISc Enterprises","ASB.WA","412484369","7.43215","Cyprus"
"7480","IVF Hartmann","VBSN.SW","412086875","171.703","Switzerland"
"7481","Boston Omaha","BOC","412040000","13.1","United States"
"7482","Direct Finance of Direct Group","DIFI.TA","411934424","139.292","Israel"
"7483","Landsea Homes","LSEA","411792576","11.31","United States"
"7484","Oman Cement Company","OCOI.OM","411657226","1.24416","Oman"
"7485","National Petroleum Services Company","NAPESCO.KW","411174572","4551.41","Kuwait"
"7486","The Shikoku Bank","8387.T","411124225","9.85014","Japan"
"7487","Chubu Steel Plate","5461.T","411103216","15.1798","Japan"
"7488","Enhabit","EHAB","411099008","8.11","United States"
"7489","Prince Pipes And Fittings","PRINCEPIPE.NS","411011989","3.71582","India"
"7490","VersaBank","VBNK","410843520","12.76","Canada"
"7491","ADC Therapeutics","ADCT","410622784","3.65","Switzerland"
"7492","Vanquis Banking Group","VANQ.L","410469150","1.60036","United Kingdom"
"7493","Transcontinental Realty Investors","TCI","410281120","47.49","United States"
"7494","Lifeway Foods","LWAY","410202464","26.94","United States"
"7495","Genie Energy","GNE","409981792","15.35","United States"
"7496","NIOX Group","NIOX.L","409940950","0.981128","United Kingdom"
"7497","PureTech Health","PRTC","409550880","16.9","United States"
"7498","The Cross-Harbour Holdings","0032.HK","408662764","1.09653","Hong Kong"
"7499","Tamkeen Human Resources Company","1835.SR","408409754","15.4117","Saudi Arabia"
"7500","Prime Mining Corp.","PRYM.TO","408359846","2.43939","Canada"
"7501","Absci","ABSI","408196800","2.73","United States"
"7502","Walaa Cooperative Insurance Company","8060.SR","408143099","3.19966","Saudi Arabia"
"7503","Devsisters","194480.KQ","407650011","35.901","South Korea"
"7504","Himalaya Shipping","HSHP","407312512","8.75","Bermuda"
"7505","Hokkaido Gas","9534.T","406854432","4.61412","Japan"
"7506","Selectirente","SELER.PA","406652632","97.7065","France"
"7507","Jindal Worldwide","JINDWORLD.NS","406489293","0.405434","India"
"7508","NWTN Inc.","NWTN","406157984","1.39","United Arab Emirates"
"7509","TechTarget","TTGT","406057504","5.68","United States"
"7510","Gulf Pharmaceutical Industries","JULPHAR.AE","405762492","0.35","United Arab Emirates"
"7511","Anterix","ATEX","405341632","21.63","United States"
"7512","TWFG Insurance","TWFG","405297600","27.01","United States"
"7513","Regional Management","RM","404995424","41.33","United States"
"7514","North American Construction Group","NOA","404579328","13.83","Canada"
"7515","EVI Industries","EVI","404299936","31.68","United States"
"7516","Calian Group","CGY.TO","403956313","35.6079","Canada"
"7517","Fonciere Inea","INEA.PA","403947647","37.3274","France"
"7518","BEWi ASA","BEWI.OL","403664988","1.70667","Norway"
"7519","Community West Bancshares","CWBC","403653728","21.1","United States"
"7520","kneat.com","FOBK.F","403072571","4.18909","Ireland"
"7521","Sierra Bancorp","BSRR","402951584","29.65","United States"
"7522","STRATEC","SBS.F","402542882","33.1149","Germany"
"7523","Unusual Machines","UMAC","401568128","12.91","United States"
"7524","I-Mab Biopharma","IMAB","401125888","3.48","China"
"7525","Maruzen","5982.T","400898618","24.7089","Japan"
"7526","flyExclusive","FLYX","400647936","5","United States"
"7527","Bank of Marin Bancorp","BMRC","400552480","24.84","United States"
"7528","Atrium Mortgage Investment","AI.TO","400481976","8.40873","Canada"
"7529","Talgo S.A.","TLGO.MC","399802475","3.25298","Spain"
"7530","Gulf Medical Projects Company","GMPC.AE","399630742","0.57","United Arab Emirates"
"7531","Kyokuyo","1301.T","399510578","33.6363","Japan"
"7532","GPA","PCAR3.SA","399391466","0.814698","Brazil"
"7533","Western Copper and Gold","WRN","399262944","1.98","Canada"
"7534","Civista Bancshares","CIVB","399004096","20.66","United States"
"7535","Titan Machinery","TITN","398976704","17.07","United States"
"7536","3D Systems","DDD","398865440","3.11","United States"
"7537","CS Disco","LAW","398852352","6.46","United States"
"7538","Medios AG","ILM1.DE","398732089","15.633","Germany"
"7539","Vasta Platform","VSTA","397538272","4.95","Brazil"
"7540","Winton Land","WIN.NZ","397334614","1.33957","New Zealand"
"7541","Al Hassan Ghazi Ibrahim Shaker","1214.SR","397189618","7.15657","Saudi Arabia"
"7542","Orascom Development","ODHN.SW","397040564","6.66163","Switzerland"
"7543","Shimao Property","0813.HK","396996896","0.0494916","Hong Kong"
"7544","Iwaki Co.","6237.T","396632688","17.9349","Japan"
"7545","Ooredoo Oman","ORDS.OM","395638841","0.607792","Oman"
"7546","Delta Plus Group","ALDLT.PA","395523739","55.2305","France"
"7547","AerSale","ASLE","395381120","8.38","United States"
"7548","Industrial Logistics Properties Trust","ILPT","395362560","5.96","United States"
"7549","United Heavy Machinery","OMZZP.ME","394921090","146.48","Russia"
"7550","Millat Tractors","MTL.PK","394483243","1.9772","Pakistan"
"7551","BayWa","BYW.F","394343603","20.8285","Germany"
"7552","So-Young International","SY","394305088","3.97","China"
"7553","ZipRecruiter","ZIP","394058048","4.61","United States"
"7554","DeFi Development","DFDV","393779456","15.34","United States"
"7555","Thob Al Aseel Company","4012.SR","393558014","0.983895","Saudi Arabia"
"7556","illimity Bank","ILTY.MI","392699831","4.72736","Italy"
"7557","Magnera","MAGN","392668000","11.03","United States"
"7558","Wilmington plc","WIL.L","392046461","4.39631","United Kingdom"
"7559","4D Molecular Therapeutics","FDMT","391833728","8.39","United States"
"7560","Holley","HLLY","391623904","3.25","United States"
"7561","Interloop","ILP.PK","391457626","0.279272","Pakistan"
"7562","Y-mAbs Therapeutics","YMAB","391224608","8.61","United States"
"7563","Aduro Clean Technologies","ADUR","390885728","12.52","Canada"
"7564","PharmaSGP","PSG.DE","390665213","33.934","Germany"
"7565","Interfor","IFP.TO","390575726","7.59081","Canada"
"7566","Lineage Cell Therapeutics","LCTX","390489248","1.71","United States"
"7567","Greene County Bancorp","GCBC","390254912","22.92","United States"
"7568","Star Group","SGU","390170560","11.61","United States"
"7569","Paisalo Digital","PAISALO.NS","389861302","0.427551","India"
"7570","Saudi Advanced Industries Company","2120.SR","389830437","6.60729","Saudi Arabia"
"7571","Saratoga Investment","SAR","388905728","24.38","United States"
"7572","ABO Energy","AB9.DE","388429257","42.125","Germany"
"7573","Real Matters","REAL.TO","388351460","5.23752","Canada"
"7574","Phnom Penh Autonomous Port","PPAP.KH","388191346","3.39","Cambodia"
"7575","Ashtead Technology","AT.L","387859542","4.82522","United Kingdom"
"7576","Evolus","EOLS","387465664","5.99","United States"
"7577","Shoper","SHO.WA","387337070","13.7673","Poland"
"7578","ALT5 Sigma","ALTS","387334848","3.1","United States"
"7579","Brasil Agro","LND","387304288","3.84","Brazil"
"7580","Ascencio","ASCE.BR","386682475","58.6239","Belgium"
"7581","Sidetrade","ALBFR.PA","386526332","273.812","France"
"7582","gremz, Inc.","3150.T","386524258","16.7312","Japan"
"7583","Blade Air Mobility","BLDE","386420192","4.73","United States"
"7584","Mahindra Logistics","MAHLOG.NS","386388777","3.8958","India"
"7585","Campine","CAMB.BR","386145560","257.43","Belgium"
"7586","BigCommerce","BIGC","385913824","4.78","United States"
"7587","Park Aerospace","PKE","385798944","19.43","United States"
"7588","MicroVision","MVIS","385235072","1.28","United States"
"7589","Commercial Facilities Company S.A.K.P.","FACIL.KW","384746151","759.659","Kuwait"
"7590","Kalyani Steels","KSL.NS","384607578","8.81055","India"
"7591","MBIA","MBI","384219328","7.61","United States"
"7592","Eik fasteignafélag","EIK.IC","384158493","0.113208","Iceland"
"7593","MSTC Limited","MSTCLTD.NS","384129254","5.45638","India"
"7594","Diamond Hill Investment Group","DHIL","384029248","140.92","United States"
"7595","PubMatic","PUBM","383616256","8.39","United States"
"7596","Kamada","KMDA","383558560","6.67","Israel"
"7597","Herfy Food Services Company","6002.SR","383554601","5.93003","Saudi Arabia"
"7598","Xponential Fitness","XPOF","383354752","7.85","United States"
"7599","Leonteq","LEON.SW","383178750","21.7073","Switzerland"
"7600","Eshraq Investments","ESHRAQ.AE","383121378","0.14","United Arab Emirates"
"7601","Harbour Centre Development","0051.HK","382659928","0.539908","Hong Kong"
"7602","Aura Biosciences","AURA","382658400","6.16","United States"
"7603","Jack in the Box","JACK","381993280","20.23","United States"
"7604","Greenpanel Industries","GREENPANEL.NS","381909018","3.11439","India"
"7605","Korro Bio","KRRO","381834112","40.66","United States"
"7606","Kuwait Reinsurance Company","KUWAITRE.KW","381781725","1237.72","Kuwait"
"7607","Beyout Investment Group","BEYOUT.KW","381781672","1273.74","Kuwait"
"7608","Kewal Kiran Clothing","KKCL.NS","381728301","6.19436","India"
"7609","Al-Jouf Agricultural Development","6070.SR","380439413","12.6813","Saudi Arabia"
"7610","Halwani Bros","6001.SR","379930915","10.7455","Saudi Arabia"
"7611","STEICO SE","ST5.DE","379854748","26.9717","Germany"
"7612","Total Energy Services","TOT.TO","379653151","10.2096","Canada"
"7613","H&amp;T Group plc","HAT.L","378805714","8.7122","United Kingdom"
"7614","Stellus Capital","SCM","378503072","13.32","United States"
"7615","Fastighets AB Trianon","TRIAN-B.ST","378241383","2.05148","Sweden"
"7616","Daiichi Kensetsu","1799.T","378182678","21.3988","Japan"
"7617","Midland States Bancorp","MSBI","378089376","17.55","United States"
"7618","Al Soor Fuel Marketing Company K.S.C.P.","SOOR.KW","377513067","897.184","Kuwait"
"7619","Zydus Wellness","ZYDUSWELL.NS","377302709","5.92944","India"
"7620","Marie Brizard Wine &amp; Spirits","MBWS.PA","376971902","3.37","France"
"7621","Kuwait Investment Company","KINV.KW","376904868","684.348","Kuwait"
"7622","Aeroporto G. Marconi Bologna","ADB.MI","376220917","10.4142","Italy"
"7623","Tamboran Resources","TBN","376029248","21.16","Australia"
"7624","Northern Region Cement Company","3004.SR","375799891","2.08778","Saudi Arabia"
"7625","Metro Mining","MMI.AX","375759621","0.0615788","Australia"
"7626","Vigil Neuroscience","VIGL","375705568","8.05","United States"
"7627","Maui Land &amp; Pineapple Company","MLP","375705120","19.03","United States"
"7628","Oil States International","OIS","375674432","6.2","United States"
"7629","Mikron Holding","MIKN.SW","375489350","22.5344","Switzerland"
"7630","Wajax Corporation","WJX.TO","374912144","17.2408","Canada"
"7631","Senseonics Holdings","SENS","374753216","0.46","United States"
"7632","Luxfer","LXFR","374697056","14","United Kingdom"
"7633","Design Therapeutics","DSGN","374149216","6.57","United States"
"7634","Bright Minds Biosciences","DRUG","373713056","52.72","United States"
"7635","Dine Brands Global","DIN","373102368","24.26","United States"
"7636","Polyplex","POLYPLEX.NS","372492369","11.864","India"
"7637","Canaan","CAN","372482368","0.7942","China"
"7638","Brinova Fastigheter","BRIN-B.ST","372027312","1.61568","Sweden"
"7639","Air Asia Company Limited (AACL)","2630.TW","372019423","1.73687","Taiwan"
"7640","Ladun Investment Company","9535.SR","371960301","0.743921","Saudi Arabia"
"7641","A.L.A. società per azioni","ALA.MI","371935403","41.1889","Italy"
"7642","Zephyrus Wing Energies","ZPRS.TA","371793348","5.71837","Israel"
"7643","Palladyne AI","PDYN","371666976","8.86","United States"
"7644","Runway Growth Finance","RWAY","371582656","10.26","United States"
"7645","Kopin Corporation","KOPN","371197344","2.28","United States"
"7646","Batic Investments and Logistics Company","4110.SR","371160403","0.618601","Saudi Arabia"
"7647","Filtronic","FTC.L","371138161","1.68883","United Kingdom"
"7648","Clinuvel Pharmaceuticals","CUV.AX","371042949","7.40255","Australia"
"7649","iHeartMedia","IHRT","370794080","2.71","United States"
"7650","Cadiz","CDZI","370725984","4.52","United States"
"7651","T1 Energy","TE","370611456","2.2","United States"
"7652","Mechel PAO","MTLR.ME","370434697","0.9","Russia"
"7653","Annexon","ANNX","370317920","3.37","United States"
"7654","PCC Rokita","PCR.WA","370242987","18.6489","Poland"
"7655","TAKKT AG","TTK.DE","369722812","5.77463","Germany"
"7656","RxSight","RXST","369471136","9.03","United States"
"7657","Digital Domain","0547.HK","369262471","0.0462778","Hong Kong"
"7658","Southern First Bancshares","SFST","369113856","45.12","United States"
"7659","Pizza Pizza","PZA.TO","369002732","11.0634","Canada"
"7660","Cresco Labs","CRLBF","368946944","1.03","United States"
"7661","Jeju Air","089590.KS","368719021","4.51956","South Korea"
"7662","Owens &amp; Minor","OMI","368454656","4.77","United States"
"7663","Cellectis","CLLS","368237376","3.36","France"
"7664","Avex Inc.","7860.T","367869697","8.67989","Japan"
"7665","Havertys","HVT","367475712","22.45","United States"
"7666","Computer Modelling Group","CMG.TO","367373103","4.4483","Canada"
"7667","Nouveau Monde Graphite","NMG","367285696","2.41","Canada"
"7668","Kits Eyecare","KITS.TO","367062881","11.4221","Canada"
"7669","Value Line","VALU","366906880","39","United States"
"7670","Mandalay Resources","MND.TO","366753578","3.87433","Canada"
"7671","Text (LiveChat)","TXT.WA","366628353","14.238","Poland"
"7672","Neowiz Games","095660.KQ","366512029","18.0924","South Korea"
"7673","Acco Brands","ACCO","365938048","4.06","United States"
"7674","Toscana Aeroporti","TYA.MI","365879967","19.6583","Italy"
"7675","Lexeo Therapeutics","LXEO","365588224","6.77","United States"
"7676","GoPro","GPRO","365340288","2.29","United States"
"7677","Hyliion","HYLN","364908192","2.08","United States"
"7678","JDC Group AG","JDC.DE","364802316","36.5083","Germany"
"7679","Pacific Biosciences","PACB","363448480","1.21","United States"
"7680","Shen Zhen Shengxunda Technology (gamexun)","300518.SZ","363186702","1.82129","China"
"7681","Matrix Service","MTRX","362926176","12.93","United States"
"7682","Parag Milk Foods","PARAGMILK.NS","362735315","3.04296","India"
"7683","Via S.A.","VIIA3.SA","362489533","0.15","Brazil"
"7684","Dye &amp; Durham","DND.TO","362086109","5.38819","Canada"
"7685","Glarner Kantonalbank","GLKBN.SW","362079983","26.8207","Switzerland"
"7686","Hypothekarbank Lenzburg","HBLN.SW","361970775","5038.29","Switzerland"
"7687","NIU","NIU","361752800","4.64","China"
"7688","AMC Networks","AMCX","361387136","8.33","United States"
"7689","Southern States Bancshares","SSBK","361068608","36.37","United States"
"7690","Farmers &amp; Merchants Bancorp","FMAO","360804928","26.29","United States"
"7691","Bankwell Financial Group","BWFG","360629344","45.78","United States"
"7692","Sinad Holding Company","4080.SR","360591154","2.85303","Saudi Arabia"
"7693","Select Harvests Limited","SHV.AX","360272878","2.53521","Australia"
"7694","Stillfront Group","SF.ST","360073871","0.695166","Sweden"
"7695","Benitec Biopharma","BNTC","359631392","13.7","United States"
"7696","Spok Holdings","SPOK","358899808","17.43","United States"
"7697","Huuuge","HUG.WA","358501019","6.39","United States"
"7698","Ion Beam Applications","IBAB.BR","358213559","12.2396","Belgium"
"7699","Simona","SIM0.F","358062246","59.677","Germany"
"7700","Allcargo Logistics","ALLCARGO.NS","357409234","0.363345","India"
"7701","Alantra Partners","ALNT.MC","357255918","9.43131","Spain"
"7702","GrafTech","EAF","357023424","13.83","United States"
"7703","Chatham Lodging Trust","CLDT","356655392","6.97","United States"
"7704","Race Oncology","RAC.AX","356436736","2.05044","Australia"
"7705","T’way Air","091810.KS","355623725","1.29698","South Korea"
"7706","Hikal","HIKAL.NS","355545025","2.87855","India"
"7707","Ice Fish Farm","IFISH.OL","355529290","2.90795","Iceland"
"7708","SFC Energy AG","F3C.DE","355525349","20.454","Germany"
"7709","MasterCraft Boat","MCFT","355366848","21.81","United States"
"7710","Mesa Laboratories","MLAB","354898816","64.51","United States"
"7711","Independent Petroleum Group K.S.C.P.","IPG.KW","354589742","1961.36","Kuwait"
"7712","Healius Limited","HLS.AX","354385172","0.488045","Australia"
"7713","Bijou Brigitte","BIJ.DE","354231607","47.2736","Germany"
"7714","Satellogic","SATL","354181728","3.355","United States"
"7715","The Manitowoc Company","MTW","353881888","9.98","United States"
"7716","B&amp;G Foods","BGS","353616576","4.42","United States"
"7717","The National Company for Glass Industries","2150.SR","353352144","10.7402","Saudi Arabia"
"7718","Geopark","GPRK","353238496","6.85","Chile"
"7719","Altimmune","ALT","353029024","4","United States"
"7720","Qatar Islamic Insurance Group","QISI.QA","352912095","2.35275","Qatar"
"7721","Arafura Rare Earths","ARU.AX","352738823","0.124468","Australia"
"7722","West Bancorporation","WTBA","352368288","20.8","United States"
"7723","Cullinan Therapeutics","CGEM","352083392","5.96","United States"
"7724","De La Rue","DLAR.L","351769428","1.74752","United Kingdom"
"7725","Rocket Pharmaceuticals","RCKT","351766624","3.26","United States"
"7726","Byggmax Group","BMAX.ST","350834331","5.98438","Sweden"
"7727","Kuwait National Cinema Company","KCIN.KW","350820940","3788.47","Kuwait"
"7728","SelectQuote","SLQT","350817984","2.03","United States"
"7729","Mears Group plc","MER.L","350139661","4.24887","United Kingdom"
"7730","Southern Cross Electrical Engineering","SXE.AX","349738935","1.31674","Australia"
"7731","Alpha Tau Medical","DRTS","349527552","4.11","Israel"
"7732","WithSecure Oyj","WITH.HE","349390007","1.98689","Finland"
"7733","Red Sea International Company","4230.SR","349069277","11.5454","Saudi Arabia"
"7734","Veritone","VERI","348874528","5.08","United States"
"7735","Yü Group","YU.L","348836445","20.7753","United Kingdom"
"7736","Amlak International Finance Company","1182.SR","348682212","3.42097","Saudi Arabia"
"7737","OptimizeRx","OPRX","348651328","18.78","United States"
"7738","Pangaea Logistics Solutions","PANL","348391808","5.34","United States"
"7739","Gamania Digital","6180.TWO","348285960","1.98461","Taiwan"
"7740","China Motor Bus Company","0026.HK","347899958","7.69369","Hong Kong"
"7741","Sea1 Offshore","SEA1.OL","347821836","2.27121","Norway"
"7742","Gateway Distriparks","GATEWAY.NS","347694494","0.695885","India"
"7743","High Liner Foods","HLF.TO","347614603","11.9745","Canada"
"7744","Aluflexpack AG","AFP.SW","347607688","20.0929","Switzerland"
"7745","Imagicaaworld Entertainment","IMAGICAA.NS","347340061","0.613286","India"
"7746","The Gym Group","GYM.L","347323277","1.97834","United Kingdom"
"7747","Relais Group Oyj","RELAIS.HE","347310943","18.8392","Finland"
"7748","Nano Dimension","NNDM","347196000","1.59","United States"
"7749","Spire Global","SPIR","347126304","11.17","United States"
"7750","Novabase","NBA.LS","346495965","9.18558","Portugal"
"7751","Alamar Foods Company","6014.SR","346423042","13.5852","Saudi Arabia"
"7752","Central Asia Metals","CAML.L","346295441","1.99174","United Kingdom"
"7753","Olympic Steel","ZEUS","346230432","30.92","United States"
"7754","Doha Insurance Group","DOHI.QA","346016482","0.692033","Qatar"
"7755","Baader Bank","BWB.DE","345452539","7.07934","Germany"
"7756","Rafhan Maize Products Company","RMPL.PK","345136366","37.367","Pakistan"
"7757","West Coast Paper Mills","WSTCSTPAPR.NS","345136279","5.21829","India"
"7758","Nobia AB","NOBI.ST","345096186","0.512764","Sweden"
"7759","Najran Cement Company","3002.SR","344281257","2.07711","Saudi Arabia"
"7760","Stalprodukt","STP.WA","344166739","67.6305","Poland"
"7761","orion-group-holdings","ORN","344107200","8.66","United States"
"7762","Ooma","OOMA","343957824","12.48","United States"
"7763","Prakash Industries","PRAKASH.NS","343503490","1.91648","India"
"7764","F-Secure","FSECURE.HE","343035876","1.96349","Finland"
"7765","Alliance Entertainment","AENT","342808704","6.73","United States"
"7766","Intracom Holdings","INTRK.AT","342765041","4.13059","Greece"
"7767","Orange County Bancorp","OBT","342758688","25.65","United States"
"7768","Zumiez","ZUMZ","342555936","19.97","United States"
"7769","Forum Energy Technologies","FET","342457248","28.77","United States"
"7770","DocMorris","DOCM.SW","342407737","7.11878","Switzerland"
"7771","A2Z Smart Technologies","AZ","342173536","8.18","Canada"
"7772","Greenfire Resources","GFR","342132096","4.87","Canada"
"7773","Innoviz","INVZ","341317248","1.7","Israel"
"7774","VIB Vermögen","VIH1.F","341143772","10.3206","Germany"
"7775","Ayyan Investment Company","2140.SR","341053680","3.38897","Saudi Arabia"
"7776","ElringKlinger","ZIL2.DE","341043721","5.38263","Germany"
"7777","Esprinet","PRT.MI","340763337","6.89211","Italy"
"7778","Franchise Brands plc","FRAN.L","340459648","1.76925","United Kingdom"
"7779","Agora.io","API","340218752","3.75","China"
"7780","Palms Sports","PALMS.AE","340212929","2.27","United Arab Emirates"
"7781","Infotel SA","INF.PA","339399125","49.1458","France"
"7782","Newtek","NEWT","339260096","11.85","United States"
"7783","Afcon Holdings","AFHL.TA","339097154","63.892","Israel"
"7784","LightPath Technologies","LPTH","338901600","7.9","United States"
"7785","Clearwater Paper","CLW","338831200","21.04","United States"
"7786","XANO Industri","XANO-B.ST","338545619","5.70801","Sweden"
"7787","Nordic Paper","NPAPER.ST","338532775","5.05962","Sweden"
"7788","Bourrelier Group","ALBOU.PA","338422874","54.5284","France"
"7789","V-ZUG Holding","VZUG.SW","338392467","52.6388","Switzerland"
"7790","Coronado Global Resources","CRN.AX","338363202","0.203079","Australia"
"7791","Trilogy Metals","TMQ","338337280","2.06","Canada"
"7792","Ponce Financial Group","PDLB","338302880","14.86","United States"
"7793","IFL (Ibrahim Fibres)","IBFL.PK","338028097","1.08863","Pakistan"
"7794","Lesaka Technologies","LSAK","337591264","4.155","South Africa"
"7795","NeuroPace","NPCE","337431264","10.2","United States"
"7796","Eagle Football Group","EFG.PA","337267077","2.05944","France"
"7797","Selvaag Bolig","SBO.OL","337070639","3.59483","Norway"
"7798","Supermax Corporation Berhad","7106.KL","336957356","0.110216","Malaysia"
"7799","OVB Holding","O4B.DE","336855301","23.6368","Germany"
"7800","Artesian Resources","ARTNA","336051168","32.47","United States"
"7801","Incap Oyj","ICP1V.HE","335963449","11.4088","Finland"
"7802","Immuneering","IMRX","335887392","8.08","United States"
"7803","Melcor Developments","MRD.TO","335772911","11.1208","Canada"
"7804","EaseMyTrip","EASEMYTRIP.NS","335693123","0.0923032","India"
"7805","Al Baraka Group","BARKA.BH","335666569","0.325","Bahrain"
"7806","National Building and Marketing Company","9510.SR","335644192","27.9703","Saudi Arabia"
"7807","Plaza Retail REIT","PLZ-UN.TO","335449442","3.00619","Canada"
"7808","Ashiana Housing","ASHIANA.NS","335249210","3.33499","India"
"7809","United Projects Company For Aviation Services","UPAC.KW","335134602","887.361","Kuwait"
"7810","Ceres Power","CWR.L","335125357","1.72904","United Kingdom"
"7811","ZE PAK SA","ZEP.WA","334519484","6.58198","Poland"
"7812","Contineum Therapeutics","CTNM","334259392","11.92","United States"
"7813","Acast AB","ACAST.ST","333982625","1.83039","Sweden"
"7814","Barnes &amp; Noble Education","BNED","333727712","9.8","United States"
"7815","Linedata Services","LIN.PA","333596363","67.868","France"
"7816","Marston's","MARS.L","333433999","0.525413","United Kingdom"
"7817","Future Care Trading Company","9544.SR","333297776","0.666596","Saudi Arabia"
"7818","Rackspace Technology","RXT","332711328","1.39","United States"
"7819","COLTENE Holding AG","CLTN.SW","332511215","55.6468","Switzerland"
"7820","Siyaram Silk Mills","SIYSIL.NS","332346615","7.31542","India"
"7821","K-Bro Linen","KBL.TO","332339028","25.8432","Canada"
"7822","enGene","ENGN","332234592","6.49","Canada"
"7823","Materialise NV","MTLS","331957568","5.62","Belgium"
"7824","Omni Bridgeway","OBL.AX","331607901","1.14969","Australia"
"7825","Wall Financial Corporation","WFC.TO","331426133","10.3531","Canada"
"7826","The Oncology Institute","TOI","331006880","3.54","United States"
"7827","Amarin Corporation","AMRN","330924416","16","Ireland"
"7828","Pioneer Bancorp","PBFS","330769760","13.07","United States"
"7829","Science Group","SAG.L","330604812","7.5059","United Kingdom"
"7830","Quad","QUAD","330599040","6.55","United States"
"7831","Onity Group","ONIT","330103008","40.98","United States"
"7832","Gladstone Land","LAND","330004064","9.12","United States"
"7833","B.P. Marsh &amp; Partners","BPM.L","329820231","9.31536","United Kingdom"
"7834","Middle East Specialized Cables Company","2370.SR","329138219","8.22846","Saudi Arabia"
"7835","RBB Bancorp","RBB","328800768","19.06","United States"
"7836","Nueva Expresión Textil","NXT.MC","328410761","0.812076","Spain"
"7837","Equita Group","EQUI.MI","327998685","6.55277","Italy"
"7838","Deceuninck","DECB.BR","327517936","2.36953","Belgium"
"7839","Federal-Mogul Goetze","FMGOETZE.NS","327404733","5.88517","India"
"7840","ioneer","IONR","326806688","4.9","Australia"
"7841","NACCO Industries","NC","326680480","43.84","United States"
"7842","EnviTec Biogas","ETG.DE","326679143","21.9986","Germany"
"7843","Genesco","GCO","326669568","30.26","United States"
"7844","Qatar Industrial Manufacturing Company","QIMD.QA","325851419","0.685714","Qatar"
"7845","Euroapi","EAPI.PA","325548771","3.41914","France"
"7846","Amadeus Fire","AAD.DE","324175048","59.677","Germany"
"7847","Capricor Therapeutics","CAPR","324133376","7.09","United States"
"7848","Brødrene A &amp; O Johansen","AOJ-B.CO","323929945","15.002","Denmark"
"7849","Marine Products Corporation","MPX","323363488","9.24","United States"
"7850","WCM Beteiligungs- und Grundbesitz","WCMK.DE","323079704","2.14695","Germany"
"7851","Ecoener","ENER.MC","323070550","5.67517","Spain"
"7852","Helical","HLCL.L","322669727","2.64047","United Kingdom"
"7853","Replimune","REPL","322370656","4.13","United States"
"7854","Hycroft Mining","HYMC","322268704","6.06","United States"
"7855","International Tower Hill Mines","THM","322222464","1.55","Canada"
"7856","Dhofar International Development &amp; Investment Holding","DIDI.OM","322114385","0.649351","Oman"
"7857","BayCom (United Business Bank)","BCML","321922144","29.47","United States"
"7858","Kuwait Insurance Company","KINS.KW","321916580","1741.98","Kuwait"
"7859","Econocom Group","ECONB.BR","321810957","1.97519","Belgium"
"7860","Jupiter Mines Limited","JMS.AX","321781878","0.163773","Australia"
"7861","Motorcar Parts of America","MPAA","321438976","16.61","United States"
"7862","NexPoint Real Estate Finance","NREF","321374176","14.12","United States"
"7863","Chinese Estates Holdings","0127.HK","321242931","0.1684","Hong Kong"
"7864","Coelacanth Energy","CEI.V","321144090","0.602673","Canada"
"7865","Chargeurs","CRI.PA","319559200","13.246","France"
"7866","Australian Clinical Labs","ACL.AX","319371491","1.63118","Australia"
"7867","Eisen- und Hüttenwerke","EIS.F","319213663","18.1371","Germany"
"7868","Celon Pharma","CLN.WA","319034107","5.92378","Poland"
"7869","Omega Flex","OFLX","318879648","31.59","United States"
"7870","Steyr Motors AG","4X0.DE","318839218","61.3152","Germany"
"7871","Vp plc","VP.L","318761578","8.06884","United Kingdom"
"7872","MVB Financial","MVBF","317646560","24.95","United States"
"7873","Honda Siel Power Products","HONDAPOWER.NS","317406599","31.2488","India"
"7874","Acacia Research","ACTG","317304032","3.29","United States"
"7875","Icelandair","ICEAIR.IC","317088056","0.00771124","Iceland"
"7876","World Holdings","2429.T","317080485","17.7209","Japan"
"7877","KNOT Offshore Partners","KNOP","316885504","9.07","United Kingdom"
"7878","Akastor ASA","AKAST.OL","316487931","1.16118","Norway"
"7879","Ranger Energy Services","RNGR","316293312","14.48","United States"
"7880","Paysign","PAYS","315820960","5.8","United States"
"7881","NVE Corporation","NVEC","315238112","65.17","United States"
"7882","Aeluma","ALMU","314836736","17.64","United States"
"7883","Alector","ALEC","313758208","3.1","United States"
"7884","Green Landscaping Group","GREEN.ST","313751512","5.54857","Sweden"
"7885","Giordano","0709.HK","313715397","0.19411","Hong Kong"
"7886","Arabian Pipes Company","2200.SR","313566547","1.56783","Saudi Arabia"
"7887","Eurocash","EUR.WA","312833515","2.24796","Poland"
"7888","M1 Kliniken AG","M12.DE","312017819","16.616","Germany"
"7889","Berry Corporation","BRY","311183392","4.01","United States"
"7890","Lalique Group","LLQ.SW","310240545","40.5543","Switzerland"
"7891","Norcros","NXR.L","310159326","3.45807","United Kingdom"
"7892","Qatar General Insurance & Reinsurance Company","QGRI.QA","310119868","0.354396","Qatar"
"7893","Advanced Technology Company K.S.C.P.","ATC.KW","310019632","1722.33","Kuwait"
"7894","CuriosityStream","CURI","309924064","5.35","United States"
"7895","Unimot","UNT.WA","309808069","37.7915","Poland"
"7896","ReposiTrak","TRAK","309419104","16.93","United States"
"7897","High Tide","HITI","309337088","3.54","Canada"
"7898","Hargreaves Services","HSP.L","309271142","9.35557","United Kingdom"
"7899","Sandhar","SANDHAR.NS","309176907","5.11786","India"
"7900","Group Five Pipe Saudi Company","9523.SR","309087025","11.0388","Saudi Arabia"
"7901","Citizens &amp; Northern Corp","CZNC","308747360","19.9","United States"
"7902","Mereo BioPharma Group","MREO","308647968","1.94","United Kingdom"
"7903","Contango Ore","CTGO","308249216","24.33","United States"
"7904","The Italian Sea Group","TISG.MI","308226048","5.81559","Italy"
"7905","Com2uS","078340.KQ","307945256","26.3227","South Korea"
"7906","Kelly Partners Group","KPG.AX","307863775","6.79987","Australia"
"7907","TruBridge","TBRG","307588544","20.49","United States"
"7908","Bredband2 i Skandinavien AB","BRE2.ST","307515589","0.321301","Sweden"
"7909","Tactile Medical","TCMD","307185728","13.78","United States"
"7910","Upexi","UPXI","307104864","5.215","United States"
"7911","Amerigo Resources","ARG.TO","307041857","1.90129","Canada"
"7912","Zengame Technology","2660.HK","306997515","0.29695","China"
"7913","8x8","EGHT","306829920","2.25","United States"
"7914","NRC Health","NRC","306744768","13.3","United States"
"7915","Far East Consortium International","0035.HK","306725920","0.100269","Hong Kong"
"7916","AlphaPolis","9467.T","306662680","10.5523","Japan"
"7917","Diagnosticos da America (DASA)","DASA3.SA","306627086","0.245346","Brazil"
"7918","Lycopodium","LYL.AX","306414981","7.71045","Australia"
"7919","United Carton Industries Company","1323.SR","306100677","7.65252","Saudi Arabia"
"7920","Nippon Air conditioning Services","4658.T","305907853","8.84707","Japan"
"7921","Arq Inc.","ARQ","305669280","7.16","United States"
"7922","Plumas Bancorp","PLBC","305604000","43.99","United States"
"7923","W&amp;T Offshore","WTI","305578368","2.06","United States"
"7924","Xperi","XPER","305317056","6.6","United States"
"7925","MISTRAS Group","MG","305288320","9.68","United States"
"7926","Immobel","IMMO.BR","305150457","29.8385","Belgium"
"7927","BrainChip","BRN.AX","305129866","0.140845","Australia"
"7928","LifeMD","LFMD","304893824","6.43","United States"
"7929","Qingci Games","6633.HK","304824949","0.440925","China"
"7930","Aldeyra Therapeutics","ALDX","304430848","5.07","United States"
"7931","Etteplan","ETTE.HE","304322111","12.0524","Finland"
"7932","Turtle Beach Corp","TBCH","304229920","15.36","United States"
"7933","PCB Bancorp","PCB","304068064","21.19","United States"
"7934","Mahanagar Telephone Nigam","MTNL.NS","304049085","0.482391","India"
"7935","Avacta Group","AVCT.L","303704618","0.743888","United Kingdom"
"7936","Omeros Corporation","OMER","303528992","4.46","United States"
"7937","1-800-Flowers","FLWS","303462144","4.77","United States"
"7938","scPharmaceuticals","SCPH","303285216","5.65","United States"
"7939","Scientific and Medical Equipment House Company","4014.SR","302847708","10.0949","Saudi Arabia"
"7940","Sanford Limited","SAN.NZ","302346772","3.23344","New Zealand"
"7941","Aeris Resources","AIS.AX","302276782","0.311169","Australia"
"7942","Semperit","SEM.VI","301884423","14.6735","Austria"
"7943","YAKUODO HOLDINGS","7679.T","301765372","15.5141","Japan"
"7944","Quantum-Si","QSI","301717856","1.49","United States"
"7945","Andrews Sykes Group","ASY.L","301563829","7.20432","United Kingdom"
"7946","Vanda Pharmaceuticals","VNDA","301354560","5.1","United States"
"7947","First Bancorp","FNLC","300443744","26.8","United States"
"7948","El Pollo Loco","LOCO","300254496","10.01","United States"
"7949","Park-Ohio Holdings","PKOH","299851840","20.83","United States"
"7950","Bang &amp; Olufsen A/S","BO.CO","299775601","2.08804","Denmark"
"7951","Simulations Plus","SLP","299692672","14.89","United States"
"7952","The Arena Group","AREN","299508864","6.31","United States"
"7953","Webzen","069080.KQ","299447379","9.96857","South Korea"
"7954","Shalby","SHALBY.NS","299256953","2.78862","India"
"7955","LNA Santé","LNA.PA","299068416","29.1364","France"
"7956","CompX International","CIX","298710912","24.24","United States"
"7957","MTI Ltd.","9438.T","298622670","5.37645","Japan"
"7958","NL Industries","NL","298551328","6.11","United States"
"7959","CLS Holdings plc","CLI.L","298284267","0.749249","United Kingdom"
"7960","Automotive Axles","AUTOAXLES.NS","298157789","19.7064","India"
"7961","Emirates Insurance Company","EIC.AE","298129547","1.99","United Arab Emirates"
"7962","MJ Gleeson plc","GLE.L","298109079","5.10669","United Kingdom"
"7963","Nucleus Software Exports","NUCLEUS.NS","298042772","11.266","India"
"7964","Inmobiliaria del Sur","ISUR.MC","297935760","16.2649","Spain"
"7965","Knowit","KNOW.ST","297800557","10.9058","Sweden"
"7966","Village Farms International","VFF","297380608","2.64","Canada"
"7967","Vitru","VTRU3.SA","297372749","2.22497","Brazil"
"7968","Mehadrin","MEDN.TA","297322313","86.3719","Israel"
"7969","Indoco Remedies","INDOCO.NS","297217688","3.22497","India"
"7970","BAUER AG","B5A0.HM","297122785","6.90381","Germany"
"7971","Eurobio Scientific","ALERS.PA","297063941","29.6045","France"
"7972","MS INTERNATIONAL plc","MSI.L","296618858","18.0946","United Kingdom"
"7973","Adairs Limited","ADH.AX","296403226","1.67704","Australia"
"7974","Waterstone Financial","WSBF","296064768","15.85","United States"
"7975","Rieter Holding","RIEN.SW","295201291","7.6953","Switzerland"
"7976","Sovereign Metals","SVM.AX","294544626","0.45529","Australia"
"7977","Victorian Plumbing Group","VIC.L","294146844","0.898027","United Kingdom"
"7978","EnQuest","ENQ.L","294028465","0.15816","United Kingdom"
"7979","WildBrain","WILD.TO","293994084","1.38471","Canada"
"7980","Jin Air","272450.KS","293970190","5.63348","South Korea"
"7981","Bonduelle","BON.PA","293948079","9.16218","France"
"7982","Arabian Shield Cooperative Insurance Company","8070.SR","293688971","3.67961","Saudi Arabia"
"7983","Frequency Electronics","FEIM","293550560","30.11","United States"
"7984","Hexagon Composites","HEX.OL","293530139","1.17521","Norway"
"7985","Naqi Water Company","2282.SR","293302043","14.6651","Saudi Arabia"
"7986","Parrot S.A.","PARRO.PA","293256256","9.47812","France"
"7987","Akwel SA","AKW.PA","291967513","10.9993","France"
"7988","L.B. Foster","FSTR","291860192","27.54","United States"
"7989","Gambling.com Group","GAMB","291772384","8.17","Jersey"
"7990","OneConnect","OCFT","291715168","7.48","China"
"7991","Galectin Therapeutics","GALT","291474208","4.55","United States"
"7992","Editas Medicine","EDIT","291341312","3.24","United States"
"7993","Babcock &amp; Wilcox","BW","291160928","2.88","United States"
"7994","Nazara Technologies","NAZARA.NS","290896581","3.14088","India"
"7995","Frontera Energy","FEC.TO","290720133","4.15414","Canada"
"7996","Funkwerk AG","FEW.F","290472170","36.0403","Germany"
"7997","Mount Gibson Iron","MGX.AX","289984149","0.24566","Australia"
"7998","Platinum Group Metals","PLG","289686976","2.55","Canada"
"7999","COG Financial Services","COG.AX","289596565","1.43465","Australia"
"8000","Radiant Logistics","RLGT","289459104","6.14","United States"
"8001","Alembic Limited","ALEMBICLTD.NS","289367688","1.12592","India"
"8002","908 Devices","MASS","289046432","8.01","United States"
"8003","Tile Shop Holdings","TTSH","288711264","6.45","United States"
"8004","Aviat Networks","AVNW","288562112","22.54","United States"
"8005","Weyco Group","WEYS","288375424","30.23","United States"
"8006","Generalfinance","GF.MI","288303052","22.8177","Italy"
"8007","Gaumont SA","GAM.PA","287959893","92.4409","France"
"8008","Ercros","ECR.MC","287811107","3.14767","Spain"
"8009","Information Services Group","III","287726944","5.97","United States"
"8010","Al-Arabiya Real Estate Company","ARABREC.KW","287495390","746.562","Kuwait"
"8011","Corby Spirit and Wine","CSW-A.TO","287469554","10.1522","Canada"
"8012","Bank Ochrony Srodowiska","BOS.WA","287419531","3.09353","Poland"
"8013","Citizens Inc","CIA","287403488","5.72","United States"
"8014","Cereno Scientific","CRNO-B.ST","287380614","0.973126","Sweden"
"8015","Montauk Renewables","MNTK","287358368","2.02","United States"
"8016","Aardvark Therapeutics","AARD","286998368","13.23","United States"
"8017","John Marshall Bancorp","JMSB","286787392","20.28","United States"
"8018","National General Insurance Company","NGI.AE","286579705","1.73738","United Arab Emirates"
"8019","Bakkt Holdings","BKKT","286017760","17.95","United States"
"8020","AC Immune","ACIU","285704000","2.84","Switzerland"
"8021","Argo Global Listed Infrastructure","ALI.AX","285328710","1.59188","Australia"
"8022","Keystone Law Group","KEYS.L","285254693","8.99367","United Kingdom"
"8023","Brooge Energy","BROG","284928800","2.6","United Arab Emirates"
"8024","Tectonic Therapeutic","TECX","284424352","15.2","United States"
"8025","PrimeEnergy Resources","PNRG","284345312","172.435","United States"
"8026","Civeo","CVEO","284172032","22.64","United States"
"8027","Unisys","UIS","283746240","3.98","United States"
"8028","The Tourism Enterprise company (SHAMS)","4170.SR","283690985","0.245307","Saudi Arabia"
"8029","Sanara MedTech","SMTI","283539872","31.85","United States"
"8030","Hathway","HATHWAY.NS","283429226","0.16012","India"
"8031","Prosperity Real Estate Investment Trust","0808.HK","283271237","0.179969","Hong Kong"
"8032","Datalogic S.p.A.","DAL.MI","283109867","5.27732","Italy"
"8033","Genel Energy","GENL.L","283055486","1.02804","United Kingdom"
"8034","Antalpha Platform","ANTA","282472576","11.93","Singapore"
"8035","BRT Apartments","BRT","282285568","15.7","United States"
"8036","NI Holdings","NODK","281804832","13.63","United States"
"8037","Neumora Therapeutics","NMRA","281785024","1.74","United States"
"8038","Chubb Arabia Cooperative Insurance Company","8240.SR","281569961","9.38567","Saudi Arabia"
"8039","Oportun Financial","OPRT","281220064","6.39","United States"
"8040","Leclanché","LECN.SW","281128855","0.246901","Switzerland"
"8041","FinWise Bancorp","FINW","281064800","20.79","United States"
"8042","McBride","MCB.L","280971592","1.64594","United Kingdom"
"8043","MAX Automation","MXHN.DE","280874454","6.8102","Germany"
"8044","Saudi Cable Company","2110.SR","280588169","42.0488","Saudi Arabia"
"8045","AudioCodes","AUDC","280537568","9.66","Israel"
"8046","KCP Limited","KCP.NS","280530005","2.17432","India"
"8047","City Office REIT","CIO","280527296","6.95","Canada"
"8048","Sino AG","XTP.DE","280357759","119.939","Germany"
"8049","Masonglory","MSGY","280232512","19.7","Hong Kong"
"8050","Nature's Sunshine Products","NATR","280228928","15.89","United States"
"8051","Oceania Healthcare","OCA.NZ","280174850","0.386858","New Zealand"
"8052","Chicago Atlantic Real Estate Finance","REFI","280081760","13.29","United States"
"8053","Jindal Poly Films","JINDALPOLY.NS","279726898","6.38844","India"
"8054","Cogelec SA","ALLEC.PA","279518779","33.7","France"
"8055","SOPHiA GENETICS","SOPH","279103584","4.13","Switzerland"
"8056","Abeona Therapeutics","ABEO","278955264","5.44","United States"
"8057","PLAID,Inc.","4165.T","278677414","6.82756","Japan"
"8058","Strattec Security","STRT","278281408","66.89","United States"
"8059","Tredegar","TG","278192480","8","United States"
"8060","BrainsWay","BWAY","278141376","14.66","Israel"
"8061","Global Water Resources","GWRS","278029536","10.12","United States"
"8062","Hutchison Telecommunications (Australia)","HTA.AX","277721138","0.020462","Australia"
"8063","Oryzon Genomics","ORY.MC","277544934","3.58062","Spain"
"8064","Stelrad Group","SRAD.L","277380320","2.17805","United Kingdom"
"8065","Allogene Therapeutics","ALLO","277351296","1.25","United States"
"8066","Capacit'e Infraprojects","CAPACITE.NS","276804614","3.27067","India"
"8067","Hydratec Industries","HYDRA.AS","276494113","212.965","Netherlands"
"8068","Taiga Building Products","TBL.TO","276484921","2.56136","Canada"
"8069","Summit Midstream","SMC","276054016","22.55","United States"
"8070","Cerus","CERS","276046272","1.44","United States"
"8071","CoastalSouth Bancshares","COSO","275874560","23.03","United States"
"8072","Mayville Engineering Company","MEC","275712864","13.57","United States"
"8073","Humacyte","HUMA","274785056","1.73","United States"
"8074","Foghorn Therapeutics","FHTX","274735648","4.86","United States"
"8075","Mayne Pharma Group","MYX.AX","274633771","3.38028","Australia"
"8076","Denny's","DENN","274489632","5.33","United States"
"8077","Reach plc","RCH.L","274043348","0.86854","United Kingdom"
"8078","IVE Group","IGL.AX","273495732","1.76875","Australia"
"8079","Aurora Cannabis","ACB","273415296","4.86","Canada"
"8080","Arnarlax (Icelandic Salmon)","ISLAX.OL","273211681","8.82413","Iceland"
"8081","GE Power India","GEPIL.NS","273169999","4.05604","India"
"8082","Capital Limited","CAPD.L","272903116","1.38725","United Kingdom"
"8083","Powersoft","PWS.MI","272704063","21.238","Italy"
"8084","SmartRent","SMRT","272702400","1.45","United States"
"8085","Limoneira","LMNR","272529248","15.1","United States"
"8086","Douglas Elliman","DOUG","272333888","3.07","United States"
"8087","Wing Tai Properties","0369.HK","272280178","0.196681","Hong Kong"
"8088","Teixeira Duarte","TDSA.LS","272267742","0.648256","Portugal"
"8089","Adgar Investments and Development","ADGR.TA","271725977","1.43824","Israel"
"8090","Netcall","NET.L","271586754","1.62851","United Kingdom"
"8091","Fonix Mobile","FNX.L","270937751","2.73429","United Kingdom"
"8092","Enter Air","ENT.WA","270880196","15.4402","Poland"
"8093","Platinum Capital","PMC.AX","270847520","1.02522","Australia"
"8094","Mo-BRUK S.A.","MBR.WA","270716963","77.064","Poland"
"8095","Admicom Oyj","ADMCM.HE","270636869","53.9434","Finland"
"8096","EROAD Limited","ERD.NZ","270612986","1.4435","New Zealand"
"8097","TerrAscend","TSND.TO","270576404","0.731818","Canada"
"8098","Tenaya Therapeutics","TNYA","270540320","1.66","United States"
"8099","Emperor Watch &amp; Jewellery","0887.HK","270525553","0.0372794","Hong Kong"
"8100","Timberland Bancorp","TSBK","270085568","34.2","United States"
"8101","Audinate Group","AD8.AX","269829872","3.20341","Australia"
"8102","IPD Group Limited","IPG.AX","269678037","2.60072","Australia"
"8103","Creotech Instruments","CRI.WA","269675325","94.4788","Poland"
"8104","SThree","STEM.L","269667560","2.1231","United Kingdom"
"8105","Akatsuki Inc","3932.T","269609494","18.6972","Japan"
"8106","Eagle Nice","2368.HK","269408698","0.466635","Hong Kong"
"8107","Koenig &amp; Bauer","SKB.DE","269160979","16.2883","Germany"
"8108","Liva Group","LIVA.OM","269032030","0.675325","Oman"
"8109","Aker Carbon Capture","ACC.OL","268677516","0.0218535","Norway"
"8110","The RMR Group","RMR","268059344","15.89","United States"
"8111","Gofore Oyj","GOFORE.HE","267952498","16.8734","Finland"
"8112","TT Electronics","TTG.L","267933526","1.50922","United Kingdom"
"8113","Tera Light","TRLT.TA","267930360","3.41671","Israel"
"8114","Orbit Communication Systems","ORBI.TA","267815587","10.5423","Israel"
"8115","Orell Füssli AG","OFN.SW","267756204","136.61","Switzerland"
"8116","Stereotaxis","STXS","267738352","2.94","United States"
"8117","Methode Electronics","MEI","267650288","7.6","United States"
"8118","Deutsche Rohstoff","DR0.DE","267472442","55.2305","Germany"
"8119","Ecora Resources","ECOR.L","266720401","1.07093","United Kingdom"
"8120","Hinduja Global Solutions","HGS.NS","266688066","5.72099","India"
"8121","Laboratorio Reig Jofre","RJF.MC","266670139","3.27639","Spain"
"8122","Varia US Properties","VARN.SW","266510900","26.3194","Switzerland"
"8123","Aurelia Metals","AMI.AX","266110346","0.157222","Australia"
"8124","American Realty Investors","ARL","266024144","16.47","United States"
"8125","SofWave Medical","SOFW.TA","265248393","7.45655","Israel"
"8126","Zotefoams","ZTF.L","265159646","5.44178","United Kingdom"
"8127","Automatic Bank Services","SHVA.TA","264989119","6.62473","Israel"
"8128","Prim, S.A.","PRM.MC","264817164","15.5628","Spain"
"8129","Pure Cycle (water)","PCYO","264335840","10.98","United States"
"8130","Primis Financial","FRST","264174944","10.72","United States"
"8131","SQLI SA","SQI.PA","264114197","56.687","France"
"8132","Kyverna Therapeutics","KYTX","263798576","6.1","United States"
"8133","DBV Technologies","DBVT","263782928","9.16","France"
"8134","OneWater Marine","ONEW","263727552","16.11","United States"
"8135","J.Jill","JILL","263591840","17.31","United States"
"8136","Burgenland Holding","BHD.VI","263281063","87.7604","Austria"
"8137","Lifecore Biomedical","LFCR","262639136","7.01","United States"
"8138","HomeStreet Bank","HMST","262431488","13.87","United States"
"8139","Ares Commercial Real Estate","ACRE","262375520","4.77","United States"
"8140","Newron Pharmaceuticals","NWRN.SW","262180499","13.1346","Italy"
"8141","RCI Hospitality Holdings","RICK","261875456","30.03","United States"
"8142","Keiyo Gas","9539.T","261678772","8.13824","Japan"
"8143","Silence Therapeutics","SLN","261676064","5.54","United Kingdom"
"8144","Parke Bancorp","PKBK","261645328","22.085","United States"
"8145","Delegat","DGL.NZ","261598978","2.58675","New Zealand"
"8146","Slam Corp","SLMWF","261266432","11.14","United States"
"8147","Horizon Technology Finance","HRZN","261230720","6.14","United States"
"8148","Parken Sport (F.C. Copenhagen)","PARKEN.CO","260983646","26.7275","Denmark"
"8149","Nilkamal","NILKAMAL.NS","260964431","17.488","India"
"8150","Compagnie d'Entreprises CFE","CFEB.BR","260393837","10.5546","Belgium"
"8151","Vista Gold","VGZ","260376656","2.08","United States"
"8152","Viemed Healthcare","VMD","260252448","6.71","United States"
"8153","Ernst Russ","HXCK.DE","260179561","7.72291","Germany"
"8154","Open Lending","LPRO","259979456","2.2","United States"
"8155","BVZ Holding","BVZN.SW","259612104","1315.97","Switzerland"
"8156","Eventbrite","EB","259585216","2.69","United States"
"8157","Emirates Reem Investments Company","ERC.AE","259576226","0.811503","United Arab Emirates"
"8158","Bell Financial Group","BFG.AX","259494763","0.80904","Australia"
"8159","Rane Holdings","RANEHOLDIN.NS","259307978","18.1616","India"
"8160","Compagnie Du Mont-Blanc","MLCMB.PA","258915999","287.854","France"
"8161","Miyakoshi Holdings","6620.T","258748593","6.43302","Japan"
"8162","Filatex India","FILATEX.NS","258687391","0.582819","India"
"8163","Martifer SGPS","MAR.LS","258591187","2.64451","Portugal"
"8164","Hindustan Oil Exploration Company","HINDOILEXP.NS","258268806","1.9501","India"
"8165","Inozyme Pharma","INZY","258247200","4","United States"
"8166","Outset Medical","OM","257965120","14.52","United States"
"8167","APM Terminals Bahrain","APMTB.BH","257824931","0.923077","Bahrain"
"8168","Westwing Group","WEW.DE","256590457","13.6321","Germany"
"8169","Alico","ALCO","256501824","33.55","United States"
"8170","Satixfy Communications","SATX","256482816","2.96","Israel"
"8171","Concurrent Technologies","CNC.L","256141975","2.96215","United Kingdom"
"8172","KlaraBo Sverige","KLARA-B.ST","255885542","1.6667","Sweden"
"8173","PTC Financial Services","PFS.NS","255837787","0.398325","India"
"8174","Skel fjárfestingafélag","SKEL.IC","255806000","0.136177","Iceland"
"8175","James River Group","JRVR","255788384","5.57","Bermuda"
"8176","Síminn hf.","SIMINN.IC","255554208","0.107465","Iceland"
"8177","ON24","ONTF","255529984","6.04","United States"
"8178","Franklin Covey","FC","255238400","20.19","United States"
"8179","FuelCell Energy","FCEL","255134256","7.9","United States"
"8180","Groupe Pizzorno Environnement","GPE.PA","255043104","65.9958","France"
"8181","Midwich Group","MIDW.L","254822117","2.47963","United Kingdom"
"8182","Oman Education and Training Investments (OETI)","OETI.OM","254545461","3.63636","Oman"
"8183","Neurogene","NGNE","254325536","17.82","United States"
"8184","Koskisen Oyj","KOSKI.HE","254308370","10.5546","Finland"
"8185","Americanas","AMER3.SA","253521228","1.26606","Brazil"
"8186","ChargePoint","CHPT","253149344","10.84","United States"
"8187","LoveSac","LOVE","253050544","17.32","United States"
"8188","Al Safat Investment Company","ALSAFAT.KW","252820578","884.086","Kuwait"
"8189","Chicago Atlantic BDC","LIEN","252509824","11.065","United States"
"8190","Perspective Therapeutics","CATX","252494176","3.4","United States"
"8191","Immutep","IMMP","252472752","1.72","Australia"
"8192","Vertu Motors","VTU.L","252279762","0.808224","United Kingdom"
"8193","Al Obeikan Glass Company","4145.SR","252047777","7.87649","Saudi Arabia"
"8194","Neobo Fastigheter","NEOBO.ST","251921199","1.7326","Sweden"
"8195","All for One Group","A1OS.DE","251625309","52.0711","Germany"
"8196","Kendrion","KENDR.AS","251525089","15.9139","Netherlands"
"8197","Magnetic Resources NL","MAU.AX","251454262","0.851621","Australia"
"8198","Iberpapel Gestión","IBG.MC","251297764","23.0517","Spain"
"8199","Middlefield Banc","MBCN","250759424","31.03","United States"
"8200","Voyager Therapeutics","VYGR","250719008","4.52","United States"
"8201","America's Car-Mart","CRMT","250580944","30.27","United States"
"8202","Flexsteel Industries","FLXS","250502720","47.48","United States"
"8203","StealthGas","GASS","250467632","6.74","Greece"
"8204","SunCar Technology Group","SDA","250448560","2.44","China"
"8205","Western New England Bancorp","WNEB","250411824","12.22","United States"
"8206","Smart Parking Limited","SPZ.AX","250206797","0.602686","Australia"
"8207","Nam Tai Property","NTPIF","250056304","4.29","China"
"8208","Bourse Direct","BSD.PA","250012990","4.84437","France"
"8209","The Beauty Health Company","SKIN","249846048","1.97","United States"
"8210","Repco Home Finance","REPCOHOME.NS","249443926","3.98664","India"
"8211","Cheetah Mobile","CMCM","249208352","8.12","China"
"8212","Geojit Financial Services","GEOJITFSL.NS","249016836","0.892452","India"
"8213","Waldencast","WALD","248482704","2.02","United States"
"8214","Archosaur Games","9990.HK","248307990","0.299521","China"
"8215","James Fisher and Sons","FSJ.L","248243219","4.91904","United Kingdom"
"8216","Saudi Arabian Refineries Company","2030.SR","247973545","16.5316","Saudi Arabia"
"8217","Absa Bank","ABSP.JO","247926000","55.3035","South Africa"
"8218","Brickability Group","BRCK.L","247844677","0.769354","United Kingdom"
"8219","Cosmo First","COSMOFIRST.NS","247528044","9.58746","India"
"8220","Atrys Health","ATRY.MC","246922252","3.25298","Spain"
"8221","eVISO S.p.A.","EVISO.MI","246503942","10.5195","Italy"
"8222","Lyell Immunopharma","LYEL","246479728","12.83","United States"
"8223","Remedy Entertainment","REMEDY.HE","246441092","18.0669","Finland"
"8224","Begbies Traynor Group","BEG.L","246140602","1.54809","United Kingdom"
"8225","Kitwave Group","KITW.L","245795395","2.93534","United Kingdom"
"8226","Gulf Hotels Group","GHG.BH","245776905","2.86472","Bahrain"
"8227","Amplify Energy","AMPY","245628944","6.07","United States"
"8228","Inspired Entertainment","INSE","245515008","9.12","United States"
"8229","Marvelous","7844.T","245466730","4.0524","Japan"
"8230","MotorK","MTRK.AS","245366268","5.13691","Italy"
"8231","Banan Real Estate Company","4324.SR","245307163","1.22654","Saudi Arabia"
"8232","The Saudi Arabian Amiantit Company","2160.SR","245279774","5.53274","Saudi Arabia"
"8233","Accelya","ACCELYA.NS","245159328","16.3889","India"
"8234","Kuwait Portland Cement","PCEM.KW","245138509","2445.97","Kuwait"
"8235","SHUAA Capital","SHUAA.AE","245117266","0.0669898","United Arab Emirates"
"8236","Geospace Technologies","GEOS","244747200","19.09","United States"
"8237","Electrovaya","ELVA","244719344","6.09","Canada"
"8238","United Homes Group","UHG","244619888","4.16","United States"
"8239","Italian Wine Brands","IWB.MI","244282384","26.3281","Italy"
"8240","Saudi Company for Hardware (SACO)","4008.SR","244250200","7.79117","Saudi Arabia"
"8241","Hindustan Sanitaryware &amp; Industries","HSIL.NS","244173718","3.77","India"
"8242","Squirrel Media","SQRL.MC","243956673","2.69132","Spain"
"8243","STINAG Stuttgart Invest","STG.F","243872236","16.1479","Germany"
"8244","Synlait Milk","SML.NZ","243800832","0.40418","New Zealand"
"8245","Puma Biotechnology","PBYI","243794304","4.84","United States"
"8246","Allgeier","AEIN.DE","243598405","21.1795","Germany"
"8247","HMS Bergbau","HMU.DE","243463493","53.5923","Germany"
"8248","Belpointe OZ","OZ","243296960","64.25","United States"
"8249","Lithium Royalty Corp.","LIRC.TO","243176007","4.42678","Canada"
"8250","trivago","TRVG","243084912","3.45","Germany"
"8251","Khaleeji Bank","KHALEEJI.BH","242879833","1.08753","Bahrain"
"8252","Velan","VLN.TO","242836283","11.2499","Canada"
"8253","Delta Corp","DELTACORP.NS","242810232","0.906783","India"
"8254","Third Harmonic Bio","THRD","242787568","5.38","United States"
"8255","National Industries Company","NICBM.KW","242535785","681.074","Kuwait"
"8256","eGain","EGAN","242340960","9.02","United States"
"8257","Hexaom","ALHEX.PA","242160933","35.3382","France"
"8258","DUG Technology","DUG.AX","241603377","1.7884","Australia"
"8259","Nerdy, Inc,","NRDY","241538480","1.3","United States"
"8260","Anora Group","ANORA.HE","241488787","3.57477","Finland"
"8261","EML Payments","EML.AX","241190260","0.625614","Australia"
"8262","Quanterix","QTRX","241158112","5.19","United States"
"8263","Cartesian Therapeutics","RNAC","240778912","9.26","United States"
"8264","Tiziana Life Sciences","TLSA","240706320","2.06","United Kingdom"
"8265","Alliance Aviation Services","AQZ.AX","240512107","1.49361","Australia"
"8266","Alfen","ALFEN.AS","240480502","11.0601","Netherlands"
"8267","Southland Holdings","SLND","240261888","4.44","United States"
"8268","AG Mortgage Investment Trust","MITT","240214512","7.57","United States"
"8269","Monogram Orthopaedics","MGRM","240137296","5.91","United States"
"8270","Banque Cantonale du Jura","BCJ.SW","240097334","80.2116","Switzerland"
"8271","BTB Real Estate Investment Trust","BTB-UN.TO","240001675","2.69768","Canada"
"8272","Tabuk Cement Company","3090.SR","239974398","2.66638","Saudi Arabia"
"8273","Lanvin Group","LANV","239736560","2.05","China"
"8274","Forafric Global PLC","AFRI","239424160","8.9","Gibraltar"
"8275","E. W. Scripps Company","SSP","239382800","2.71","United States"
"8276","GoldMining Inc.","GLDG","239039376","1.21","Canada"
"8277","India Nippon Electricals","INDNIPPON.NS","238885128","10.5596","India"
"8278","Strike Energy","STX.AX","238755450","0.0720603","Australia"
"8279","Sagimet Biosciences","SGMT","238708544","7.34","United States"
"8280","Wheels India","WHEELS.NS","238437957","9.74374","India"
"8281","2CRSI","AL2SI.PA","238399323","10.6834","France"
"8282","Ellomay Capital","ELLO","238111232","17.28","Israel"
"8283","Wawel","WWL.WA","238081267","184.295","Poland"
"8284","Dustin Group","DUST.ST","238078869","0.17539","Sweden"
"8285","Cantabil Retail India","CANTABIL.NS","238066539","2.84639","India"
"8286","ATN International","ATNI","237862736","15.59","United States"
"8287","Nano-X Imaging","NNOX","237855392","3.72","Israel"
"8288","ALM Equity","ALM.ST","237840836","5.42102","Sweden"
"8289","Sasken Technologies","SASKEN.NS","237562610","15.6882","India"
"8290","Baozun","BZUN","237325120","4.06","China"
"8291","Strickland Metals Limited","STK.AX","237129100","0.104815","Australia"
"8292","Surteco Group","SUR.DE","236777193","15.2703","Germany"
"8293","Tristel","TSTL.L","236680598","4.95925","United Kingdom"
"8294","United Bankers Oyj","UNITED.HE","236577258","21.7061","Finland"
"8295","Fenix Resources","FEX.AX","236534674","0.31772","Australia"
"8296","Sporting Clube de Portugal","SCP.LS","236356692","1.17014","Portugal"
"8297","Vátryggingafélag Íslands","SKAGI.IC","236255413","0.120289","Iceland"
"8298","NET Power","NPWR","235985360","3.03","United States"
"8299","Ring Energy","REI","235461040","1.14","United States"
"8300","Viomi Technology","VIOT","235316576","3.45","China"
"8301","Salam International Investment","SIIS.QA","235224239","0.205769","Qatar"
"8302","technotrans","TTR1.DE","235213027","34.051","Germany"
"8303","American Resources Corp","AREC","235212800","2.78","United States"
"8304","Vuzix","VUZI","235118752","3.04","United States"
"8305","Kuwait Financial Centre "Markaz”","MARKAZ.KW","235113991","481.336","Kuwait"
"8306","Mobico Group","MCG.L","234948880","0.384945","United Kingdom"
"8307","Kaltura","KLTR","234827056","1.52","United States"
"8308","Dollar Industries","DOLLAR.NS","234713999","4.13728","India"
"8309","Praemium Limited","PPS.AX","234711019","0.49132","Australia"
"8310","RGC Resources","RGCO","234595664","22.72","United States"
"8311","Abdullah Saad Mohammed Abo Moati for Bookstores Company","4191.SR","234534979","11.7267","Saudi Arabia"
"8312","Invivyd","IVVD","234502576","1.12","United States"
"8313","Solar A/S","SOLAR-B.CO","234449288","32.1023","Denmark"
"8314","TriSalus Life Sciences","TLSI","234376208","4.7","United States"
"8315","OraSure Technologies","OSUR","234038352","3.2","United States"
"8316","Arwana Citramulia Tbk","ARNA.JK","233442890","0.0330948","Indonesia"
"8317","U.S. Gold Corp","USAU","232868768","16.23","United States"
"8318","Frauenthal Holding","FKA.VI","232839089","26.9132","Austria"
"8319","Streamwide","ALSTW.PA","232799435","87.7604","France"
"8320","Atea Pharmaceuticals","AVIR","232517632","2.93","United States"
"8321","M&amp;C Saatchi","SAA.L","232320465","1.91668","United Kingdom"
"8322","Josef Manner &amp; Comp","MAN.VI","232213898","122.864","Austria"
"8323","iDreamSky","1119.HK","232006160","0.12855","China"
"8324","OmniAb","OABI","231768176","1.61","United States"
"8325","Fitaihi Holding Group","4180.SR","231708614","0.842577","Saudi Arabia"
"8326","Árima Real Estate","ARM.MC","231630177","8.95156","Spain"
"8327","Immersion Corporation","IMMR","231310528","7.14","United States"
"8328","Animalcare Group","ANCR.L","231171848","3.35085","United Kingdom"
"8329","Biesse","BSS.MI","230906095","8.4835","Italy"
"8330","Munshaat Real Estate Projects Company","MUNSHAAT.KW","230903722","717.092","Kuwait"
"8331","Axactor ASA","ACR.OL","230866284","0.76409","Norway"
"8332","Alta Equipment Group","ALTG","230745184","7.2","United States"
"8333","Vor Biopharma","VOR","229998912","33.62","United States"
"8334","Eleving Group","OT8.F","229942201","1.93073","Luxembourg"
"8335","RADCOM","RDCM","229940528","14.345","Israel"
"8336","Investar Holding","ISTR","229827392","23.39","United States"
"8337","Seritage Growth Properties","SRG","229804400","4.08","United States"
"8338","Mangalam Cement","MANGLMCEM.NS","229622482","8.35073","India"
"8339","MDxHealth","MDXH","229172672","4.63","Belgium"
"8340","Olimpo Real Estate","YORE.MC","228856762","1.16429","Spain"
"8341","Smartbroker Holding","SB1.DE","228763844","13.6321","Germany"
"8342","Penns Woods Bancorp","PWOD","228426304","30","United States"
"8343","Hawesko","HAW.DE","228106545","25.392","Germany"
"8344","Casino Guichard-Perrachon","CO.PA","227323151","0.567517","France"
"8345","Archer Limited","ARCH.OL","227214979","2.28625","Norway"
"8346","Hong Kong Ferry","0050.HK","227162329","0.637606","Hong Kong"
"8347","OrganiGram Holdings","OGI","226497472","1.69","Canada"
"8348","Al Suwadi Power","SUWP.OM","226383313","0.316883","Oman"
"8349","Ironwood Pharmaceuticals","IRWD","225783440","1.39","United States"
"8350","DouYu","DOYU","225737872","7.48","China"
"8351","Provident Bancorp","PVBC","225679568","12.69","United States"
"8352","Ainsworth Game Technology","AGI.AX","225044085","0.668195","Australia"
"8353","BEST S.A.","BST.WA","224950010","7.89837","Poland"
"8354","Caltagirone Editore","CED.MI","224926821","2.10625","Italy"
"8355","Atland SAS","ATLD.PA","224644939","51.9541","France"
"8356","NoHo Partners","NOHO.HE","224578700","10.6717","Finland"
"8357","Austriacard Holdings","ACAG.VI","224565567","6.25443","Austria"
"8358","Kogan.com Ltd","KGN.AX","224500640","2.25352","Australia"
"8359","Electreon Wireless","ELWS.TA","224448712","16.0103","Israel"
"8360","Angel Oak REIT","AOMR","224343504","9.44","United States"
"8361","Allianz Saudi Fransi Cooperative Insurance","8040.SR","224172095","3.77026","Saudi Arabia"
"8362","Al Eid Food Company","ALEID.KW","224030481","717.092","Kuwait"
"8363","accesso Technology Group","ACSO.L","224005024","5.81707","United Kingdom"
"8364","Asure Software","ASUR","223788064","8.16","United States"
"8365","Manazel","MANAZEL.AE","223704636","0.09","United Arab Emirates"
"8366","Lubelski Wegiel Bogdanka","LWB.WA","223410319","6.56827","Poland"
"8367","Boohoo Group","DEBS.L","222855249","0.165398","United Kingdom"
"8368","Celtic","CCP.L","222733782","2.34559","United Kingdom"
"8369","LCNB","LCNB","222703248","15.71","United States"
"8370","Bitcoin Group","ADE.DE","222547078","44.4184","Germany"
"8371","OPTiM","3694.T","222544841","4.03903","Japan"
"8372","Amaero International Ltd","3DA.AX","222476475","0.239109","Australia"
"8373","GreenTree Hospitality","GHG","222338640","2.19","China"
"8374","ProQR","PRQR","222275936","2.11","Netherlands"
"8375","Inogen","INGN","222272016","8.22","United States"
"8376","LGI Limited","LGI.AX","222265105","2.50246","Australia"
"8377","Rocky Brands","RCKY","222183152","29.75","United States"
"8378","C&amp;F Financial Corporation","CFFI","222147440","68.6","United States"
"8379","The Platform Group","TPG.F","222070224","10.7887","Germany"
"8380","Codexis","CDXS","222057968","2.46","United States"
"8381","Heron Therapeutics","HRTX","221810448","1.21","United States"
"8382","Injazzat Real Estate Development Company","INJAZZAT.KW","221572118","654.879","Kuwait"
"8383","Aljazira Takaful Taawuni Company","8012.SR","221560372","3.35698","Saudi Arabia"
"8384","Nelco","NELCO.NS","221387082","9.69014","India"
"8385","Rekor Systems","REKR","221084560","1.75","United States"
"8386","Al Imtiaz Investment Group Company","ALIMTIAZ.KW","220858667","194.826","Kuwait"
"8387","Entrada Therapeutics","TRDA","220615072","5.8","United States"
"8388","Knights Group","KGH.L","220080383","2.56005","United Kingdom"
"8389","Foxtons Group","FOXT.L","220078882","0.737186","United Kingdom"
"8390","First Western Financial","MYFW","219916560","22.63","United States"
"8391","Damaan Islamic Insurance Company (Beema)","BEMA.QA","219780213","1.0989","Qatar"
"8392","Aptitude Software Group","APTD.L","219141417","3.98081","United Kingdom"
"8393","Aspo Oyj","ASPO.HE","219106442","6.97402","Finland"
"8394","Acrow Limited","ACF.AX","218920230","0.710776","Australia"
"8395","Groupe Partouche","PARP.PA","218912368","22.7592","France"
"8396","Beyond Meat","BYND","218441440","2.85","United States"
"8397","QLM Life &amp; Medical Insurance Company","QLMI.QA","217980759","0.622802","Qatar"
"8398","Princeton Bancorp","BPRN","217620512","32.25","United States"
"8399","Umm Al-Qura Cement Company","3005.SR","217483460","3.95424","Saudi Arabia"
"8400","Easy Lease Motorcycle Rental","EASYLEASE.AE","217115478","7.24","United Arab Emirates"
"8401","Hawthorn Bancshares","HWBK","217054576","31.43","United States"
"8402","Epwin Group","EPWN.L","217009763","1.595","United Kingdom"
"8403","GTL Infrastructure","GTLINFRA.NS","216807166","0.016926","India"
"8404","Inseego","INSG","216768480","14.41","United States"
"8405","Alpine Income Property Trust","PINE","216579184","14.08","United States"
"8406","Entravision Communications","EVC","216523568","2.38","United States"
"8407","Bank of Innovation","4393.T","216336322","54.0989","Japan"
"8408","Renold","RNO.L","216286838","1.08567","United Kingdom"
"8409","Accsys Technologies","AXS.L","216262111","0.892666","United Kingdom"
"8410","Serviceware","SJJ.DE","216241513","20.5944","Germany"
"8411","CARGO Therapeutics","CRGX","216188416","4.47","United States"
"8412","Tullow Oil","TLW.L","215946070","0.147437","United Kingdom"
"8413","Cabaletta Bio","CABA","215857936","2.36","United States"
"8414","Forge Global","FRGE","215830832","15.88","United States"
"8415","Aclaris Therapeutics","ACRS","215581104","1.99","United States"
"8416","Emilia Development","EMDV.TA","215497223","7.69804","Israel"
"8417","Lang &amp; Schwarz","LUS1.DE","215353369","22.8177","Germany"
"8418","Groupe SFPI","SFPI.PA","215246709","2.33443","France"
"8419","BioSig Technologies","BSGM","215152480","6.1","United States"
"8420","Gati","GATI.NS","215137993","1.65","India"
"8421","Calfrac Well Services","CFW.TO","215064110","2.50396","Canada"
"8422","AXT Inc","AXTI","214942192","4.66","United States"
"8423","Old Point Financial","OPOF","214802608","42.1","United States"
"8424","First Investment Company K.S.C.P.","ALOLA.KW","214665596","481.336","Kuwait"
"8425","Braemar Hotels &amp; Resorts","BHR","214579200","2.8","United States"
"8426","Humm Group","HUM.AX","214549237","0.435637","Australia"
"8427","CapsoVision","CV","214225232","4.58","United States"
"8428","Chain Bridge Bancorp","CBNA","214177696","32.64","United States"
"8429","Ellington Residential Mortgage REIT","EARN","214087408","5.7","United States"
"8430","Al Batinah Power","BATP.OM","213860438","0.316883","Oman"
"8431","Gencor Industries","GENC","213855872","14.59","United States"
"8432","Pullup Entertainment","ALPUL.PA","213849321","26.7377","France"
"8433","Kaldalón","KALD.IC","213778839","0.196883","Iceland"
"8434","Microlise","SAAS.L","213684436","1.84297","United Kingdom"
"8435","Qurate Retail Group","QRTEA","213508592","0.3588","United States"
"8436","CoreCard","CCRD","213433344","27.39","United States"
"8437","X-Legend Entertainment","4994.TW","213380656","3.21437","Taiwan"
"8438","Oriola","OKDBV.HE","213327213","1.17525","Finland"
"8439","Vox Royalty","VOXR","213271008","4.16","Canada"
"8440","Aumann AG","AAG.DE","213180938","14.8608","Germany"
"8441","Digimarc","DMRC","213127952","9.83","United States"
"8442","Ceragon Networks","CRNT","213039216","2.37","Israel"
"8443","Response Plus Holding","RPM.AE","212922377","1.06","United Arab Emirates"
"8444","Bertrandt","BDT.DE","212850322","21.0625","Germany"
"8445","Raoom trading Company","4144.SR","212810628","17.0248","Saudi Arabia"
"8446","Ventyx Biosciences","VTYX","212499392","2.98","United States"
"8447","Tonix Pharmaceuticals","TNXP","212222336","24.21","United States"
"8448","OP Bancorp (Open Bank)","OPBK","211971136","14.24","United States"
"8449","Bahrain Islamic Bank","BISB.BH","211682740","0.214854","Bahrain"
"8450","National Finance","NFCI.OM","211659631","0.348052","Oman"
"8451","StarragTornos Group","STGN.SW","211571057","38.7271","Switzerland"
"8452","Southern Petrochemical Industries Corp","SPIC.NS","211519772","1.03869","India"
"8453","Smartoptics Group","SMOP.OL","211375985","2.1559","Norway"
"8454","Morabaha Marina Financing Company","4082.SR","211215576","2.95702","Saudi Arabia"
"8455","InfuSystem","INFU","211204464","10.34","United States"
"8456","SuRo Capital","SSSS","211170880","8.84","United States"
"8457","Tucows","TCX","210932944","19.04","Canada"
"8458","Stoneridge","SRI","210888912","7.53","United States"
"8459","Kingstone Companies","KINS","210836400","14.91","United States"
"8460","Arbuthnot Banking Group","ARBB.L","210222030","12.9008","United Kingdom"
"8461","Infinity Natural Resources","INR","209668000","13.76","United States"
"8462","Unitech Group","UNITECH.NS","209608743","0.0801165","India"
"8463","Frontier Developments","FDEV.L","209429300","5.70984","United Kingdom"
"8464","Somany Ceramics","SOMANYCERA.NS","209326158","5.10432","India"
"8465","ESSA Bancorp","ESSA","209288368","20.61","United States"
"8466","Pact Group","PGH.AX","209162095","0.607517","Australia"
"8467","Dexelance","DEX.MI","209058401","7.88673","Italy"
"8468","Restaurant Brands New Zealand","RBD.NZ","208903353","1.67446","New Zealand"
"8469","Innovative Solutions and Support","ISSC","208893744","11.85","United States"
"8470","Virginia National Bankshares","VABK","208615664","38.69","United States"
"8471","Gooch &amp; Housego","GHH.L","208610706","7.69354","United Kingdom"
"8472","Avingtrans","AVG.L","208453018","6.29959","United Kingdom"
"8473","WALLIX Group","ALLIX.PA","207907753","31.1842","France"
"8474","Al Buhaira National Insurance Company","ABNIC.AE","207612932","0.83","United Arab Emirates"
"8475","Aimia","AIM.TO","207523715","2.28155","Canada"
"8476","Fabasoft","FAA.DE","207431946","19.2488","Austria"
"8477","Solidarity Bahrain","SOLID.BH","207427051","0.198939","Bahrain"
"8478","Polymetals Resources","POL.AX","207022686","0.77301","Australia"
"8479","Arab Insurance Group","ARIG.BH","206799998","0.46","Bahrain"
"8480","Jakks Pacific","JAKK","206773712","18.55","United States"
"8481","Voltamp Energy","VOES.OM","206678415","2.20779","Oman"
"8482","First Internet Bancorp","INBK","206064672","23.65","United States"
"8483","Astec Lifesciences","ASTEC.NS","205955939","9.24329","India"
"8484","Alan Allman Associates","AAA.PA","205498223","4.51673","France"
"8485","Kolibri Global Energy","KGEI","205258160","5.78","United States"
"8486","Exacompta Clairefontaine","ALEXA.PA","205218101","181.371","France"
"8487","gumi","3903.T","205191642","4.14602","Japan"
"8488","XRF Scientific Limited","XRF.AX","205128177","1.44121","Australia"
"8489","ÖKOWORLD","VVV3.DE","205122862","31.2427","Germany"
"8490","Lavoro","LVRO","205108512","1.79","Brazil"
"8491","ADM Hamburg","OEL.F","205030580","266.791","Germany"
"8492","Diana Shipping","DSX","204922576","1.77","Greece"
"8493","Bastide Le Confort Médical","BLC.PA","204845136","28.0248","France"
"8494","lastminute.com","LMN.SW","204737754","19.3009","Netherlands"
"8495","Digia Oyj","DIGIA.HE","204282159","7.6527","Finland"
"8496","Novonix","NVX","204098768","1.22","Australia"
"8497","Civitanavi Systems","CNS.MI","203943037","6.64366","Italy"
"8498","Sabaf S.p.A.","SAB.MI","203919229","16.3819","Italy"
"8499","Jassim Transport &amp; Stevedoring Company","JTC.KW","203831032","1358.87","Kuwait"
"8500","Pkp Cargo","PKP.WA","203771169","4.54979","Poland"
"8501","SELLAS Life Sciences","SLS","203721488","1.63","United States"
"8502","Navkar Corp","NAVKARCORP.NS","203662284","1.35307","India"
"8503","Funko","FNKO","203549392","3.72","United States"
"8504","Solvar Limited","SVR.AX","203455603","1.04815","Australia"
"8505","Zion Oil &amp; Gas","ZNOG","203309664","0.1829","United States"
"8506","Melbourne Enterprises","0158.HK","203269023","8.13076","Hong Kong"
"8507","Vidhi Specialty Food","VIDHIING.NS","203198658","4.06845","India"
"8508","Scilex Holding","SCLX","203175904","29.21","United States"
"8509","Faraday Future","FFAI","203150928","1.38","United States"
"8510","Sandnes Sparebank","SADG.OL","203079021","9.64521","Norway"
"8511","Television Broadcasts (TVB)","0511.HK","202893782","0.434498","Hong Kong"
"8512","Envela Corporation","ELA","202788800","7.81","United States"
"8513","Crexendo","CXDO","202135856","6.7","United States"
"8514","Vista Alegre Atlantis","VAF.LS","202058785","1.20524","Portugal"
"8515","Diginex","DGNX","201950400","8","Hong Kong"
"8516","Arkan Al-Kuwait Real Estate Company","ARKAN.KW","201890534","648.33","Kuwait"
"8517","SpiceJet","SPICEJET.BO","201715042","0.336038","India"
"8518","Spandana Sphoorty Financial","SPANDANA.NS","201702517","2.8254","India"
"8519","Zumtobel Group","ZAG.VI","201631750","4.76246","Austria"
"8520","Murano Global Investments","MRNO","201549040","2.5411","United Kingdom"
"8521","Utah Medical Products","UTMD","201351472","62.81","United States"
"8522","Twin Disc","TWIN","201319264","13.99","United States"
"8523","Bonei Hatichon Civil Engineering &amp; Infrastructures","BOTI.TA","201276728","12.8231","Israel"
"8524","The Pearl REIF","PRFD.OM","201242164","0.34026","Oman"
"8525","AIC Mines Limited","A1M.AX","201168437","0.252211","Australia"
"8526","Basic Chemical Industries Company","1210.SR","200911891","7.30589","Saudi Arabia"
"8527","Fountaine Pajot","ALFPC.PA","200904242","120.524","France"
"8528","Camellia Plc","CAM.L","200745040","79.4151","United Kingdom"
"8529","Fasadgruppen Group","FG.ST","200417889","3.73093","Sweden"
"8530","L'azurde Company for Jewelry","4011.SR","200385287","3.48496","Saudi Arabia"
"8531","Sangamo Therapeutics","SGMO","200335088","0.664","United States"
"8532","RCM Technologies","RCMT","200157872","27.01","United States"
"8533","Abu Dhabi National Takaful","TKFL.AE","200152499","1.91","United Arab Emirates"
"8534","LPKF Laser &amp; Electronics","LPK.DE","200077095","8.16756","Germany"
"8535","Ajial Real Estate Entertainment Company","AREEC.KW","200009015","956.123","Kuwait"
"8536","Wendt India","WENDT.NS","199845564","99.8691","India"
"8537","Forrester Research","FORR","199799008","10.47","United States"
"8538","Botanix Pharmaceuticals","BOT.AX","199152070","0.101539","Australia"
"8539","BAIOO Family Interactive","2100.HK","199029956","0.0694168","China"
"8540","Kafrit Industries","KAFR.TA","197565469","8.20786","Israel"
"8541","Biotalys","BTLS.BR","197558977","5.26562","Belgium"
"8542","Medical Facilities Corporation","DR.TO","197535593","10.475","Canada"
"8543","CVRx","CVRX","197445520","7.55","United States"
"8544","Hong Leong Capital","5274.KL","197280044","0.836691","Malaysia"
"8545","Smiths News","SNWS.L","197239722","0.822968","United Kingdom"
"8546","Verkkokauppa.com","VERK.HE","197209602","4.35291","Finland"
"8547","Health Catalyst","HCAT","197046144","2.8","United States"
"8548","Virgin Galactic","SPCE","196961104","3.42","United States"
"8549","Quartix Technologies","QTX.L","196685829","4.06123","United Kingdom"
"8550","Helios Underwriting","HUW.L","196564384","2.74769","United Kingdom"
"8551","Branicks Group","BRNK.DE","196544199","2.35198","Germany"
"8552","FuRyu","6238.T","196543632","7.42271","Japan"
"8553","Private Equity Holding","PEHN.SW","196441713","80.2116","Switzerland"
"8554","Enigmatig","EGG","196036400","7","Singapore"
"8555","S4 Capital","SFOR.L","195947935","0.301576","United Kingdom"
"8556","Huhtamaki India","HUHTAMAKI.NS","195917594","2.58991","India"
"8557","Oman Flour Mills","OFMI.OM","195443187","1.18182","Oman"
"8558","Victory Supermarket Chain","VCTR.TA","195323646","13.7712","Israel"
"8559","Macfarlane Group","MACF.L","195010813","1.23311","United Kingdom"
"8560","WM Technology","MAPS","194963248","1.14","United States"
"8561","Lhyfe SA","LHYFE.PA","194745572","4.06038","France"
"8562","National Bankshares","NKSH","194672304","30.58","United States"
"8563","MediWound","MDWD","194565024","17.89","Israel"
"8564","Latécoère S.A.","LAT.PA","194561214","0.0153288","France"
"8565","Hamilton Beach Brands","HBB","194328240","14.42","United States"
"8566","TOYA S.A.","TOA.WA","194315482","2.62456","Poland"
"8567","BioAge Labs","BIOA","194307200","5.42","United States"
"8568","Knaus Tabbert AG","KTA.DE","194285211","18.6052","Germany"
"8569","Roularta Media Group","ROU.BR","193895546","15.7384","Belgium"
"8570","Dadelo","DAD.WA","193367800","16.5646","Poland"
"8571","Cavotec","CCC.ST","193367353","1.81232","Switzerland"
"8572","Al Jouf Cement Company","3091.SR","193320440","1.77848","Saudi Arabia"
"8573","Guerbet","GBT.PA","192649283","15.3522","France"
"8574","Novolog","NVLG.TA","192371987","0.376554","Israel"
"8575","Capricorn Energy","CNE.L","192136483","2.80131","United Kingdom"
"8576","Stille AB","STIL.ST","191975709","21.3652","Sweden"
"8577","Gefran","GE.MI","191935911","13.5151","Italy"
"8578","Banque nationale de Belgique","BNB.BR","191902642","479.757","Belgium"
"8579","La Française de l'Energie","FDE.PA","191629110","36.2158","France"
"8580","B. Riley Financial","RILY","191537648","6.26","United States"
"8581","Abdulmohsen Al-Hokair Group for Tourism and Development Company","1820.SR","191499570","0.607935","Saudi Arabia"
"8582","Perfect Corp.","PERF","191475504","1.88","Taiwan"
"8583","Byggmästare Anders J Ahlström","AJA-B.ST","191325017","26.2547","Sweden"
"8584","Methanol Chemicals Company","2001.SR","191319587","2.83436","Saudi Arabia"
"8585","Züblin Immobilien","ZUBN.SW","191153867","57.6521","Switzerland"
"8586","Mercia Asset Management","MERC.L","190834146","0.442312","United Kingdom"
"8587","Talenom","TNOM.HE","190511507","4.18909","Finland"
"8588","Smith-Midland","SMID","190435360","35.9","United States"
"8589","Selvita","SLV.WA","190284152","10.3666","Poland"
"8590","Proficient Auto Logistics","PAL","190076656","6.84","United States"
"8591","Beeks Financial Cloud Group","BKS.L","190035433","2.82141","United Kingdom"
"8592","NexPoint Diversified Real Estate Trust","NXDT","189869280","4.01","United States"
"8593","Nyxoah","NYXH","189341968","4.51","Belgium"
"8594","Wolfspeed","WOLF","189340064","1.21","United States"
"8595","Flat Capital AB","FLAT-B.ST","189190339","1.93668","Sweden"
"8596","Feintool International","FTON.SW","189167708","12.8464","Switzerland"
"8597","Logistic Properties of the Americas","LPA","188814544","5.99","United States"
"8598","Arctic Fish Holding","AFISH.OL","188636620","4.19146","Iceland"
"8599","Atturra","ATA.AX","188598359","0.501146","Australia"
"8600","Lafinca Global Assets","YLFG.MC","188393613","4.98479","Spain"
"8601","Accuray","ARAY","188170832","1.67","United States"
"8602","Rasiyat Holding Company","RASIYAT.KW","188113940","1254.09","Kuwait"
"8603","Azerion Group","AZRN.AS","188023924","1.53873","Netherlands"
"8604","Schaffer Corporation","SFC.AX","187324333","13.7832","Australia"
"8605","Emak S.p.A.","EM.MI","187112714","1.14908","Italy"
"8606","UBM Development","UBS.VI","187110524","25.041","Austria"
"8607","Sanghi Industries","SANGHIIND.NS","186790151","0.723079","India"
"8608","Designer Brands","DBI","186778912","3.77","United States"
"8609","Digital Bros","DIB.MI","186617269","13.0821","Italy"
"8610","TrueBlue","TBI","186581408","6.24","United States"
"8611","Bergbahnen Engelberg-Trübsee-Titlis","TIBN.SW","186552029","55.5214","Switzerland"
"8612","SEACOR Marine","SMHI","186405952","6.91","United States"
"8613","Tribal Group","TRB.L","186348000","0.87122","United Kingdom"
"8614","Serko Limited","SKO.NZ","186335454","1.49547","New Zealand"
"8615","Quick Heal","QUICKHEAL.NS","186253198","3.43993","India"
"8616","Al Wathba National Insurance","AWNIC.AE","186024342","0.9","United Arab Emirates"
"8617","Everspin Technologies","MRAM","185978400","8.22","United States"
"8618","Perma-Pipe International","PPIH","185839264","22.96","United States"
"8619","Arbe Robotics","ARBE","185818672","1.71","Israel"
"8620","Journey Medical","DERM","185747504","7.06","United States"
"8621","Core Molding Technologies","CMT","185610128","21.68","United States"
"8622","Integrated Wind Solutions","IWS.OL","185499259","4.6427","Norway"
"8623","Gaming Realms","GMR.L","185380725","0.6313","United Kingdom"
"8624","Aquafil","ECNL.MI","185313941","2.14837","Italy"
"8625","HKR International","0480.HK","185206874","0.124693","Hong Kong"
"8626","Kistos Holdings","KIST.L","184924066","2.23166","United Kingdom"
"8627","Visiativ SA","ALVIV.PA","184832369","40.1999","France"
"8628","Hester Biosciences","HESTERBIO.NS","184466903","21.6845","India"
"8629","Genfit","GNFT","184294320","3.55","France"
"8630","Valens Semiconductor","VLN","184083472","1.79","Israel"
"8631","Perma-Fix Environmental Services","PESI","183409088","9.93","United States"
"8632","UmweltBank","UBK.DE","183165193","4.82097","Germany"
"8633","KORU Medical Systems","KRMD","183090432","3.96","United States"
"8634","Helloworld Travel","HLO.AX","182959965","1.12021","Australia"
"8635","Mercer International","MERC","182862240","2.73","Canada"
"8636","Focusrite","TUNE.L","182688102","3.11629","United Kingdom"
"8637","Deep Value Driller","DVD.OL","182628598","1.95936","Norway"
"8638","The NAGA Group","N4G.DE","182500255","0.783992","Germany"
"8639","Emirates Investment Bank","EIBANK.AE","182451938","18.2452","United Arab Emirates"
"8640","Sight Sciences","SGHT","182238416","3.48","United States"
"8641","Benchmark Holdings","BMK.L","181871718","0.295545","United Kingdom"
"8642","FreightCar America","RAIL","181519136","9.49","United States"
"8643","Ames National Corp.","ATLO","181489120","20.41","United States"
"8644","Finance House","FH.AE","181433807","0.6","United Arab Emirates"
"8645","Cettire Limited","CTT.AX","181066294","0.474943","Australia"
"8646","Vecima Networks","VCM.TO","180904107","7.44015","Canada"
"8647","Seanergy Maritime","SHIP","180805440","8.65","Greece"
"8648","Comstock Mining","LODE","180799792","3.67","United States"
"8649","Expensify","EXFY","180668624","1.95","United States"
"8650","Transgene SA","TNG.PA","180169302","1.35736","France"
"8651","Intred","ITD.MI","180025965","11.3269","Italy"
"8652","Stratus Properties","STRS","179994640","22.28","United States"
"8653","Saudi Printing and Packaging Company","4270.SR","179980799","2.99968","Saudi Arabia"
"8654","EKF Diagnostics","EKF.L","179979417","0.400761","United Kingdom"
"8655","Al Ramz Corporation Investment and Development","ALRAMZ.AE","179701273","0.32678","United Arab Emirates"
"8656","Vitruvio Real Estate","YVIT.MC","179578766","18.7222","Spain"
"8657","Marti Technologies","MRT","179455312","2.28","Turkey"
"8658","Neuronetics","STIM","179198272","2.71","United States"
"8659","Gobarto","GOB.WA","179168401","6.44485","Poland"
"8660","Lantronix","LTRX","179077392","4.56","United States"
"8661","CMGE Technology Group","0302.HK","179052505","0.0578473","China"
"8662","Ohio Valley Banc Corp","OVBC","178970928","37.99","United States"
"8663","Balaji Telefilms","BALAJITELE.NS","178935783","1.49626","India"
"8664","Quirin Privatbank","QB7.DE","178812878","4.11889","Germany"
"8665","United Wire Factories Company","1301.SR","178794365","6.36732","Saudi Arabia"
"8666","Rupa Company","RUPA.NS","178618649","2.24608","India"
"8667","Applied Therapeutics","APLT","178575040","1.24","United States"
"8668","SWK Holdings","SWKH","178566640","14.7","United States"
"8669","Precia S.A.","ALPM.PA","178400147","32.9979","France"
"8670","Igarashi Motors India","IGARASHI.NS","178229390","5.65554","India"
"8671","Grange Resources","GRR.AX","178168748","0.153947","Australia"
"8672","Black Rifle Coffee (BRC)","BRCC","177560432","1.56","United States"
"8673","Mazaya Real Estate Development Q.P.S.C.","MRDS.QA","177472522","0.177473","Qatar"
"8674","ReadyTech Holdings","RDY.AX","177271805","1.43465","Australia"
"8675","Tiny Ltd.","TINY.V","177271755","0.753342","Canada"
"8676","Escalade Sports","ESCA","177102048","12.83","United States"
"8677","Sierra Metals","SMT.TO","176780605","0.817914","Canada"
"8678","CAB Payments","CABP.L","176596305","0.695636","United Kingdom"
"8679","Santhera Pharmaceuticals","SANN.SW","176555884","13.6109","Switzerland"
"8680","AudioEye","AEYE","176312688","14.21","United States"
"8681","Torrid","CURV","175523728","1.77","United States"
"8682","Malath Cooperative Insurance Company","8020.SR","175314621","3.50629","Saudi Arabia"
"8683","TrueCar","TRUE","175114144","1.98","United States"
"8684","CPI Card Group","PMTS","175048944","15.44","United States"
"8685","Eurocell","ECEL.L","175006277","1.74244","United Kingdom"
"8686","Zevia","ZVIA","174876304","2.71","United States"
"8687","INEOS Styrolution","INEOSSTYRO.NS","174838743","9.94","India"
"8688","EcoSynthetix","ECO.TO","174760203","2.97749","Canada"
"8689","KULR Technology Group","KULR","174711312","4.25","United States"
"8690","Al-Baha Investment And Development Company","4130.SR","174617369","0.799915","Saudi Arabia"
"8691","LEWAG Holding","KGR.F","174599576","36.7423","Germany"
"8692","Motorpoint Group","MOTR.L","174504133","2.12444","United Kingdom"
"8693","Sport Lisboa e Benfica","SLBEN.LS","174397376","7.58249","Portugal"
"8694","Coherus BioSciences","CHRS","174340912","1.5","United States"
"8695","Imperial Petroleum","IMPP","174223136","5","Greece"
"8696","A'ayan Real Estate Company K.S.C.P.","AAYANRE.KW","174205022","419.122","Kuwait"
"8697","Sudatel Telecommunications Group","SUDATEL.AE","173955095","0.13","Sudan"
"8698","Blink Charging","BLNK","173904992","1.52","United States"
"8699","Jagran Prakashan","JAGRAN.NS","173836547","0.798682","India"
"8700","Tihama for Advertising, Public Relations and Marketing","4070.SR","173741482","4.34354","Saudi Arabia"
"8701","Saudi Fisheries Company","6050.SR","173420594","24.824","Saudi Arabia"
"8702","Global Atomic","GLO.TO","173375627","0.509402","Canada"
"8703","Bioventix","BVXP.L","173326307","33.1734","United Kingdom"
"8704","Sangoma Technologies","SANG","173326064","5.06","Canada"
"8705","Feiyu Technology International Company","1022.HK","173165321","0.0976977","China"
"8706","Surf Air Mobility","SRFM","173017328","4.04","United States"
"8707","Bliss GVS Pharma","BLISSGVS.NS","172938703","1.63381","India"
"8708","The Star Entertainment Group","SGR.AX","172891358","0.0602686","Australia"
"8709","Baazeem Trading Company","4051.SR","172781567","1.70648","Saudi Arabia"
"8710","Innate Pharma","IPHA","172723968","1.78","France"
"8711","Aura Energy","AURA.L","172543356","0.180946","Australia"
"8712","National Gypsum Company","2090.SR","172501601","5.44742","Saudi Arabia"
"8713","Silvaco Group","SVCO","172266560","5.67","United States"
"8714","FutureFuel","FF","172146752","3.93","United States"
"8715","Vente-Unique.com","ALVU.PA","172085090","17.6691","France"
"8716","Carbios SAS","ALCRB.PA","171502923","10.1626","France"
"8717","Traeger","COOK","171216656","1.26","United States"
"8718","Superior Group of Companies","SGC","171020400","10.71","United States"
"8719","Omaxe","OMAXE.NS","170990051","0.93488","India"
"8720","Nama Chemicals Company","2210.SR","170831055","7.26323","Saudi Arabia"
"8721","Cegedim SA","CGM.PA","170823588","12.1694","France"
"8722","Confidence Petroleum","CONFIPET.NS","170579970","0.513422","India"
"8723","Tracsis","TRCS.L","170395501","5.72995","United Kingdom"
"8724","Al-Maha Petroleum","MHAS.OM","170259744","2.46753","Oman"
"8725","Soltec Power Holdings","SOL.MC","170183569","1.86988","Spain"
"8726","Detection Technology","DETEC.HE","170119183","11.6078","Finland"
"8727","Microbot Medical","MBOT","169999136","3.22","United States"
"8728","Milestone Pharmaceuticals","MIST","169988528","2","Canada"
"8729","John Wood Group","WG.L","169918115","0.247158","United Kingdom"
"8730","Andrew Peller","ADW-A.TO","169676005","3.69496","Canada"
"8731","Wataniya Insurance Company","8300.SR","169581908","4.23955","Saudi Arabia"
"8732","RGP","RGP","169517456","5.08","United States"
"8733","Renaissance Services","RNSS.OM","169478342","0.716883","Oman"
"8734","Vivid Seats","SEAT","169451616","16.48","United States"
"8735","Millennium &amp; Copthorne Hotels New Zealand","MCK.NZ","169311690","1.60517","New Zealand"
"8736","Springfield Properties","SPR.L","169130596","1.42076","United Kingdom"
"8737","Franklin Street Properties","FSP","169015248","1.63","United States"
"8738","Apollo Pipes","APOLLOPIPE.NS","168926244","3.8422","India"
"8739","Enanta Pharmaceuticals","ENTA","168885600","7.9","United States"
"8740","GAM Holding AG","GAM.SW","168883188","0.156663","Switzerland"
"8741","Softstar Entertainment","6111.TWO","168728447","1.65808","Taiwan"
"8742","AMMO","POWW","168639600","1.44","United States"
"8743","Dynamic Materials Corporation","BOOM","168560576","8.19","United States"
"8744","Airship AI","AISP","168481360","5.28","United States"
"8745","Los Andes Copper","LA.V","168469419","5.70387","Canada"
"8746","Monash IVF Group","MVF.AX","168463158","0.432362","Australia"
"8747","AFT Pharmaceuticals","AFT.NZ","168328539","1.60517","New Zealand"
"8748","Al Khaleej Takaful Insurance Company","AKHI.QA","168175573","0.658791","Qatar"
"8749","MM Forgings","MMFL.NS","168155572","3.48281","India"
"8750","Nightingale Health","HEALTH.HE","167972101","2.77908","Finland"
"8751","Himatsingka Seide","HIMATSEIDE.NS","167924071","1.33546","India"
"8752","Deezer","DEEZR.PA","167828820","1.35736","France"
"8753","U.S. GoldMining","USGO","167664976","13.22","United States"
"8754","United Security Bancshares","UBFO","167598944","9.59","United States"
"8755","Wafrah for Industry and Development Company","2100.SR","167287471","7.2259","Saudi Arabia"
"8756","KAMCO Investment Company","KAMCO.KW","167018853","487.885","Kuwait"
"8757","Tingo Group","TIO","166947568","0.69","United States"
"8758","Tanzanian Gold Corporation","TRX","166901216","0.59","Canada"
"8759","NSE SA","ALNSE.PA","166818121","50.55","France"
"8760","Kudelski SA","KUD.SW","166715380","1.7045","Switzerland"
"8761","Hayat Communications Company","DIGITUS.KW","166504786","1810.74","Kuwait"
"8762","Annehem Fastigheter","ANNE-B.ST","166483902","1.88141","Sweden"
"8763","AL KHALEEJ Investment","KICO.AE","166389853","1.58","United Arab Emirates"
"8764","Hanover Bancorp","HNVR","166310224","23.05","United States"
"8765","PepGen","PEPG","166294608","5.07","United States"
"8766","Leifheit","LEI.DE","166113772","18.1956","Germany"
"8767","Freightos","CRGO","165952000","3.28","Israel"
"8768","Seres Therapeutics","MCRB","165724016","18.93","United States"
"8769","Mediclin","MED.DE","165633042","3.48701","Germany"
"8770","PLBY Group (Playboy)","PLBY","165624000","1.54","United States"
"8771","Peoples Bancorp of North Carolina","PEBK","165533936","31.18","United States"
"8772","Shell Oman Marketing Company","SOMS.OM","165324679","1.74026","Oman"
"8773","WhiteHorse Finance","WHF","165258352","7.11","United States"
"8774","American Vanguard","AVD","165185712","5.81","United States"
"8775","Sleep Number","SNBR","165089744","7.25","United States"
"8776","PHX Minerals","PHX","164962432","4.35","United States"
"8777","Eleco","ELCO.L","164744793","1.9904","United Kingdom"
"8778","FriendTimes","6820.HK","164686117","0.0784152","China"
"8779","Agfa-Gevaert","AGFB.BR","164675701","1.06366","Belgium"
"8780","Devolver Digital","DEVO.L","164415938","0.361891","United States"
"8781","CVC Limited","CVC.AX","164276493","1.40845","Australia"
"8782","Protalix BioTherapeutics","PLX","164248144","2.06","Israel"
"8783","Golden Matrix Group","GMGI","164180928","1.17","United States"
"8784","Protara Therapeutics","TARA","163972928","4.25","United States"
"8785","Prenetics","PRE","163837136","12.57","Hong Kong"
"8786","029 Group","Z29.DE","163819328","32.7639","Germany"
"8787","7Road","0797.HK","163805924","0.063632","China"
"8788","CM.com","CMCOM.AS","163620124","5.0901","Netherlands"
"8789","Björn Borg","BORG.ST","163595755","6.50522","Sweden"
"8790","BV Financial (BayVanguard)","BVFL","163305824","16.43","United States"
"8791","National Metal Manufacturing and Casting","2220.SR","163294570","4.61284","Saudi Arabia"
"8792","MaxCyte","MXCT","163108176","1.53","United States"
"8793","Neon Equity AG","D77.DE","162899768","6.08472","Germany"
"8794","Nordic Mining ASA","NOM.OL","162845864","1.50211","Norway"
"8795","Hyderabad Industries Limited","HIL.NS","162818595","21.5914","India"
"8796","Zeo Energy","ZEO","162793488","1.38","United States"
"8797","Excel Industries","EXCELINDUS.NS","162699396","12.9428","India"
"8798","Air Busan","298690.KS","162619055","1.38779","South Korea"
"8799","Chegg","CHGG","162490496","1.5","United States"
"8800","Clipper Realty","CLPR","162212256","3.82","United States"
"8801","Pine Cliff Energy","PNE.TO","162175558","0.452005","Canada"
"8802","MainStreet Bancshares","MNSB","162055088","21.03","United States"
"8803","Analogue Holdings (ATAL)","1977.HK","161972466","0.115695","Hong Kong"
"8804","Portman Ridge","PTMN","161864624","12.27","United States"
"8805","Answear.com","ANR.WA","161824397","8.52915","Poland"
"8806","Homeland Interactive Technology","3798.HK","161681356","0.125979","China"
"8807","Indorama Synthetics","INDORAMA.NS","161551263","0.618702","India"
"8808","Pacific Smiles Group","PSQ.AX","161456625","0.999017","Australia"
"8809","Merkur PrivatBank","MBK.DE","161109158","20.7114","Germany"
"8810","Nusantara Pelabuhan Handal","PORT.JK","161084330","0.0572451","Indonesia"
"8811","Eledon Pharmaceuticals","ELDN","161081984","2.69","United States"
"8812","Bisalloy Steel Group","BIS.AX","160818596","3.34753","Australia"
"8813","Arabia Insurance Cooperative Company","8160.SR","160678854","3.03168","Saudi Arabia"
"8814","Aemetis","AMTX","160632032","2.54","United States"
"8815","Teads","TEAD","160502192","1.69","United States"
"8816","Inclusio","INCLU.BR","160498888","21.0625","Belgium"
"8817","Mengly J. Quach Education","MJQE.KH","160489745","0.5","Cambodia"
"8818","Heidelberg Pharma","HPHA.DE","160330726","3.44021","Germany"
"8819","Arctic Paper","ARP.ST","159576050","2.25876","Poland"
"8820","TTEC","TTEC","159444896","3.29","United States"
"8821","Piedmont Lithium","PLL","159109232","7.25","Australia"
"8822","Westwood Holdings Group","WHG","158903312","16.89","United States"
"8823","Seven Hills Realty Trust","SEVN","158828480","10.54","United States"
"8824","Profound Medical","PROF","158738800","5.22","Canada"
"8825","C4 Therapeutics","CCCC","158710928","2.23","United States"
"8826","Genelux","GNLX","158648464","4.2","United States"
"8827","Lindsay Australia","LAU.AX","158485226","0.435637","Australia"
"8828","ADF Group","DRX.TO","158482445","5.6393","Canada"
"8829","Userjoy Technology","3546.TWO","158264244","2.70874","Taiwan"
"8830","OSE Immunotherapeutics","OSE.PA","158162900","6.88041","France"
"8831","Bahrain National Holding","BNH.BH","158057027","2.49337","Bahrain"
"8832","INOVEST","INOVEST.BH","158029563","0.5","Bahrain"
"8833","Tigo Energy","TYGO","157776144","2.4","United States"
"8834","Franchi Umberto Marmi","FUM.MI","157766476","4.80927","Italy"
"8835","Sanok Rubber Company","SNK.WA","157694425","6.30773","Poland"
"8836","Acme United","ACU","157478992","41.45","United States"
"8837","Gran Tierra Energy","GTE","157397664","4.46","Canada"
"8838","Gulf Union Alahlia Cooperative Insurance","8120.SR","157372216","3.42897","Saudi Arabia"
"8839","Synthomer","SYNT.L","157318608","0.962363","United Kingdom"
"8840","Reit Azorim - H.F Living","AZRT.TA","157227971","1.60401","Israel"
"8841","ACRES Commercial Realty","ACR","157215072","21.17","United States"
"8842","Friedman Industries","FRD","157143136","22.26","United States"
"8843","Westag AG","WUG3.F","156859272","38.6146","Germany"
"8844","Zura Bio","ZURA","156693520","2.41","United States"
"8845","Gévelot SA","ALGEV.PA","156645408","208.285","France"
"8846","Tevogen Bio","TVGN","156636240","0.7963","United States"
"8847","Taylor Devices","TAYD","156289600","49.66","United States"
"8848","Zoomd Technologies","ZOMD.V","156161326","1.56408","Canada"
"8849","Landmark Bancorp","LARK","156091584","26.99","United States"
"8850","Azul","AZUL","155875008","0.5","Brazil"
"8851","Theratechnologies","THTX","155872272","3.39","Canada"
"8852","Monte Carlo Fashions","MONTECARLO.NS","155816234","7.51571","India"
"8853","OMER S.p.A.","OMER.MI","155809321","5.44114","Italy"
"8854","Kulmbacher Brauerei","KUL.MU","155693880","46.3375","Germany"
"8855","CI Games","CI7.F","155073511","0.76059","Poland"
"8856","Al Jazeera Steel Products","ATMI.OM","155068120","1.24156","Oman"
"8857","BICO Group","BICO.ST","154985504","2.19604","Sweden"
"8858","Takween Advanced Industries","1201.SR","154951738","2.02645","Saudi Arabia"
"8859","Orion Office REIT","ONL","154865232","2.75","United States"
"8860","Record Financial Group","REC.L","154821010","0.801523","United Kingdom"
"8861","Nuvectis Pharma","NVCT","154777632","6.08","United States"
"8862","Solocal Group","LOCAL.PA","154729668","4.32951","France"
"8863","AGROB Immobilien","AGR.F","154029027","45.8694","Germany"
"8864","Bike24 Holding","BIKE.DE","154005352","3.48701","Germany"
"8865","NeoVolta","NEOV","153903184","4.51","United States"
"8866","Achieve Life Sciences","ACHV","153825952","3.01","Canada"
"8867","Ascom Holding","ASCN.SW","153509039","4.27377","Switzerland"
"8868","Cybin","CYBN","153471424","5.86","Canada"
"8869","Zahrat Al Waha For Trading Company","3007.SR","153463632","6.82061","Saudi Arabia"
"8870","UNITED","2497.T","153116311","4.09252","Japan"
"8871","SoundThinking 
 (ShotSpotter)","SSTI","153111280","11.97","United States"
"8872","Gaia","GAIA","152915792","6.09","United States"
"8873","BankFinancial","BFIN","152767920","12.26","United States"
"8874","A'Saffa Foods","SPFI.OM","152727277","1.27273","Oman"
"8875","Kongsberg Automotive ASA","KOA.OL","152657948","0.164249","Norway"
"8876","Asian Granito India","ASIANTILES.NS","152549871","0.655037","India"
"8877","BCB Bancorp","BCBP","152513440","8.87","United States"
"8878","M-tron Industries","MPTI","152452400","52.14","United States"
"8879","Duos Technologies Group","DUOT","152101184","7.51","United States"
"8880","Freelance.com SA","ALFRE.PA","152065750","2.69132","France"
"8881","Arabian International Healthcare Holding","9530.SR","151983786","7.59919","Saudi Arabia"
"8882","Duxton Water","D2O.AX","151839362","0.976089","Australia"
"8883","HF Foods Group","HFFG","151833472","2.76","United States"
"8884","Castings P.L.C.","CGS.L","151802749","3.49158","United Kingdom"
"8885","Afentra","AET.L","151562828","0.670169","United Kingdom"
"8886","The Joint Corp.","JYNT","151439136","9.87","United States"
"8887","Allied Tecnologia","ALLD3.SA","151344651","1.59756","Brazil"
"8888","Entech SA","ALESE.PA","151266986","10.2972","France"
"8889","Ispire Technology","ISPR","151213584","2.64","United States"
"8890","AFC Energy","AFC.L","151204700","0.133632","United Kingdom"
"8891","Modiv","MDV","150749232","14.84","United States"
"8892","The Children's Place","PLCE","150741648","6.8","United States"
"8893","Medifast","MED","150687488","13.71","United States"
"8894","Unifiedpost Group","UPG.BR","150674352","4.05784","Belgium"
"8895","4basebio","4BB.L","150473594","9.71746","United Kingdom"
"8896","Umm Al Qaiwain General Investment","QIC.AE","150253256","0.41","United Arab Emirates"
"8897","Cardlytics","CDLX","150128048","2.82","United States"
"8898","Al Gassim Investment Holding","6020.SR","149983991","4.99947","Saudi Arabia"
"8899","The Eastern Company","EML","149892848","24.58","United States"
"8900","Al-Deera Holding Company","ALDEERA.KW","149859600","1319.58","Kuwait"
"8901","stem","STEM","149803584","17.86","United States"
"8902","Appen","APX.AX","149639800","0.56338","Australia"
"8903","Texaf","TEXF.BR","149305104","40.7208","Belgium"
"8904","Bahrain Kuwait Insurance Company (GIG Bahrain)","BKIC.BH","149204242","1.36605","Bahrain"
"8905","Troops","TROO","149035408","1.22","Hong Kong"
"8906","Dominion Hosting","DHH.MI","149001823","28.6684","Italy"
"8907","Owlet","OWLT","148557600","8.7","United States"
"8908","India Motor Parts and Accessories","IMPAL.NS","148548620","11.9029","India"
"8909","Sloman Neptun","NEP.HM","148525802","74.3038","Germany"
"8910","Corbus Pharmaceuticals","CRBP","148410768","12.11","United States"
"8911","China Automotive Systems","CAAS","147836448","4.9","China"
"8912","Vroom","VRM","147823744","28.43","United States"
"8913","CBo Territoria","CBOT.PA","147794260","4.2125","France"
"8914","NRC Group ASA","NRC.OL","147634930","0.85935","Norway"
"8915","GreenX Metals","GRX.AX","147631996","0.514248","Australia"
"8916","Warba Insurance and Reinsurance Company","WINSRE.KW","147460714","605.763","Kuwait"
"8917","Al-Etihad Cooperative Insurance","8170.SR","147450936","2.94902","Saudi Arabia"
"8918","Empire Energy Group","EEG.AX","147437477","0.119432","Australia"
"8919","LENSAR","LNSR","147394592","12.35","United States"
"8920","Sokouk Holding Company K.S.C.P.","SOKOUK.KW","147310026","257.695","Kuwait"
"8921","Sanam Real Estate Company","SANAM.KW","147288795","667.976","Kuwait"
"8922","Nicolás Correa","NEA.MC","147222783","12.1109","Spain"
"8923","BMMI Group","BMMI.BH","147205357","0.994695","Bahrain"
"8924","SunPower","SPWR","147102400","1.77","United States"
"8925","Ten Square Games","TEN.WA","146860445","23.0918","Poland"
"8926","Great Elm Capital","GECC","146777040","11.31","United States"
"8927","Bastei Lübbe","BST.DE","146736427","11.1163","Germany"
"8928","Heliad AG","A7A.DE","146633445","17.4351","Germany"
"8929","Seef Properties","SEEF.BH","146419097","1.00531","Bahrain"
"8930","SNGULAR","SNG.MC","146395411","2.76153","Spain"
"8931","Masterflex","MZX.DE","146312125","15.2118","Germany"
"8932","Fossil Group","FOSL","146296208","2.72","United States"
"8933","Speedy Hire","SDY.L","146286407","0.31766","United Kingdom"
"8934","Kuwait Foundry Company K.S.C.P.","KFOUC.KW","146218068","2249.51","Kuwait"
"8935","Triller Group","ILLR","146036480","0.9632","United States"
"8936","The Kuwait Company for Process Plant Construction and Contracting","KCPC.KW","145798029","1093.65","Kuwait"
"8937","Tele Columbus","TC1.HM","145775032","0.491458","Germany"
"8938","RAK Co. for White Cement &amp; Construction Materials","RAKWCT.AE","145715142","0.29","United Arab Emirates"
"8939","Oman Refreshment Company (Pepsi Oman)","ORCI.OM","145714289","2.91429","Oman"
"8940","Valsoia S.p.A.","VLS.MI","145525755","13.4566","Italy"
"8941","Lakeland Industries","LAKE","145281984","15.18","United States"
"8942","I.g. Petrochemicals","IGPL.NS","145267894","4.71728","India"
"8943","SIG plc","SHI.L","145180102","0.125054","United Kingdom"
"8944","Nkarta","NKTX","144890000","2.04","United States"
"8945","Lemonsoft","LEMON.HE","144824749","8.07395","Finland"
"8946","Brouwerij Handelsmaatschappij","COBH.BR","144804585","1930.73","Belgium"
"8947","Xlife Sciences","XLS.SW","144570604","25.0661","Switzerland"
"8948","Rapid Micro Biosystems","RPID","144567776","3.27","United States"
"8949","Cassava Sciences","SAVA","144440608","2.99","United States"
"8950","Molecular Partners","MOLN","144435488","3.8468","Switzerland"
"8951","Hong Kong Technology Venture Company (HKTV)","1137.HK","144003514","0.18254","Hong Kong"
"8952","Arab Sea Information Systems Company","7201.SR","143984639","1.43985","Saudi Arabia"
"8953","Easy Software","ESY.HM","143977260","22.3496","Germany"
"8954","Richardson Electronics","RELL","143952368","9.94","United States"
"8955","BILDCO (Abu Dhabi National Building Materials Co.)","BILDCO.AE","143763447","0.48","United Arab Emirates"
"8956","Keyrus","ALKEY.PA","143260396","9.01006","France"
"8957","Emperor International","0163.HK","143242320","0.0253243","Hong Kong"
"8958","Burgan Company for Well Drilling","ABAR.KW","143160203","573.019","Kuwait"
"8959","Granite Point Mortgage Trust","GPMT","143131456","3.02","United States"
"8960","Nabaltec","NTG.DE","143131287","16.2649","Germany"
"8961","iHuman","IH","142995696","2.785","China"
"8962","Liva Insurance Company","8280.SR","142918086","3.57295","Saudi Arabia"
"8963","The Original BARK Company","BARK","142701824","0.84","United States"
"8964","Rico Auto Industries","RICOAUTO.NS","142469397","1.05235","India"
"8965","ECB Bancorp","ECBK","142236304","16.07","United States"
"8966","Nova Klúbburinn","NOVA.IC","142107039","0.0401969","Iceland"
"8967","The9","NCTY","142030080","10.1","China"
"8968","Hamat Group","HAMAT.TA","141916905","3.87287","Israel"
"8969","Jazan Development and Investment (JAZADCO)","6090.SR","141851542","2.83703","Saudi Arabia"
"8970","Greenwich LifeSciences","GLSI","141754672","10.4","United States"
"8971","Cadence Capital Limited","CDM.AX","141429289","0.474943","Australia"
"8972","SCHMID Group","SHMD","141223232","3.2795","Germany"
"8973","Carlo Gavazzi Holding","GAV.SW","141181786","198.649","Switzerland"
"8974","Quercus TFI","QRS.WA","141013954","3.00303","Poland"
"8975","Naturhouse Health","NTH.MC","140999829","2.35198","Spain"
"8976","Avita Medical","RCEL","140498448","5.2","United States"
"8977","Ateam","3662.T","140425767","7.56314","Japan"
"8978","Magnora ASA","MGN.OL","140251870","2.19601","Norway"
"8979","Kellton Tech Solutions","KELLTONTEC.NS","140148380","0.270365","India"
"8980","T&amp;G Global","TGG.NZ","140097892","1.14325","New Zealand"
"8981","United Foods Company","UFC.AE","140038666","4.62938","United Arab Emirates"
"8982","Trifast","TRI.L","139663879","1.03474","United Kingdom"
"8983","Payfare Inc.","PAY.TO","139629292","2.89164","Canada"
"8984","GTPL Hathway","GTPL.NS","139428734","1.23977","India"
"8985","Clarus","CLAR","139398624","3.63","United States"
"8986","clearvise AG","ABO.DE","139318669","1.84882","Germany"
"8987","Hain Celestial","HAIN","139050832","1.54","United States"
"8988","Maytronics","MTRN.TA","138923553","1.26591","Israel"
"8989","Luminar Technologies","LAZR","138904192","2.02","United States"
"8990","HireQuest","HQI","138744000","9.84","United States"
"8991","NusaTrip","NUTR","138173472","7.13","Indonesia"
"8992","Verde Clean Fuels","VGAS","138103824","3.1","United States"
"8993","Richmond Mutual Bancorporation","RMBI","138005936","14.28","United States"
"8994","Offerpad","OPAD","137931856","4.51","United States"
"8995","Ash-Sharqiyah Development","6060.SR","137825296","4.59418","Saudi Arabia"
"8996","Orrön Energy","ORRON.ST","137424167","0.480663","Sweden"
"8997","Bassett Furniture","BSET","137295392","15.8","United States"
"8998","Sadr Logistics Company","1832.SR","137185364","0.783916","Saudi Arabia"
"8999","Schloss Wachenheim","SWA.DE","137158903","17.318","Germany"
"9000","Sharjah Cement and Industrial Development","SCIDC.AE","137129118","0.23","United Arab Emirates"
"9001","Buruj Cooperative Insurance Company","8270.SR","137105364","4.57018","Saudi Arabia"
"9002","Texwinca Holdings","0321.HK","136764663","0.0989832","Hong Kong"
"9003","Laramide Resources","LAM.TO","136337359","0.480704","Canada"
"9004","Piscines Desjoyaux","ALPDX.PA","135997499","15.1533","France"
"9005","Bahrain Duty Free Shop Complex","DUTYF.BH","135856492","0.318302","Bahrain"
"9006","Anaam International","4061.SR","135729520","4.30887","Saudi Arabia"
"9007","Klingelnberg AG","KLIN.SW","135720461","15.353","Switzerland"
"9008","MCH Group","MCHN.SW","135615184","4.38657","Switzerland"
"9009","Norse Atlantic ASA","NORSE.OL","135461912","0.916507","Norway"
"9010","Amtech Systems","ASYS","135123808","9.44","United States"
"9011","centrotherm international","CTNK.F","134957836","6.37725","Germany"
"9012","NCS Multistage","NCSM","134868272","53.08","United States"
"9013","Majestic Gold","MJS.V","134654144","0.129144","Canada"
"9014","Lucid Diagnostics","LUCD","134562544","1.03","United States"
"9015","VEEM Ltd","VEE.AX","134510329","0.989191","Australia"
"9016","Arise AB","ARISE.ST","134391867","3.29513","Sweden"
"9017","Interlink Electronics","LINK","134350592","13.62","United States"
"9018","DocGo","DCGO","133997144","1.37","United States"
"9019","Piquadro","PQ.MI","133961412","2.83173","Italy"
"9020","Kala Pharmaceuticals","KALA","133750808","19.05","United States"
"9021","Findi Limited","FND.AX","133602370","2.16181","Australia"
"9022","GEOX","GEO.MI","133254180","0.363913","Italy"
"9023","Wayi International Digital Entertainment","3086.TWO","132966172","4.64589","Taiwan"
"9024","Silvercrest Asset Management Group","SAMG","132854632","15.74","United States"
"9025","Pyxis Oncology","PYXS","132718816","2.14","United States"
"9026","Fortinova Fastigheter AB","FNOVA-B.ST","132596338","2.58295","Sweden"
"9027","Peninsula Energy","PEN.AX","132543278","0.350475","Australia"
"9028","Al Dhafra Insurance","DHAFRA.AE","132349334","1.32","United Arab Emirates"
"9029","Dala Energi","DE.ST","132133867","9.60902","Sweden"
"9030","Austin Engineering","ANG.AX","132114208","0.212905","Australia"
"9031","Inovio Pharmaceuticals","INO","131793800","2.48","United States"
"9032","SDI Group","SDI.L","131753617","1.25992","United Kingdom"
"9033","Somec S.p.A.","SOM.MI","131628840","18.0786","Italy"
"9034","DHI Group","DHX","131548368","2.74","United States"
"9035","Rhinebeck Bancorp","RBKB","131487112","11.84","United States"
"9036","Ambra","AMB.WA","131206824","5.20525","Poland"
"9037","Oxford Square Capital","OXSQ","131098136","1.68","United States"
"9038","Prosafe SE","PRS.OL","130796775","0.371015","Norway"
"9039","Al Mahhar Holding Company","MHAR.QA","130796700","0.631868","Qatar"
"9040","Jubilee Metals Group","JLP.L","130730177","0.0415505","United Kingdom"
"9041","Oncolytics Biotech","ONCY","130607576","1.29","Canada"
"9042","Orchestra BioMed","OBIO","130571304","2.42","United States"
"9043","Sequans Communications","SQNS","130425224","9.1","France"
"9044","Al Kathiri Holding Company","3008.SR","130187464","0.575939","Saudi Arabia"
"9045","Compugen","CGEN","130119968","1.38","Israel"
"9046","Anika Therapeutics","ANIK","130051176","9.02","United States"
"9047","Mpac Group","MPAC.L","129994513","4.32259","United Kingdom"
"9048","Talga Group","TLG.AX","129919058","0.284966","Australia"
"9049","Duluth Holdings","DLTH","129888888","3.54","United States"
"9050","Banca Profilo","PRO.MI","129871901","0.196583","Italy"
"9051","Enad Global 7","EG7.ST","129845965","1.46547","Sweden"
"9052","eXoZymes","EXOZ","129834624","15.48","United States"
"9053","GoHealth","GOCO","129599856","4.53","United States"
"9054","Lifevantage","LFVN","129321376","10.19","United States"
"9055","Arrive AI","ARAI","128469776","3.89","United States"
"9056","Oriental Aromatics","OAL.NS","128447700","3.79312","India"
"9057","SB Financial Group","SBFG","128390736","20.28","United States"
"9058","FCR Immobilien","FC9.DE","128202666","12.9885","Germany"
"9059","Seer Inc","SEER","127890304","2.27","United States"
"9060","Bloober Team","6BO.SG","127876169","6.13152","Poland"
"9061","Suominen","SUY1V.HE","127429345","2.20571","Finland"
"9062","Sterling Tools","STERTOOLS.NS","127411290","3.52117","India"
"9063","Vranken-Pommery Monopole","VRAP.PA","127387585","14.3342","France"
"9064","Skye Bioscience","SKYE","127362408","4.11","United States"
"9065","Netfonds AG","NF4.DE","127051250","54.2944","Germany"
"9066","SKYX Platforms","SKYX","127049648","1.14","United States"
"9067","Al Ain Alahlia Insurance","ALAIN.AE","127039022","8.47","United Arab Emirates"
"9068","PCC Exol","PCX.WA","127033139","0.729503","Poland"
"9069","Research Solutions","RSSS","126363864","3.85","United States"
"9070","Quantum","QMCO","126266472","9.48","United States"
"9071","Alithya Group","ALYA.TO","126249343","1.26274","Canada"
"9072","Jay Bharat Maruti","JAYBARMARU.NS","125997084","1.16395","India"
"9073","Reworld Media","ALREW.PA","125974433","2.2373","France"
"9074","Ascend Wellness (AWH)","AAWH","125881984","0.62","United States"
"9075","Agenus","AGEN","125863232","3.95","United States"
"9076","Draganfly","DPRO","125815456","6.69","Canada"
"9077","Klil Industries","KLIL.TA","125784968","56.7067","Israel"
"9078","Oman Oil Marketing Company (oomco)","OOMS.OM","125733120","2.05195","Oman"
"9079","Solid State Group","SOLI.L","125710769","2.21156","United Kingdom"
"9080","Iceland Seafood International","ICESEA.IC","125696469","0.0410172","Iceland"
"9081","Fujairah Building Industries","FBI.AE","125513254","0.92","United Arab Emirates"
"9082","q.beyond","QBY.DE","125366673","1.00632","Germany"
"9083","Kewaunee Scientific Corporation","KEQU","125345464","43.74","United States"
"9084","Airtasker","ART.AX","125095359","0.275139","Australia"
"9085","Red Robin","RRGB","125012192","6.98","United States"
"9086","Martin Midstream Partners","MMLP","124585736","3.19","United States"
"9087","Bahrain Commercial Facilities Company","BCFC.BH","124570622","0.954907","Bahrain"
"9088","OFX Group","OFX.AX","124469006","0.537177","Australia"
"9089","Kokuyo Camlin","KOKUYOCMLN.NS","124444578","1.24068","India"
"9090","Affinity Bancshares","AFBI","123773200","19.6702","United States"
"9091","Legacy Education","LGCY","123681760","9.99","United States"
"9092","R. Stahl AG","RSL2.DE","123585301","19.1903","Germany"
"9093","Lai Sun Development Company","0488.HK","123304375","0.0848427","Hong Kong"
"9094","One Stop Systems","OSS","123217472","5.62","United States"
"9095","Al Argan International Real Estate Company","ARGAN.KW","123128678","422.397","Kuwait"
"9096","Ovid Therapeutics","OVID","123019456","1.73","United States"
"9097","Virco Manufacturing","VIRC","122936904","7.8","United States"
"9098","South Port NZ","SPN.NZ","122850633","4.68272","New Zealand"
"9099","Nano Labs","NA","122752288","5.31","China"
"9100","Kapsch TrafficCom","KTCG.VI","122485372","8.56541","Austria"
"9101","Scandinavian Enviro Systems","SES.ST","122298207","0.111609","Sweden"
"9102","Altisource Portfolio","ASPS","122172200","11.12","Luxembourg"
"9103","Al-Mazaya Holding Company","MAZAYA.KW","122164827","238.703","Kuwait"
"9104","Jushi Holdings","JUSHF","122054944","0.62","United States"
"9105","First Guaranty Bancshares","FGBI","122019784","8.07","United States"
"9106","Xaar","XAR.L","122018317","1.54139","United Kingdom"
"9107","RumbleOn","RMBL","121527392","3.21","United States"
"9108","Brockhaus Technologies","BKHT.DE","121518997","11.6312","Germany"
"9109","Largo","LGO","121464584","1.89","Canada"
"9110","VIGO Photonics","VGO.WA","121395894","138.77","Poland"
"9111","Playstudios","MYPS","121322208","0.9679","United States"
"9112","Catana Group","CATG.PA","121214843","3.89351","France"
"9113","Hooker Furnishings","HOFT","121152880","11.27","United States"
"9114","Severfield","SFR.L","121108163","0.410144","United Kingdom"
"9115","Full House Resorts","FLL","120973512","3.35","United States"
"9116","Pharos Energy","PHAR.L","120888991","0.293534","United Kingdom"
"9117","KFIC Invest (K.S.C.P)","KFIC.KW","120574624","491.159","Kuwait"
"9118","eHealth","EHTH","120395288","3.94","United States"
"9119","Wielton","WLT.WA","120375125","1.99379","Poland"
"9120","Village Bank and Trust Financial","VBFC","120162600","80.21","United States"
"9121","11 bit studios","11B.WA","119987552","49.6391","Poland"
"9122","Sylogist","SYZ.TO","119986132","5.1299","Canada"
"9123","Atomera","ATOM","119949296","3.81","United States"
"9124","ADLPartner (Dékuple)","DKUPL.PA","119916918","30.1896","France"
"9125","Llorente &amp; Cuenca","LLYC.MC","119855154","10.2972","Spain"
"9126","Columbus Energy","CLC.WA","119768056","1.74148","Poland"
"9127","Massimo Motor","MAMO","119509528","2.87","United States"
"9128","Dialight plc","DIA.L","119458302","3.00236","United Kingdom"
"9129","Wrap Technologies","WRAP","119428632","2.35","United States"
"9130","Bait Vegag Real Estate Development","BVGG.TA","119325072","2.16183","Israel"
"9131","NFON AG","NFN.DE","119179629","7.13784","Germany"
"9132","Beta Systems Software","BSS.F","118965519","25.8621","Germany"
"9133","Bellevue Group","BBN.SW","118770085","8.9486","Switzerland"
"9134","Bulten AB","BULTEN.ST","118684237","5.65486","Sweden"
"9135","Hyperfine","HYPR","118657312","1.51","United States"
"9136","Fleury Michon","ALFLE.PA","118525671","28.4344","France"
"9137","Elica S.p.A.","ELC.MI","118420733","2.01264","Italy"
"9138","NZME Limited","NZM.NZ","118257989","0.629367","New Zealand"
"9139","CeoTronics","CEK.DE","118121927","14.8022","Germany"
"9140","Tidewater Renewables","LCFS.TO","118082523","3.24296","Canada"
"9141","Siebert Financial","SIEB","118046656","2.92","United States"
"9142","Encounter Resources","ENR.AX","118016399","0.235834","Australia"
"9143","NWF Group plc","NWF.L","117975223","2.3791","United Kingdom"
"9144","Gulf Island Fabrication","GIFI","117855624","7.35","United States"
"9145","Skillz","SKLZ","117734880","7.68","United States"
"9146","Scott Technology","SCT.NZ","117664809","1.41463","New Zealand"
"9147","Sera Prognostics","SERA","117611168","3.09","United States"
"9148","KHD Humboldt Wedag International","KWG.DE","117483284","2.36368","Germany"
"9149","Kuwait and Middle East Financial Investment Company","KMEFIC.KW","117419772","533.726","Kuwait"
"9150","Umbrella Solar Investment","USI.MC","117386848","5.44516","Spain"
"9151","VITA 34","V3V.DE","117286018","6.72829","Germany"
"9152","SMN Power Company","SMNP.OM","117188693","0.587013","Oman"
"9153","Mammoth Energy Services","TUSK","117111512","2.43","United States"
"9154","MRM","MRM.PA","116992105","36.549","France"
"9155","Sportsman's Warehouse","SPWH","116830480","3.04","United States"
"9156","Tamil Nadu Newsprint and Papers Limited","TNPL.NS","116770927","1.68707","India"
"9157","Magnachip","MX","116753104","3.25","Luxembourg"
"9158","Vitura SA","VTR.PA","116710225","6.84531","France"
"9159","Clere AG","CAG0.HM","116642807","14.9778","Germany"
"9160","Quipt Home Medical","QIPT","116600008","2.68","United States"
"9161","Eagle Eye Solutions Group","EYE.L","116541414","3.90039","United Kingdom"
"9162","Cake Box Holdings","CBOX.L","116475448","2.64717","United Kingdom"
"9163","Fortress Biotech","FBIO","116341080","3.91","United States"
"9164","Mega Uranium","MGA.TO","116112286","0.308511","Canada"
"9165","Buligo Capital","BLGO.TA","115951644","2.06911","Israel"
"9166","Micro Systemation","MSAB-B.ST","115822226","6.27137","Sweden"
"9167","Credit Rating And Collection Company","TAHSSILAT.KW","115618855","700.72","Kuwait"
"9168","Salalah Port Services Company","SPSI.OM","115376205","0.641558","Oman"
"9169","Fate Therapeutics","FATE","115329696","1","United States"
"9170","Gauzy","GAUZ","115270288","6.15","United States"
"9171","Deutsche Konsum REIT-AG","DKG.DE","115184159","2.28762","Germany"
"9172","Zain Bahrain","ZAINBH.BH","115183023","0.61008","Bahrain"
"9173","Skillsoft","SKIL","114965504","13.2","United States"
"9174","Asiya Capital Investments Company","ASIYA.KW","114934664","143.746","Kuwait"
"9175","Union Bankshares","UNB","114875744","25.24","United States"
"9176","Mekdam Holding Group","MKDM.QA","114637359","0.716483","Qatar"
"9177","Maiden Holdings","MHLD","114635104","1.15","Bermuda"
"9178","Wynnstay Group","WYN.L","114407005","4.95925","United Kingdom"
"9179","Instil Bio","TIL","114289624","16.93","United States"
"9180","Epsilon Energy","EPSN","114263408","5.18","United States"
"9181","Instabank ASA","INSTA.OL","114168974","0.301826","Norway"
"9182","Privatization Holding Company - K.P.S.C.","KPPC.KW","114050420","186.968","Kuwait"
"9183","Sound Financial Bancorp","SFBC","114004936","47.74","United States"
"9184","Akatsuki Corp.","8737.T","113954818","3.76485","Japan"
"9185","Procaps Group","PROC","113952240","1.01","Luxembourg"
"9186","Robert Walters","RWA.L","113727303","1.72904","United Kingdom"
"9187","Carnarvon Energy","CVN.AX","113685834","0.0635441","Australia"
"9188","3P Learning","3PL.AX","113524828","0.415984","Australia"
"9189","Nihon Falcom","3723.T","113492268","10.2246","Japan"
"9190","National International Holding Company (Kuwait)","NIH.KW","113408639","461.69","Kuwait"
"9191","Grammer AG","GMM.DE","113387960","7.6059","Germany"
"9192","Ultralife Corporation","ULBI","113343008","6.81","United States"
"9193","Fury Gold Mines","FURY","113327584","0.65999","Canada"
"9194","Bango","BGO.L","113276767","1.47437","United Kingdom"
"9195","Riverview Bancorp","RVSB","113121240","5.4","United States"
"9196","ReconAfrica","0XD.F","112956104","0.368593","Canada"
"9197","Rakon Limited","RAK.NZ","112788075","0.49079","New Zealand"
"9198","CALIDA Holding","CALN.SW","112636458","16.1175","Switzerland"
"9199","Prime Office A/S","PRIMOF.CO","112440107","29.7843","Denmark"
"9200","Payton Industries","PAYT.TA","112052722","16.4783","Israel"
"9201","VS Media","VSME","111973640","2.5","Hong Kong"
"9202","KVH Industries","KVHI","111957344","5.74","United States"
"9203","Anixa Biosciences","ANIX","111917520","3.4","United States"
"9204","Zentalis Pharmaceuticals","ZNTL","111809952","1.55","United States"
"9205","Atlas Lithium","ATLX","111711816","5.44","United States"
"9206","Lokum Deweloper","LKD.WA","111564533","6.19803","Poland"
"9207","Gateway Real Estate","GTY.F","111455248","0.59677","Germany"
"9208","Sensorion","ALSEN.PA","111449837","0.370934","France"
"9209","Fractal Gaming Group","FRACTL.ST","111428671","3.8266","Sweden"
"9210","Magyar Bancorp","MGYR","111343360","17.26","United States"
"9211","Hurco Companies","HURC","111337664","17.39","United States"
"9212","Townsquare Media","TSQ","111171256","6.76","United States"
"9213","Bear Creek Mining","BCM.V","111102211","0.380258","Canada"
"9214","Lument Finance Trust","LFT","110963016","2.12","United States"
"9215","KMD Brands","KMD.NZ","110947645","0.155898","New Zealand"
"9216","Filling and Packing Materials Manufacturing Company","2180.SR","110940169","9.64697","Saudi Arabia"
"9217","Atossa Therapeutics","ATOS","110893664","0.8585","United States"
"9218","Urbas Grupo Financiero","UBS.MC","110875599","0.00245729","Spain"
"9219","Pro-Dex","PDEX","110874672","33.99","United States"
"9220","Saudi Vitrified Clay Pipe Company","2360.SR","110788181","7.38588","Saudi Arabia"
"9221","The Securities House","SECH.KW","110717087","283.89","Kuwait"
"9222","Coast Investment &amp; Development Company","COAST.KW","110089871","236.739","Kuwait"
"9223","Travelzoo","TZOO","109919200","10.01","United States"
"9224","SIEC (Saudi Industrial Export Company)","4140.SR","109889068","0.565273","Saudi Arabia"
"9225","Genasys","GNSS","109725448","2.43","United States"
"9226","Kuantum Papers","KUANTUM.NS","109552907","1.25106","India"
"9227","a.k.a. Brands","AKA","109525232","10.1","United States"
"9228","Catering International &amp; Services","ALCIS.PA","109419947","14.0417","France"
"9229","MacroGenics","MGNX","109345872","1.73","United States"
"9230","Yellow Pages (Canada)","Y.TO","109324957","8.05717","Canada"
"9231","Almawave","AIW.MI","109285774","3.64498","Italy"
"9232","Shattuck Labs","STTK","109219328","2.28","United States"
"9233","iRobot","IRBT","109160280","3.48","United States"
"9234","NN, Inc.","NNBR","109147776","2.17","United States"
"9235","Armata Pharmaceuticals","ARMP","109051816","3.01","United States"
"9236","Ras Alkhaima National Insurance","RAKNIC.AE","108983036","0.9","United Arab Emirates"
"9237","Quantum Graphite","QGL.AX","108911880","0.311169","Australia"
"9238","Alarum Technologies","ALAR","108858160","14.86","Israel"
"9239","Laiqon AG","LQAG.DE","108593258","5.13691","Germany"
"9240","VistaGen Therapeutics","VTGN","108302064","3.53","United States"
"9241","Intellicheck","IDN","108201272","5.4","United States"
"9242","SAICO (Saudi Arabian Cooperative Insurance Company)","8100.SR","107988479","3.59962","Saudi Arabia"
"9243","Hour Loop","HOUR","107624984","3.06","United States"
"9244","Tabuk Agricultural Development Company","6040.SR","107593863","2.74637","Saudi Arabia"
"9245","Al Sagr Cooperative Insurance Company","8180.SR","107508531","3.58362","Saudi Arabia"
"9246","Eurofins-Cerep","ALECR.PA","107419610","21296.5","France"
"9247","Nova Minerals","NVA","107372432","15.3","Australia"
"9248","Nexstim","NXTMH.HE","107167553","14.9193","Finland"
"9249","Alto Neuroscience","ANRO","106952680","3.95","United States"
"9250","Orosur Mining","OMI.V","106836065","0.33721","Canada"
"9251","Tijara &amp; Real Estate Investment Company","TIJARA.KW","106614278","288.147","Kuwait"
"9252","Prodware","ALPRO.PA","106582709","13.9246","France"
"9253","MediaCo Holding","MDIA","106448472","1.3","United States"
"9254","Spero Therapeutics","SPRO","106360176","1.89","United States"
"9255","iCAD","ICAD","106312376","3.87","United States"
"9256","ACICO Industries Company","ACICO.KW","106259445","321.546","Kuwait"
"9257","Castellum","CTM","106020664","1.14","United States"
"9258","Tuniu Corporation","TOUR","105781256","0.9117","China"
"9259","Erbud","ERB.WA","105677419","8.85825","Poland"
"9260","Shuaiba Industrial Company","PAPER.KW","105606655","1064.18","Kuwait"
"9261","Dish TV","DISHTV.NS","105545879","0.0573228","India"
"9262","Deoleo","OLE.MC","105312425","0.210625","Spain"
"9263","Provident Financial Holdings","PROV","105232608","16","United States"
"9264","Foodco National Foodstuff","FNF.AE","105208704","0.38","United Arab Emirates"
"9265","Edel SE &amp; Co. KGaA","EDL.DE","105053600","4.93798","Germany"
"9266","TScan Therapeutics","TCRX","104983784","1.85","United States"
"9267","Renascor Resources","RNU.AX","104958230","0.0412709","Australia"
"9268","Senzime AB","SEZI.ST","104861038","0.666991","Sweden"
"9269","Gascogne Groupe","ALBI.PA","104830488","2.78493","France"
"9270","HilleVax","HLVX","104762376","2.09","United States"
"9271","Nanoform Finland","NANOFS.ST","104721631","1.22239","Finland"
"9272","Møns Bank","MNBA.CO","104715489","52.3577","Denmark"
"9273","Widam Food Company","WDAM.QA","104686819","0.581593","Qatar"
"9274","Nautilus Biotechnology","NAUT","104681688","0.8288","United States"
"9275","Serverworks","4434.T","104211654","13.5682","Japan"
"9276","National Consumer Holding Company","NCCI.KW","104125732","347.086","Kuwait"
"9277","IO Biotech","IOBT","104091840","1.58","Denmark"
"9278","Dubai National Insurance & Reinsurance Company","DNIR.AE","103793363","0.898644","United Arab Emirates"
"9279","Pekabex","PBX.WA","103491456","4.16859","Poland"
"9280","Mercor","MCR.WA","103218514","6.74653","Poland"
"9281","Crossject","ALCJ.PA","103076132","2.01732","France"
"9282","Saudi Industrial Development Company","2130.SR","103021014","7.63119","Saudi Arabia"
"9283","Tubos Reunidos","TRG.MC","102944637","0.59092","Spain"
"9284","Purple Innovation","PRPL","102831744","0.95","United States"
"9285","Vistin Pharma","VISTN.OL","102716942","2.31634","Norway"
"9286","Victoria PLC","VCP.L","102639119","0.898027","United Kingdom"
"9287","inTEST Corporation","INTT","102566504","8.22","United States"
"9288","Aiforia Technologies Oyj","AIFORIA.HE","102445933","3.24128","Finland"
"9289","Al Omaniya Financial Services","AOFS.OM","102408120","0.324675","Oman"
"9290","Lake Shore Bancorp","LSBK","102201048","13.06","United States"
"9291","Bilendi SA","ALBLD.PA","102001674","22.1156","France"
"9292","PWO AG","PWO.DE","101655744","32.5298","Germany"
"9293","Mobilicom","MOB","101384624","10.2","Australia"
"9294","Elevate Uranium","EL8.AX","101045740","0.262037","Australia"
"9295","MGI Digital Technology","ALMDG.PA","101021314","16.3819","France"
"9296","Ekopak","EKOP.BR","100972187","5.76878","Belgium"
"9297","Postmedia Network Canada","PNC-A.TO","100893247","0.975757","Canada"
"9298","Infant Bacterial Therapeutics AB","IBT-B.ST","100808363","7.48313","Sweden"
"9299","IQE plc","IQE.L","100757466","0.103072","United Kingdom"
"9300","Gulf Cement","GCEM.AE","100605434","0.25","United Arab Emirates"
"9301","The Pebble Group plc","PEBB.L","100596914","0.676871","United Kingdom"
"9302","Quicklogic","QUIK","100532920","6.12","United States"
"9303","Cimbeton","CMBTN.IS","100459655","56.7569","Turkey"
"9304","Kuwait Emirates Holding Company","EMIRATES.KW","100432805","569.745","Kuwait"
"9305","Barbeque Nation Hospitality","BARBEQUE.NS","100317067","2.56655","India"
"9306","American Well","AMWL","100142960","6.2","United States"
"9307","ALX Oncology","ALXO","100140624","1.87","United States"
"9308","Salama Cooperative Insurance Company","8050.SR","100069324","3.33564","Saudi Arabia"
"9309","Ringmetall","HP3A.DE","100003350","3.44021","Germany"
"9310","Intchains Group","ICG","99968432","1.65","China"
"9311","Forsys Metals","FSY.TO","99762850","0.473529","Canada"
"9312","InspireMD","NSPR","99712392","2.39","Israel"
"9313","Nankai Tatsumura Construction","1850.T","99664102","3.45725","Japan"
"9314","Exasol AG","EXL.DE","99543589","3.74444","Germany"
"9315","Nekkar ASA","NKR.OL","99326979","0.996726","Norway"
"9316","Al-Enma'a Real Estate Company","ERESCO.KW","99283722","283.235","Kuwait"
"9317","Islamic Arab Insurance","SALAMA.AE","99256477","0.107565","United Arab Emirates"
"9318","Braemar","BMS.L","99235066","3.25702","United Kingdom"
"9319","Alijarah Holding","NLCS.QA","98960393","0.2","Qatar"
"9320","Oramed Pharmaceuticals","ORMP","98818680","2.41","United States"
"9321","Specialities Group Holding Company","SPEC.KW","98664783","517.354","Kuwait"
"9322","Ekinops","EKI.PA","98657560","3.65083","France"
"9323","GrowGeneration","GRWG","98623328","1.65","United States"
"9324","Apetit Oyj","APETIT.HE","98593502","15.8554","Finland"
"9325","Delfingen Industry","ALDEL.PA","98473493","37.7955","France"
"9326","Dar Al-Thuraya Real Estate","THURAYA.KW","98338240","671.251","Kuwait"
"9327","ATARI","ALATA.PA","98209978","0.176691","France"
"9328","Silicom","SILC","98105144","17.29","Israel"
"9329","Transaction Capital","TCP.JO","98038600","0.124999","South Africa"
"9330","Development Works Food Company","6013.SR","97909555","32.6365","Saudi Arabia"
"9331","Garo Aktiebolag","GARO.ST","97897175","1.95794","Sweden"
"9332","ORIOR AG","ORON.SW","97753955","14.9645","Switzerland"
"9333","Al Anwar Ceramic Tiles","AACT.OM","97714288","0.444156","Oman"
"9334","Chapel Down Group","CDGP.L","97707809","0.569644","United Kingdom"
"9335","Kandi Technologies Group","KNDI","97632720","1.19","China"
"9336","ARN Media","A1N.AX","97411680","0.311169","Australia"
"9337","LivePerson","LPSN","97344016","0.6464","United States"
"9338","Unibep","UNI.WA","96882132","2.93447","Poland"
"9339","Dhampur Sugar Mills","DHAMPURSUG.NS","96806065","1.50484","India"
"9340","İşbir Holding","ISBIR.IS","96712344","2.95213","Turkey"
"9341","Fonar Corporation","FONR","96710784","15.36","United States"
"9342","PhenixFIN","PFX","96601712","48.2076","United States"
"9343","Shengfeng Development","SFWL","96522088","1.17","China"
"9344","Atara Biotherapeutics","ATRA","96496456","13.74","United States"
"9345","GEN Restaurant Group","GENK","96491592","2.93","United States"
"9346","Coffee Day Enterprises","COFFEEDAY.NS","96375654","0.456212","India"
"9347","PGG Wrightson","PGW.NZ","96321858","1.27606","New Zealand"
"9348","Burning Rock Biotech","BNR","96154320","8.9308","China"
"9349","Carr's Group","CARR.L","96057669","1.85637","United Kingdom"
"9350","Mayar Holding Company","9568.SR","95965049","0.799915","Saudi Arabia"
"9351","Eidesvik Offshore","EIOF.OL","95870382","1.31359","Norway"
"9352","BioPorto","BIOPOR.CO","95789536","0.210685","Denmark"
"9353","1stdibs.com","DIBS","95691048","2.64","United States"
"9354","FingerMotion","FNGR","95647568","1.61","United States"
"9355","Chinese Gamer International","3083.TWO","95552870","1.09006","Taiwan"
"9356","ImmunoPrecise Antibodies","IPA","95538984","2.07","United States"
"9357","ReneSola","SOL","95458224","1.86","United States"
"9358","Zomedica Pharmaceuticals","ZOM","95349136","0.0973","United States"
"9359","Al-Omran Industrial Trading Company","4141.SR","95221841","7.93515","Saudi Arabia"
"9360","Thinkific Labs","THNC.TO","95182499","1.39906","Canada"
"9361","Ocean Power Technologies","OPTT","95167536","0.52","United States"
"9362","Al Manar Financing and Leasing Company","ALMANAR.KW","95136662","363.458","Kuwait"
"9363","Fractyl Health","GUTS","94905480","1.34","United States"
"9364","Nacon","NACON.PA","94744983","0.874093","France"
"9365","Werewolf Therapeutics","HOWL","94659024","2.07","United States"
"9366","Adverum Biotechnologies","ADVM","94638568","4.51","United States"
"9367","Pathfinder Bancorp","PBHC","94499760","15.32","United States"
"9368","Agrify","AGFY","94361096","47.12","United States"
"9369","Sawaeed Holding","SAWAEED.AE","94351307","1.85","United Arab Emirates"
"9370","AEye","LIDR","94265760","2.36","United States"
"9371","Kamux","KAMUX.HE","94247834","2.36368","Finland"
"9372","DATA MODUL","DAM.DE","94075524","26.6791","Germany"
"9373","Qrf","QRF.BR","93995468","12.0524","Belgium"
"9374","Energys Group","ENGS","93907504","6.59","United Kingdom"
"9375","AFC Gamma","AFCG","93767344","4.15","United States"
"9376","Shimmick","SHIM","93586088","2.65","United States"
"9377","High Co.","HCO.PA","93575613","4.76246","France"
"9378","Prairie Operating","PROP","93516608","1.86","United States"
"9379","Athos Immobilien","ATH.VI","93484997","53.5923","Austria"
"9380","Groupe Minoteries SA","GMI.SW","93471530","283.247","Switzerland"
"9381","Pliant Therapeutics","PLRX","93309992","1.52","United States"
"9382","SergeFerrari Group","SEFER.PA","93018440","8.14416","France"
"9383","Immunic","IMUX","92642776","0.9391","United States"
"9384","Adagene","ADAG","92377296","1.96","China"
"9385","Cherry Hill Mortgage Investment","CHMI","92331056","2.52","United States"
"9386","National Cleaning Company","CLEANING.KW","92285353","370.007","Kuwait"
"9387","Celebrus Technologies","CLBS.L","92168853","2.33219","United Kingdom"
"9388","Hayah Insurance Company","HAYAH.AE","92030388","0.46","United Arab Emirates"
"9389","Osoul Investment Company","OSOUL.KW","91901188","726.915","Kuwait"
"9390","Kuwait Resorts Company","MUNTAZAHAT.KW","91872334","448.592","Kuwait"
"9391","Coya Therapeutics","COYA","91820688","5.49","United States"
"9392","MPH Health Care AG","93M1.DE","91679521","21.4135","Germany"
"9393","Amana Cooperative Insurance Company","8310.SR","91608889","2.13044","Saudi Arabia"
"9394","GAN","GAN","91526992","1.97","United Kingdom"
"9395","OncoCyte","OCX","91517760","3.2","United States"
"9396","Gogoro","GGR","91502864","0.3101","Taiwan"
"9397","CDON AB","CDON.ST","91441085","7.97208","Sweden"
"9398","Whitehawk Therapeutics","WHWK","91429024","1.94","United States"
"9399","Sogeclair","ALSOG.PA","91159100","29.8385","France"
"9400","Drecom","3793.T","90905653","3.16301","Japan"
"9401","CTEK AB","CTEK.ST","90824209","1.29793","Sweden"
"9402","Curatis","CURN.SW","90684379","18.1729","Switzerland"
"9403","Al Madar Kuwait Holding Company","MADAR.KW","90641699","438.769","Kuwait"
"9404","EDAP TMS","EDAP","90488856","2.42","France"
"9405","Bioceres Crop Solutions","BIOX","90464864","1.5","Argentina"
"9406","Scully Royalty","SRL","90341616","6.095","China"
"9407","Unitronics","UNIT.TA","90110354","6.43988","Israel"
"9408","uCloudlink Group","UCL","89942024","2.39","Hong Kong"
"9409","Xtant Medical","XTNT","89796304","0.6414","United States"
"9410","Soluna Holdings","SLNH","89705672","2.75","United States"
"9411","Topps Tiles","TPT.L","89599161","0.455715","United Kingdom"
"9412","Mr.Bricolage","ALMRB.PA","89581473","8.75263","France"
"9413","Prevas AB","PREV-B.ST","89299754","6.9304","Sweden"
"9414","Bodal Chemicals","BODALCHEM.NS","89262464","0.708636","India"
"9415","Equillium","EQ","89254832","1.5","United States"
"9416","Trinseo","TSE","89162392","2.48","United States"
"9417","Oconee Federal Financial","OFED","89118128","15.3","United States"
"9418","Odyssey Marine Exploration","OMEX","89025480","1.97","United States"
"9419","Zentek","ZTEK","88647872","0.8466","Canada"
"9420","Fairwood Holdings","0052.HK","88432499","0.682598","Hong Kong"
"9421","TC Bancshares","TCBC","88396024","21.15","United States"
"9422","Global Financial Investments Holding SAOG","GFIC.OM","88311690","0.441558","Oman"
"9423","InflaRx","IFRX","88071264","1.3","Germany"
"9424","Great Elm Group","GEG","87771456","2.66","United States"
"9425","Unifi","UFI","87213152","4.75","United States"
"9426","Westwater Resources","WWR","87088336","1.01","United States"
"9427","Vocento","VOC.MC","86789215","0.720805","Spain"
"9428","Lifetime Brands","LCUT","86551408","3.82","United States"
"9429","Velo3D","VLDX","86513896","6.15","United States"
"9430","Quince Therapeutics","QNCX","86479216","1.61","United States"
"9431","XXL ASA","XXL.OL","86472902","0.988001","Norway"
"9432","Aiming Inc","3911.T","86445133","1.85233","Japan"
"9433","Identiv","INVE","86347448","3.64","United States"
"9434","Guillemot Corporation","GUI.PA","86326542","5.8975","France"
"9435","Yatra","YTRA","86273216","1.43","India"
"9436","Acumen Pharmaceuticals","ABOS","86014256","1.42","United States"
"9437","Metagenomi","MGX","85950880","2.29","United States"
"9438","Jaypee Group","JPASSOCIAT.NS","85862792","0.0346419","India"
"9439","Heidmar Maritime Holdings","HMR","85571208","1.47","Greece"
"9440","Creepy Jar","CRJ.WA","85542778","122.315","Poland"
"9441","Gentian Diagnostics ASA","GENT.OL","85364849","5.53514","Norway"
"9442","Pricer AB","PRIC-B.ST","85281655","0.521906","Sweden"
"9443","Assertio Therapeutics","ASRT","85172064","0.885","United States"
"9444","Rottneros","RROS.ST","85142121","0.318883","Sweden"
"9445","Daldrup &amp; Söhne","4DS.DE","85110956","14.2172","Germany"
"9446","Genius Group","GNS","85072648","0.98","Singapore"
"9447","Smart Sand","SND","85016264","2.14","United States"
"9448","Optomed","OPTOMED.HE","84936736","4.31781","Finland"
"9449","GCT Semiconductor","GCTS","84907056","1.52","United States"
"9450","Prelude Therapeutics","PRLD","84900512","1.5","United States"
"9451","Takaful Emarat - Insurance","TAKAFUL-EM.AE","84898688","0.403028","United Arab Emirates"
"9452","Taageer Finance","TFCI.OM","84854849","0.303896","Oman"
"9453","TH International (Tims China)","THCH","84827896","2.65","China"
"9454","ad pepper media International","APM.DE","84821183","3.86146","Germany"
"9455","Vivani Medical","VANI","84718776","1.43","United States"
"9456","Vaxart","VXRT","84700056","0.37","United States"
"9457","Méliuz","CASH3.SA","84640614","0.749148","Brazil"
"9458","coly","4175.T","84560757","15.1664","Japan"
"9459","Allied Cooperative Insurance Group","8150.SR","84419794","2.90102","Saudi Arabia"
"9460","Alto Ingredients","ALTO","84363496","1.09","United States"
"9461","Linz Textil","LTH.VI","84249940","280.833","Austria"
"9462","OEX S.A.","OEX.WA","84244537","13.2621","Poland"
"9463","Cato Fashion","CATO","84034160","4.26","United States"
"9464","Hennessy Advisors","HNNA","83949896","10.78","United States"
"9465","Drilling Tools International","DTI","83804040","2.35","United States"
"9466","Teract S.A.","TRACT.PA","83708316","1.14205","France"
"9467","Baird Medical Investment Holdings","BDMD","83655936","2.26","China"
"9468","Abitare In S.p.A.","ABT.MI","83517584","3.27054","Italy"
"9469","Synthaverse","SVE.WA","83457704","1.17927","Poland"
"9470","Maisons du Monde","MDM.PA","83366701","2.16476","France"
"9471","Entera Bio","ENTX","83107352","1.82","Israel"
"9472","Global Fashion Group","GFG.DE","82540340","0.366253","Luxembourg"
"9473","Polytec Holding","PYT.VI","82361038","3.74444","Austria"
"9474","aTyr Pharma","ATYR","82357760","0.8405","United States"
"9475","XBiotech","XBIT","82316880","2.7","United States"
"9476","KLab","3656.T","82309472","1.37755","Japan"
"9477","5E Advanced Materials","FEAM","82135016","3.66","United States"
"9478","Ateme SA","ATEME.PA","82028073","7.09104","France"
"9479","OKYO Pharma","OKYO","81991280","2.18","United Kingdom"
"9480","Summit State Bank","SSBI","81867752","12.09","United States"
"9481","Wellgistics Health (Danam Health)","WGRX","81736176","0.97","United States"
"9482","Esterad Investment Company","ESTERAD.BH","81684609","0.312997","Bahrain"
"9483","Context Therapeutics","CNTX","81630816","0.91","United States"
"9484","Livestock Transport and Trading Company","CATTL.KW","81520527","389.653","Kuwait"
"9485","Ebixcash India","EBIXFOREX.NS","81507586","7.31","India"
"9486","Wittchen","WTN.WA","81465269","4.40993","Poland"
"9487","Cavatina Holding Spólka Akcyjna","CAV.WA","81429234","3.20259","Poland"
"9488","Alligator Energy","AGE.AX","81386802","0.0183426","Australia"
"9489","Banader Hotels Company","BANADER.BH","81106824","0.695145","Bahrain"
"9490","Sol-Gel Technologies","SLGL","80759968","28.99","Israel"
"9491","Eyenovia","EYEN","80750976","15.82","United States"
"9492","Kuwait and Gulf Link Transport Company","KGL.KW","80745451","291.094","Kuwait"
"9493","Saga Communications","SGA","80692208","12.53","United States"
"9494","Marchex","MCHX","80405744","1.82","United States"
"9495","Manazel Holding Company","MANAZEL.KW","80194718","186.313","Kuwait"
"9496","CBAK Energy","CBAT","80118112","0.9038","China"
"9497","Wallbox","WBX","79671792","4.55","Spain"
"9498","InterCure","INCR","79588408","1.46","Israel"
"9499","ALBA SE","ABA.F","79586725","8.08808","Germany"
"9500","Via Renewables","VIASP","79523536","10.995","United States"
"9501","Apex Frozen Foods","APEX.NS","79428830","2.54172","India"
"9502","Villars Holding","VILN.SW","79161287","758.25","Switzerland"
"9503","Silver One Resources","SVE.V","79105552","0.294162","Canada"
"9504","Katapult Holdings","KPLT","79098840","17.31","United States"
"9505","Ithmaar Holding","ITHMR.BH","78799630","0.19","Bahrain"
"9506","Aptech","APTECHT.NS","78769575","1.34596","India"
"9507","Bien Sparebank","BIEN.OL","78601712","13.8378","Norway"
"9508","PMV Pharmaceuticals","PMVP","78426480","1.48","United States"
"9509","S.S. Lazio","SSL.MI","77995660","1.15142","Italy"
"9510","WISeKey International","WKEY","77902960","6.69","Switzerland"
"9511","Naked Wines","WINE.L","77713974","1.08567","United Kingdom"
"9512","MacroWell OMG Digital Entertainment","3687.TWO","77674165","2.54129","Taiwan"
"9513","X4 Pharmaceuticals","XFOR","77674000","3.46","United States"
"9514","Planet Image International","YIBO","77596824","1.31","China"
"9515","Century Casinos","CNTY","77452616","2.58","United States"
"9516","Stabilis Solutions","SLNG","77360608","4.16","United States"
"9517","National Hotels Company (Bahrain)","NHOTEL.BH","77204243","0.0689655","Bahrain"
"9518","Steel Connect","STCN","77168096","12.18","United States"
"9519","Hoffmann Green Cement Technologies","ALHGR.PA","77143107","5.26562","France"
"9520","Warba Capital Holding Company","WARBACAP.KW","77111837","2570.4","Kuwait"
"9521","BG Staffing","BGSF","76865136","6.88","United States"
"9522","freelancer.com","FLN.AX","76801746","0.170324","Australia"
"9523","Hily Holding","HH.AE","76795293","0.64","United Arab Emirates"
"9524","Team Inc","TISI","76705456","17.05","United States"
"9525","CervoMed","CRVO","76612512","8.28","United States"
"9526","reAlpha Tech","AIRE","76608904","0.8475","United States"
"9527","IGM Biosciences","IGMS","76571728","1.27","United States"
"9528","Doxa AB","DOXA.ST","76521061","0.0595249","Sweden"
"9529","Titanium Oyj","TITAN.HE","76452538","7.39527","Finland"
"9530","Thimar Development Holding Company","4160.SR","76431842","11.7587","Saudi Arabia"
"9531","G5 Entertainment","G5EN.ST","76425937","9.58776","Sweden"
"9532","Apyx Medical","APYX","76395352","2.02","United States"
"9533","The ONE Group Hospitality","STKS","76152616","2.46","United States"
"9534","Al Fujairah National Insurance Company","AFNIC.AE","76119281","57.19","United Arab Emirates"
"9535","InfraCom Group AB","INFRA.ST","76041998","2.18967","Sweden"
"9536","DocCheck","AJ91.DE","75994434","14.9778","Germany"
"9537","DDC Enterprise","DDC","75848208","9.13","Hong Kong"
"9538","COSOL Limited","COS.AX","75704480","0.415984","Australia"
"9539","Poujoulat","ALPJT.PA","75614897","9.66534","France"
"9540","Comtech Telecommunications","CMTL","75545824","2.57","United States"
"9541","Corero Network Security","CNS.L","75512231","0.147437","United Kingdom"
"9542","Origin Materials","ORGN","75489040","0.5036","United States"
"9543","Artnet AG","ART.DE","75448855","13.2226","Germany"
"9544","Loop Industries","LOOP","75395000","1.58","Canada"
"9545","First Takaful Insurance Company","FTI.KW","75394889","707.269","Kuwait"
"9546","AMCON Distributing Company","DIT","75196320","116.5","United States"
"9547","Sutro Biopharma","STRO","75160784","0.8866","United States"
"9548","Groupe LDLC","ALLDL.PA","74920823","12.2279","France"
"9549","Aqar Real Estate Investments Company","AQAR.KW","74890841","333.988","Kuwait"
"9550","AFYREN","ALAFY.PA","74850203","2.88439","France"
"9551","IG Design Group","IGR.L","74730948","0.784098","United Kingdom"
"9552","Miko Group","MIKO.BR","74700210","60.1451","Belgium"
"9553","Bragg Gaming Group","BRAG","74647304","2.92","Canada"
"9554","Scana ASA","SCANA.OL","74567664","0.161442","Norway"
"9555","Duro Felguera","MDF.MC","74026154","0.344021","Spain"
"9556","Northern Technologies International","NTIC","73900032","7.8","United States"
"9557","Hydrogène de France","HDF.PA","73782325","5.0901","France"
"9558","audius SE","3ITN.DE","73701398","14.9778","Germany"
"9559","Synchronoss","SNCR","73611224","6.4","United States"
"9560","Vantiva","VANTI.PA","73549814","0.150012","France"
"9561","Nordwest Handel","NWX.F","73505733","22.9347","Germany"
"9562","OQIC Oman Qatar Insurance Company","OQIC.OM","73281170","0.454545","Oman"
"9563","Scherzer &amp; Co. AG","PZS.DE","73192070","2.69132","Germany"
"9564","System1","SST","73173824","7.38","United States"
"9565","Oman Reinsurance","ORIC.OM","73028381","0.220779","Oman"
"9566","Upland Software","UPLD","72793400","2.53","United States"
"9567","Destination XL","DXLG","72742256","1.35","United States"
"9568","Edisun Power Europe","ESUN.SW","72735223","63.4173","Switzerland"
"9569","SBF AG","CY1K.DE","72690320","7.48888","Germany"
"9570","Marks Electrical Group","MRK.L","72672166","0.696976","United Kingdom"
"9571","Repare Therapeutics","RPTX","72601000","1.69","Canada"
"9572","AgEagle Aerial Systems","UAVS","72379120","2.04","United States"
"9573","Artiva Biotherapeutics","ARTV","72300256","2.96","United States"
"9574","KAP AG","IUR.F","72258511","9.3026","Germany"
"9575","Union Insurance Company","UNION.AE","72027668","0.31","United Arab Emirates"
"9576","Odysight.ai","ODYS","72018944","4.41","Israel"
"9577","Ultimate Products","ULTP.L","71921790","0.857817","United Kingdom"
"9578","1Spatial","SPA.L","71668145","0.643363","United Kingdom"
"9579","Gigas Hosting","GIGA.MC","71654251","5.82729","Spain"
"9580","Cel-Sci","CVM","71540536","8.95","United States"
"9581","CombinedX","CX.ST","71360730","3.69905","Sweden"
"9582","McPhy Energy","MCPHY.PA","71172382","2.53774","France"
"9583","Asset Entities","ASST","71069312","4.275","United States"
"9584","Grand Twins International Cambodia","GTI.KH","71035518","1.78","Cambodia"
"9585","BeyondSpring","BYSI","70984880","1.76","United States"
"9586","HiPay Group","ALHYP.PA","70926926","11.2333","France"
"9587","hVIVO","HVO.L","70924895","0.103206","United Kingdom"
"9588","Pulmonx","LUNG","70899008","1.74","United States"
"9589","Cullman Bancorp","CULL","70551440","11.5","United States"
"9590","Steel &amp; Tube Holdings","STU.NZ","70509444","0.383971","New Zealand"
"9591","Where Food Comes From","WFCF","70493920","13.64","United States"
"9592","Smart Good Things Holding","MLSGT.PA","70326327","3.27639","France"
"9593","Imagineer","4644.T","70207734","7.28897","Japan"
"9594","NRx Pharmaceuticals","NRXP","70121208","2.95","United States"
"9595","Town Centre Securities","TOWN.L","70094356","1.66872","United Kingdom"
"9596","Infas Holding AG","IFS.F","70032763","7.78142","Germany"
"9597","Adicet Bio","ACET","69933168","0.84","United States"
"9598","Haulotte Group","PIG.PA","69925723","2.37538","France"
"9599","Al Anwar Investments SAOG","AAIC.OM","69791596","0.233766","Oman"
"9600","Regis Corporation","RGS","69754256","28.635","United States"
"9601","Zenvia","ZENV","69744208","1.33","Brazil"
"9602","Primech Holdings","PMEC","69728648","1.815","Singapore"
"9603","United Fidelity Insurance Company","FIDELITYUNITED.AE","69716776","0.44","United Arab Emirates"
"9604","Itera ASA","ITERA.OL","69647417","0.852331","Norway"
"9605","mwb fairtrade AG","MWB0.DE","69566533","9.3026","Germany"
"9606","Moulinvest","ALMOU.PA","69387553","22.9347","France"
"9607","Regal Hotels International","0078.HK","69324215","0.0758442","Hong Kong"
"9608","Hindustan Media Ventures","HMVL.NS","69299918","0.942666","India"
"9609","N.B.I. Industrial Finance","NBIFIN.NS","69262180","28.192","India"
"9610","Pulsar Group","PULS.L","69061657","0.509329","United Kingdom"
"9611","First Northwest Bancorp","FNWB","68991672","7.75","United States"
"9612","Jasper Therapeutics","JSPR","68972376","2.47","United States"
"9613","Gamesparcs","6542.TWO","68881696","1.57763","Taiwan"
"9614","Planet13","PLTH.CN","68864262","0.211653","United States"
"9615","Affluent Medical SA","AFME.PA","68837102","1.75521","France"
"9616","WASGAU Produktions &amp; Handels AG","MSH.F","68733905","10.4142","Germany"
"9617","Gurit Holding","GURN.SW","68601922","14.6637","Switzerland"
"9618","DEMIRE Deutsche Mittelstand Real Estate","DMRE.DE","68522686","0.649427","Germany"
"9619","Forian","FORA","68447088","2.2","United States"
"9620","ACTIA Group","ALATI.PA","68374841","3.4051","France"
"9621","Grupa Kapitałowa Immobile","GKI.WA","68241500","0.910507","Poland"
"9622","Railcare Group AB","RAIL.ST","68081228","2.82212","Sweden"
"9623","Schwälbchen Molkerei","SMB.F","68054996","52.6562","Germany"
"9624","Immix Biopharma","IMMX","67943880","2.08","United States"
"9625","Caspian Sunrise","CASP.L","67841225","0.0288173","United Kingdom"
"9626","European Residential REIT","ERE-UN.TO","67479571","0.724643","Canada"
"9627","FRIWO","CEA.DE","67423355","7.83992","Germany"
"9628","Universal Electronics","UEIC","67218320","5.04","United States"
"9629","Creo Medical Group","CREO.L","67033553","0.162516","United Kingdom"
"9630","Gabriel Holding A/S","GABR.CO","66958345","35.4277","Denmark"
"9631","LumenRadio","LUMEN.ST","66863356","5.31472","Sweden"
"9632","Senergy Holding Company K.S.C.P.","SENERGY.KW","66704830","333.988","Kuwait"
"9633","Sono-Tek Corporation","SOTK","66685452","4.24","United States"
"9634","Coheris SA","COH.PA","66396016","11.678","France"
"9635","Paref SA","PAR.PA","66138450","43.6461","France"
"9636","Wolford","WOL.VI","65720968","4.44652","Austria"
"9637","REC Silicon","RECSI.OL","65713207","0.156227","Norway"
"9638","Laser Photonics","LASE","65670288","4.6","United States"
"9639","CGRE AG","LKB.DE","65293704","10.8823","Germany"
"9640","VolitionRx","VNRX","65095232","0.605","United States"
"9641","Gold Hydrogen Limited","GHY.AX","65017927","0.360301","Australia"
"9642","Rane Brake Lining","RBL.NS","64994898","8.40828","India"
"9643","cyan AG","CYR.DE","64938225","2.99555","Germany"
"9644","OS Therapies","OSTX","64872280","2.05","United States"
"9645","Local Bounti","LOCL","64827056","2.9303","United States"
"9646","ORBIS AG","OBS.DE","64822049","6.84531","Germany"
"9647","Unikai Foods","UNIKAI.AE","64731473","1.66658","United Arab Emirates"
"9648","3U Holding","UUU.DE","64619732","1.75521","Germany"
"9649","Akoya Biosciences","AKYA","64440916","1.29","United States"
"9650","Mister Spex","MRX.F","64394013","1.88977","Germany"
"9651","OSOS Holding Group Company K.P.S.C.","OSOS.KW","64361490","589.391","Kuwait"
"9652","Orient Paper Mills","ORIENTPPR.NS","64310973","0.303088","India"
"9653","IZEA Worldwide","IZEA","64292416","3.78","United States"
"9654","Pattern S.p.A.","PTR.MI","64272529","4.44652","Italy"
"9655","Azure Power","AZREF","64166400","1","India"
"9656","MoneyHero","MNY","64161372","1.5","Singapore"
"9657","Solitario Zinc","XPL","64145312","0.7112","United States"
"9658","BBX Capital Corporation","BBXIA","64061496","4.38","United States"
"9659","Flux Power","FLUX","63975652","3.8","United States"
"9660","INNOVATE Corp.","VATE","63880152","4.79","United States"
"9661","Air T","AIRT","63782280","23.6","United States"
"9662","BHM Capital Financial Services","BHMCAPITAL.AE","63722016","0.31861","United Arab Emirates"
"9663","Buzzfeed","BZFD","63703980","1.72","United States"
"9664","Agape ATP","ATPC","63506832","1.27","Malaysia"
"9665","Adlai Nortye","ANL","63468464","1.72","Cayman Islands"
"9666","Turbo Energy","TURB","63458728","5.76","Spain"
"9667","RAPCO Investment","RAPCO.AE","63399680","0.67","United Arab Emirates"
"9668","Tillys","TLYS","63385232","2.08","United States"
"9669","EUDA Health","EUDA","63165856","1.7","Singapore"
"9670","MiNK Therapeutics","INKT","63140060","13.96","United States"
"9671","SRP Groupe (Showroomprive.com)","SRP.PA","63047685","0.548795","France"
"9672","Nilörngruppen","NIL-B.ST","63022328","5.52731","Sweden"
"9673","Commercial Vehicle Group (CVG)","CVGI","62872720","1.7","United States"
"9674","Icape Holding","ALICA.PA","62637504","7.93354","France"
"9675","Manhattan Bridge Capital","LOAN","62455036","5.46","United States"
"9676","Grove Collaborative","GROV","62339576","1.52","United States"
"9677","MediciNova","MNOV","62288736","1.27","United States"
"9678","Laird Superfood","LSF","62174168","5.83","United States"
"9679","Oman United Insurance","OUIC.OM","62077924","0.620779","Oman"
"9680","Gentili Mosconi","GM.MI","62029019","3.26469","Italy"
"9681","Biodesix","BDSX","62000000","7.75","United States"
"9682","Toro Corp.","TORO","61988900","3.25","Cyprus"
"9683","Amar Finance and Leasing Company","AMAR.KW","61944778","317.289","Kuwait"
"9684","Mirza International","MIRZAINT.NS","61755058","0.446847","India"
"9685","Fluent","FLNT","61553240","2.16","United States"
"9686","Sharjah Insurance","SICO.AE","61271173","0.41","United Arab Emirates"
"9687","Hydrogen-Refueling-Solutions","ALHRS.PA","61134317","3.96677","France"
"9688","Safety Shot","SHOT","61121844","0.2806","United States"
"9689","Enapter AG","H2O.DE","60955712","1.99509","Germany"
"9690","Fernheizwerk Neukölln","FHW.F","60823776","26.4451","Germany"
"9691","Plutus Financial Group","PLUT","60632500","3.95","United States"
"9692","VirTra","VTSI","60622980","5.38","United States"
"9693","NSTS Bancorp","NSTS","60510888","11.55","United States"
"9694","Mubarrad Holding Company","MUBARRAD.KW","60489545","373.281","Kuwait"
"9695","Dhofar Insurance Company SAOG","DICS.OM","60442074","0.519481","Oman"
"9696","Neonode","NEON","60418516","3.6","Sweden"
"9697","Mashaer Holding Company K.S.C.P.","MASHAER.KW","60402322","376.555","Kuwait"
"9698","Dr. Hönle AG","HNL.DE","60292253","9.94617","Germany"
"9699","SYLA Technologies","SYT","60158036","2.26","Japan"
"9700","CAMP4 Therapeutics","CAMP","60079996","2.98","United States"
"9701","Relmada Therapeutics","RLMD","60076832","1.81","United States"
"9702","Celularity","CELU","60055820","2.25","United States"
"9703","Canacol Energy","CNE.TO","59976019","1.7578","Canada"
"9704","P3 Health Partners","PIII","59908832","0.1516","United States"
"9705","Ikena Oncology","IKNA","59901984","1.43","United States"
"9706","Shankara Building","SHANKARA.NS","59829100","2.46725","India"
"9707","Maxeon Solar Technologies","MAXN","59772644","3.53","Singapore"
"9708","Heritage Global","HGBL","59755472","1.72","United States"
"9709","Brera Holdings","BREA","59667432","24.71","Ireland"
"9710","Precision BioSciences","DTIL","59642172","5.06","United States"
"9711","Asphere Innovations","AS.BK","59611551","0.119403","Thailand"
"9712","Ferrum S.A. de Cerámica y Metalurgia","FERR.BA","59580416","0.0129044","Argentina"
"9713","iLearningEngines","AILE","59292656","0.42","United States"
"9714","Arizona Metals","AMC.TO","59279868","0.430481","Canada"
"9715","PlaySide Studios","PLY.AX","59238530","0.131019","Australia"
"9716","Raydan Food","6012.SR","59054133","3.7356","Saudi Arabia"
"9717","Qatar Electronic Systems","TQES.QA","58801783","0.695879","Qatar"
"9718","Cytosorbents","CTSO","58594420","0.9336","United States"
"9719","Sequana Medical","SEQUA.BR","58453980","0.967704","Belgium"
"9720","vTv Therapeutics","VTVT","58442412","22.33","United States"
"9721","tinyBuild","8Z3.F","58348340","0.148022","United States"
"9722","Churchill China","CHH.L","58226261","5.29434","United Kingdom"
"9723","Barfresh Food Group","BRFH","58181956","3.65","United States"
"9724","SolarBank","SUUN","58168948","1.61","Canada"
"9725","Captor Therapeutics","CTX.WA","58013127","10.5312","Poland"
"9726","Qatar Oman Investment Company","QOIS.QA","57807691","0.183516","Qatar"
"9727","Genenta Science","GNTA","57795980","3.16","Italy"
"9728","BRAIN Biotech","BNN.DE","57520317","2.63281","Germany"
"9729","Inuvo","INUV","57507716","3.94","United States"
"9730","TELA Bio","TELA","57443840","1.45","United States"
"9731","United Cooperative Assurance Company","8190.SR","57380545","1.43451","Saudi Arabia"
"9732","Global Self Storage","SELF","57371500","5.06","United States"
"9733","YOC AG","YOC.DE","57358225","16.4989","Germany"
"9734","HeartBeam","BEAT","57300352","1.67","United States"
"9735","Estoril Sol","ESON.LS","57240331","4.79757","Portugal"
"9736","Groupe Berkem","ALKEM.PA","57095719","3.24336","France"
"9737","FORTEC Elektronik AG","FEV.DE","57051883","17.5521","Germany"
"9738","Sýn hf.","SYN.IC","56884098","0.229696","Iceland"
"9739","Syntec Optics","OPTX","56866808","1.55","United States"
"9740","Karyopharm Therapeutics","KPTI","56796872","6.55","United States"
"9741","Cantourage Group SE","HIGH.DE","56750030","4.55184","Germany"
"9742","M2i Formation","ALMII.PA","56737804","9.88767","France"
"9743","Vera Bradley","VRA","56711140","2.03","United States"
"9744","Live Ventures","LIVE","56672056","18.45","United States"
"9745","Leslie's","LESL","56573412","0.3048","United States"
"9746","Lion Electric","LEV","56554500","0.25","Canada"
"9747","SolarMax Technology","SMXT","56475068","1.04","United States"
"9748","Cabka","7GW.F","56312164","2.23496","Germany"
"9749","MariMed","MRMD","56296480","0.1435","United States"
"9750","Balco Group","BALCO.ST","56282682","2.44477","Sweden"
"9751","SurgePays","SURG","56246448","2.85","United States"
"9752","Saudi Enaya Cooperative Insurance Company","8311.SR","56175340","2.44241","Saudi Arabia"
"9753","Mesa Air","MESA","56101744","1.34","United States"
"9754","Francotyp-Postalia Holding AG","FPH.DE","55943285","3.58062","Germany"
"9755","Phunware","PHUN","55916584","2.77","United States"
"9756","Bever Holding","BEVER.AS","55887118","3.27639","Netherlands"
"9757","Musandam Power","MSPW.OM","55763508","0.792208","Oman"
"9758","Incannex Healthcare","IXHL","55739376","0.5949","Australia"
"9759","Qatari German Company for Medical Devices","QGMD.QA","55655765","0.481868","Qatar"
"9760","LiveOne","LVO","55629228","4.82","United States"
"9761","Knightscope","KSCP","55599940","5.46","United States"
"9762","BioLargo","BLGO","55525336","0.1797","United States"
"9763","Fire Rock","1909.HK","55286602","0.287951","China"
"9764","Rapala VMC Corporation","RAP1V.HE","55270853","1.42172","Finland"
"9765","Global Mofy Metaverse","GMM","55120108","1.8864","China"
"9766","Spencer's Retail","SPENCERS.NS","54996919","0.608885","India"
"9767","PEDEVCO","PED","54994452","0.5979","United States"
"9768","illumin","ILLM.TO","54805122","1.06185","Canada"
"9769","1-800-PetMeds","PETS","54739612","2.65","United States"
"9770","Alcadon Group AB","ALCA.ST","54713100","2.23218","Sweden"
"9771","IBU-tec advanced materials AG","IBU.DE","54692253","11.5142","Germany"
"9772","Cue Biopharma","CUE","54545224","0.7098","United States"
"9773","ecotel communication","E4C.DE","54383196","15.4458","Germany"
"9774","Allied Esports","AESE","54324936","1.3899","United States"
"9775","Dlala Brokerage and Investment Holding Company","DBIS.QA","54291730","0.285165","Qatar"
"9776","Culp","CULP","54076764","4.29","United States"
"9777","Automated Systems Company KPSC","ASC.KW","54027398","540.275","Kuwait"
"9778","Kronos Bio","KRON","53652896","0.88","United States"
"9779","LUDWIG BECK am Rathauseck - Textilhaus Feldmeier","ECK.DE","53613386","14.5097","Germany"
"9780","CyberStep","3810.T","53524562","2.07301","Japan"
"9781","The Cannabist Company","CBSTF","53491388","0.0969","United States"
"9782","TransAct Technologies","TACT","53489328","5.3","United States"
"9783","MAIA Biotechnology","MAIA","53449016","1.62","United States"
"9784","INmune Bio","INMB","53436368","2.01","United States"
"9785","Nykode Therapeutics","NYKD.OL","53405792","0.163547","Norway"
"9786","BioXcel Therapeutics","BTAI","53046360","2.7","United States"
"9787","Agile Content","AGIL.MC","52955028","2.31687","Spain"
"9788","Wethaq Takaful Insurance Company K.S.C.P.","WETHAQ.KW","52852853","481.336","Kuwait"
"9789","Acanthe Développement","ACAN.PA","52822237","0.319448","France"
"9790","Netel Holding","NETEL.ST","52390466","1.07995","Sweden"
"9791","Acrivon Therapeutics","ACRV","52216368","1.66","United States"
"9792","Oman National Engineering and Investment Co. (SAOG)","ONES.OM","52207794","0.348052","Oman"
"9793","Wiener Privatbank","WPB.VI","52119466","10.4142","Austria"
"9794","ATA Creativity Global","AACG","51864180","1.64","China"
"9795","Kayak Inc","3904.T","51705529","3.17639","Japan"
"9796","Fermentalg","ALGAE.PA","51559307","0.574538","France"
"9797","Reading International","RDI","51438780","1.54","United States"
"9798","OT Logistics","OTS.WA","51370301","3.92176","Poland"
"9799","INMA Holding Company","IHGS.QA","51345647","0.906593","Qatar"
"9800","Pixelworks","PXLW","51272396","9.61","United States"
"9801","Natural Health Trends","NHTC","51118052","4.44","United States"
"9802","Metal and Recycling Company K.S.C.","MRC.KW","51032467","566.47","Kuwait"
"9803","Sensus Healthcare","SRTS","50964112","3.1","United States"
"9804","Serina Therapeutics","SER","50945420","4.97","United States"
"9805","Spirit Airlines","SAVEQ","50929124","0.465","United States"
"9806","Caesarstone","CSTE","50797068","1.47","Israel"
"9807","MS Industrie","MSAG.DE","50786814","1.7084","Germany"
"9808","Logan Ridge Finance","LRFC","50675908","19.08","United States"
"9809","Sachem Capital","SACH","50656252","1.07","United States"
"9810","Tessellis","TSL.MI","50467263","0.125205","Italy"
"9811","Mobix Labs","MOBX","50465124","0.8325","United States"
"9812","TechPrecision","TPCS","50461460","5.07","United States"
"9813","Actinium Pharmaceuticals","ATNM","50225388","1.61","United States"
"9814","Söktas Tekstil","SKTAS.IS","50164508","0.100329","Turkey"
"9815","Relief Therapeutics","RLF.SW","50121475","3.98551","Switzerland"
"9816","FibroGen","FGEN","49780400","12.31","United States"
"9817","Koss","KOSS","49740868","5.26","United States"
"9818","Barinthus Biotherapeutics","BRNS","49680312","1.2201","United Kingdom"
"9819","Prodways Group","PWG.PA","49660034","0.98181","France"
"9820","VERSES AI","VERS.NE","49537293","4.76399","Canada"
"9821","Swiss Steel","STLN.SW","49532747","1.60943","Switzerland"
"9822","Pestech Cambodia","PEPC.KH","49488494","0.66","Cambodia"
"9823","Borealis Foods","BRLS","49392076","2.31","Canada"
"9824","Rave Restaurant Group","RAVE","49029904","3.45","United States"
"9825","Mobile Factory","3912.T","49014921","6.86768","Japan"
"9826","Airgain","AIRG","48922504","4.11","United States"
"9827","Investigator Resources","IVR.AX","48808815","0.028169","Australia"
"9828","Al Faleh Educational Holding","FALH.QA","48791207","0.203297","Qatar"
"9829","Artifex Mundi","ART.WA","48576431","4.08631","Poland"
"9830","FingerTango","6860.HK","48327598","0.0251957","China"
"9831","Hinduja Ventures","NXTDIGITAL.NS","48138727","1.43","India"
"9832","Lantern Pharma","LTRN","48111400","4.455","United States"
"9833","Pioneer Power Solutions","PPSI","48042500","4.33","United States"
"9834","Ascot Resources","AOT.TO","48014286","0.0322861","Canada"
"9835","PDS Biotechnology","PDSB","47966012","1.02","United States"
"9836","Fujairah Cement Industries","FCI.AE","47962898","0.13","United Arab Emirates"
"9837","PermRock Royalty Trust","PRT","47932984","3.94","United States"
"9838","Dhofar Generating Company","DGEN.OM","47911482","0.215584","Oman"
"9839","Avant Technologies Inc.","AVAI","47895056","0.348","United States"
"9840","Rafael Holdings","RFL","47738300","1.36","United States"
"9841","Aram Group","ARAM.AE","47692546","0.6","United Arab Emirates"
"9842","Aker Horizons","AKH.OL","47557027","0.0688884","Norway"
"9843","TOP Financial Group Limited","TOP","47447300","1.28","Hong Kong"
"9844","Inotiv","NOTV","47410248","1.38","United States"
"9845","Elbstein AG","EBS.HM","47390591","1.57969","Germany"
"9846","Western Bulk","WEST.OL","47365248","1.40885","Norway"
"9847","Eco Wave Power Global","WAVE","47331804","8.12","Israel"
"9848","VivoPower","VVPR","47325152","4.68","United Kingdom"
"9849","Hutter &amp; Schrantz Stahlbau AG","HST.VI","47248480","31.5937","Austria"
"9850","Broadwind","BWEN","47119796","2.045","United States"
"9851","Telomir Pharmaceuticals","TELO","47025044","1.39","United States"
"9852","Allbirds","BIRD","46760780","5.74","United States"
"9853","374Water","SCWO","46577124","0.3084","United States"
"9854","Trophy Games","TGAMES.CO","46506830","1.73219","Denmark"
"9855","Palms Agro Production Company","PAPCO.KW","46251687","884.086","Kuwait"
"9856","Courtside Group (PodcastOne)","PODC","46221520","1.75","United States"
"9857","BIT Mining (500.com)","BTCM","46206712","2.59","China"
"9858","MarketWise","MKTW","46102704","16.71","United States"
"9859","the Marygold Companies","MGLD","46099592","1.07","United States"
"9860","HWA AG","H9W.DE","45926796","4.69225","Germany"
"9861","Beamr Imaging","BMR","45813072","2.95","Israel"
"9862","SGT German Private Equity","GAI.DE","45781680","0.988767","Germany"
"9863","Raysut Cement","RCCI.OM","45714287","0.228571","Oman"
"9864","Future Kid Entertainment and Real Estate Company","FUTUREKID.KW","45473600","399.476","Kuwait"
"9865","Vince Holding","VNCE","45389920","3.5","United States"
"9866","Beam Global","BEEM","45330048","2.57","United States"
"9867","The Energy House Holding Company","ENERGYH.KW","45273557","998.69","Kuwait"
"9868","Kuwait Hotels Company K.S.C.P.","KHOT.KW","45272297","802.227","Kuwait"
"9869","Shoe Zone","SHOE.L","45230523","0.978447","United Kingdom"
"9870","Nicholas Financial","NICK","45187000","6.19","United States"
"9871","SCYNEXIS","SCYX","45069312","1.075","United States"
"9872","WiMi Hologram Cloud","WIMI","44979288","4.58","China"
"9873","Oman Chlorine","OCHL.OM","44948415","0.628571","Oman"
"9874","SHW AG","SW10.HM","44810957","6.96232","Germany"
"9875","geechs","7060.T","44747066","4.36001","Japan"
"9876","Touax SCA","TOUP.PA","44729908","6.41236","France"
"9877","3i Infotech","3IINFOLTD.NS","44553916","0.248022","India"
"9878","KORE","KORE","44257472","2.53","United States"
"9879","GBK Beteiligungen AG","GBQ.HM","44231219","6.55277","Germany"
"9880","Indonesia Energy","INDO","44113860","3.04","Indonesia"
"9881","Al Maha Ceramics","AMCI.OM","44000001","0.8","Oman"
"9882","Zynex","ZYXI","43931292","1.45","United States"
"9883","Bayan Investment Holding Company","BAYANINV.KW","43831360","207.924","Kuwait"
"9884","Rockwell Medical","RMTI","43726548","1.27","United States"
"9885","Eagle Pharmaceuticals","EGRX","43669224","3.37","United States"
"9886","Orapi SA","ORAP.PA","43596174","6.69206","France"
"9887","Renalytix","RENX.L","43504976","0.131353","United Kingdom"
"9888","Techstep ASA","TECH.OL","43471678","1.26346","Norway"
"9889","System1 Group","SYS1.L","43369527","3.41786","United Kingdom"
"9890","Aeria","3758.T","43305827","2.08638","Japan"
"9891","Edia","3935.T","43297490","7.34247","Japan"
"9892","GORE German Office Real Estate","GAG.DE","43246897","0.842199","Germany"
"9893","Outlook Therapeutics","OTLK","43091384","0.9701","United States"
"9894","Muscat Finance","MFCI.OM","43080265","0.14026","Oman"
"9895","Softing AG","SYT.DE","42974210","4.32951","Germany"
"9896","Fun Yours Technology","6482.TWO","42965329","1.50048","Taiwan"
"9897","Hvidbjerg Bank","HVID.CO","42930913","25.5518","Denmark"
"9898","Ideal Power","IPWR","42872480","5.045","United States"
"9899","Mogo","MOGO","42802512","1.78","Canada"
"9900","Grace Therapeutics","GRCE","42730256","3.09","United States"
"9901","Reliance Communications","RCOM.NS","42726694","0.0154591","India"
"9902","IT Link SA","ALITL.PA","42684685","25.041","France"
"9903","authID","AUID","42616656","3.17","United States"
"9904","Verb Technology","VERB","42609204","22.45","United States"
"9905","Gala Incorporated","4777.T","42541191","1.51798","Japan"
"9906","Berentzen-Gruppe","BEZ.DE","42538712","4.52843","Germany"
"9907","Müller - Die lila Logistik","MLL.DE","42450526","5.33583","Germany"
"9908","Home Federal Bancorp (HFB Bank)","HFBL","42384656","13.74","United States"
"9909","The Beachbody Company","BODI","42244840","5.97","United States"
"9910","RATH Aktiengesellschaft","RAT.VI","42124970","28.0833","Austria"
"9911","Elutia","ELUT","42064656","0.9922","United States"
"9912","HUB Cyber Security","HUBC","41892384","1.9","Israel"
"9913","Lava Therapeutics","LVTX","41825420","1.59","Netherlands"
"9914","Qatar Cinema and Film Distribution Company","QCFS.QA","41687911","0.663736","Qatar"
"9915","Tempest Therapeutics","TPST","41648712","9.38","United States"
"9916","CarParts.com","PRTS","41513512","0.7512","United States"
"9917","Talphera","TLPH","41294692","0.9064","United States"
"9918","CAVE Interactive","3760.T","41251000","6.18559","Japan"
"9919","Xilio Therapeutics","XLO","41249836","0.7959","United States"
"9920","Westport Fuel Systems","WPRT","41197548","2.35","Canada"
"9921","edding AG","EDD3.F","41190751","38.3805","Germany"
"9922","Gulf General Cooperative Insurance Company","8260.SR","40955631","1.36519","Saudi Arabia"
"9923","111, Inc.","YI","40823624","4.71","China"
"9924","LACROIX Group SA","LACR.PA","40763313","8.70583","France"
"9925","Dierig Holding AG","DIE.DE","40570086","9.88767","Germany"
"9926","Inspira Technologies","IINN","40367312","1.31","Israel"
"9927","Cyngn","CYN","39983028","5.68","United States"
"9928","Urban One","UONE","39797764","1.45","United States"
"9929","The InterGroup Corporation","INTG","39684140","18.42","United States"
"9930","BioAtla","BCAB","39290612","0.6691","United States"
"9931","SHL Telemedicine","SHLT","39255860","2.05","Israel"
"9932","Asetek","ASTK.CO","39205555","0.123683","Denmark"
"9933","Adaptimmune Therapeutics","ADAP","38962584","0.147","United Kingdom"
"9934","Usio","USIO","38948800","1.47","United States"
"9935","Delticom AG","DEX.DE","38701071","2.60941","Germany"
"9936","Cryo-Cell","CCEL","38674320","4.8","United States"
"9937","CROOZ","2138.T","38644272","4.01228","Japan"
"9938","PAL Next AG","PAL.DE","38630439","1.50948","Germany"
"9939","Farmer Brothers","FARM","38434644","1.78","United States"
"9940","Annovis Bio","ANVS","38387876","1.97","United States"
"9941","Snail Inc","SNAL","38335732","1.0195","China"
"9942","AXIL Brands","AXIL","38281872","5.75","United States"
"9943","Hoftex Group AG","NBH.MU","38227006","7.02083","Germany"
"9944","BeLive Holdings","BLIV","38135456","3.51","Singapore"
"9945","Ashford Hospitality Trust","AHT","38062144","6.3","United States"
"9946","Sharqiyah Desalination Company SAOG","SHRQ.OM","37850707","0.387013","Oman"
"9947","Mersana Therapeutics","MRSN","37779540","7.57","United States"
"9948","Forsee Power","FORSE.PA","37594446","0.321788","France"
"9949","Oman Chromite Company","OCCI.OM","37534287","11.374","Oman"
"9950","electroCore","ECOR","37386384","4.93","United States"
"9951","The National Detergent Company SAOG","NDTI.OM","37350650","1.86753","Oman"
"9952","Kirkland's","KIRK","37285924","1.66","United States"
"9953","Nanexa AB","NANEXA.ST","37276268","0.237568","Sweden"
"9954","Natuzzi","NTZ","37229380","3.38","Italy"
"9955","Stock3 AG","BOG.DE","37219751","33.2319","Germany"
"9956","Adval Tech","ADVN.SW","37145468","50.8842","Switzerland"
"9957","Spruce Power","SPRU","37095484","2.08","United States"
"9958","Wolftank-Adisa Holding","WOLF.VI","37081586","7.02083","Austria"
"9959","Phnom Penh SEZ","PPSP.KH","36854427","0.51","Cambodia"
"9960","Nectar Lifesciences","NECLIFE.NS","36713818","0.162715","India"
"9961","DATRON AG","DAR.DE","36593742","9.24409","Germany"
"9962","Enzo Biochem","ENZB","36587800","0.69887","United States"
"9963","India Globalization Capital","IGC","36572140","0.3977","United States"
"9964","Senti Biosciences","SNTI","36362684","1.39","United States"
"9965","Semilux International","SELX","36350416","0.9712","Taiwan"
"9966","Mural Oncology","MURA","36208772","2.09","Ireland"
"9967","Milestone Scientific","MLSS","36137208","0.46","United States"
"9968","KLX Energy Services","KLXE","36126924","2.025","United States"
"9969","Adler Group","ADJ.DE","35839545","0.236368","Luxembourg"
"9970","CISO Global (Cerberus Cyber Sentinel)","CISO","35746672","1.07","United States"
"9971","FAT Brands","FAT","35678196","1.96","United States"
"9972","Sidus Space","SIDU","35599960","1.01","United States"
"9973","Lee Enterprises","LEE","35448392","5.66","United States"
"9974","Dhofar Food & Investment SAOG","DFIN.OM","35427813","0.179221","Oman"
"9975","Kuwait Real Estate Holding Company","ALAQARIA.KW","35297140","187.623","Kuwait"
"9976","Mentice AB","MNTC.ST","35277388","1.25427","Sweden"
"9977","Myomo","MYO","35196580","0.9311","United States"
"9978","The Glimpse Group","VRAR","35162696","1.67","United States"
"9979","DIRTT Environmental Solutions","DRTT","35057372","0.3343","Canada"
"9980","Rani Therapeutics","RANI","35036536","0.48","United States"
"9981","Kartoon Studios","TOON","35009464","0.7296","United States"
"9982","Netgem","ALNTG.PA","35008036","1.0461","France"
"9983","Connexa Sports Technologies","YYAI","34951248","2.4","United States"
"9984","U.S. Global Investors","GROW","34866896","2.69","United States"
"9985","LightInTheBox Holding","LITB","34819248","1.905","Singapore"
"9986","Luna Innovations","LUNA","34697020","1","United States"
"9987","Hunyvers","ALHUN.PA","34632763","8.96326","France"
"9988","Halloren Schokoladenfabrik","H2RB.HM","34572249","5.85069","Germany"
"9989","LianBio","LIAN","34472096","0.319","United States"
"9990","Tose Software","4728.T","34466251","4.52719","Japan"
"9991","CS Diagnostics","CSDX","34335048","0.25","Germany"
"9992","Graines Voltz","GRVO.PA","34295864","23.1687","France"
"9993","AN2 Therapeutics","ANTX","34157704","1.25","United States"
"9994","OnKure Therapeutics","OKUR","33960200","2.51","United States"
"9995","Ebusco Holding","EBUS.AS","33945413","0.418207","Netherlands"
"9996","Zee Learn","ZEELEARN.NS","33916338","0.1037","India"
"9997","Dalqan Real Estate Company","DALQAN.KW","33875237","561.178","Kuwait"
"9998","Varengold Bank AG","VG8.DE","33822668","3.36779","Germany"
"9999","Poulaillon","ALPOU.PA","33791039","6.61128","France"
"10000","Takaful Oman Insurance SAOG","TAOI.OM","33766235","0.135065","Oman"
"10001","Quest Resource Holding","QRHC","33553770","1.62","United States"
"10002","Arabia Falcon Insurance Company (AFIC)","AFIC.OM","33539501","0.324675","Oman"
"10003","Duxton Farms","DBF.AX","33470174","0.73698","Australia"
"10004","Radio City","RADIOCITY.NS","33467219","0.0964783","India"
"10005","People Can Fly","PCF.WA","33216698","0.924219","Poland"
"10006","Galfar Engineering and Contracting","GECS.OM","33215965","0.163636","Oman"
"10007","Sunrise New Energy","EPOW","33193950","1.23","China"
"10008","Mangoceuticals","MGRX","33080400","2.16","United States"
"10009","Big 5 Sporting Goods","BGFV","33003246","1.44","United States"
"10010","Sotherly Hotels","SOHO","32982330","0.8103","United States"
"10011","Lilium","LILM","32897334","0.052","Germany"
"10012","Vicarious Surgical","RBOT","32499248","5.46","United States"
"10013","CleanCore Solutions","ZONE","32439996","2.03","United States"
"10014","Swvl Holdings","SWVL","32383122","3.2499","United Arab Emirates"
"10015","Dragonfly Energy","DFLI","32321926","0.5235","United States"
"10016","MAG Interactive","MAGI.ST","32245881","1.21707","Sweden"
"10017","Iterum Therapeutics","ITRM","32148506","0.7199","Ireland"
"10018","Dhofar Tourism","DTCS.OM","32034702","2.26234","Oman"
"10019","Artmarket.com","PRC.PA","31911081","4.79757","France"
"10020","genOway","ALGEN.PA","31805750","3.48701","France"
"10021","Starbreeze","STAR-B.ST","31427639","0.0172622","Sweden"
"10022","Solo Brands","DTC","31325942","19.55","United States"
"10023","Enviva","EVA","31273630","0.4198","United States"
"10024","HydrogenPro ASA","HYPRO.OL","30987052","0.324387","Norway"
"10025","TENDA","4198.T","30986763","4.66762","Japan"
"10026","PyroGenesis Canada","PYR.TO","30909520","0.165018","Canada"
"10027","Warimpex Finanz- und Beteiligungs AG","WXF.VI","30824624","0.59209","Austria"
"10028","Innovatec","INC.MI","30697233","0.318278","Italy"
"10029","Comscore","SCOR","30690454","6.12","United States"
"10030","Office Properties Income Trust","OPI","30648336","0.4143","United States"
"10031","Crown Crafts","CRWS","30638532","2.9","United States"
"10032","Orion Energy Systems","OESX","30626348","8.7","United States"
"10033","KPS AG","KSC.DE","30337676","0.737187","Germany"
"10034","Cenntro Electric Group","CENN","30259990","0.5829","United States"
"10035","Renovaro Biosciences","RENB","30154634","0.1301","United States"
"10036","SW Umwelttechnik Stoiser &amp; Wolschner AG","SWUT.VI","30072976","41.4229","Austria"
"10037","Nine Energy Service","NINE","30043670","0.6932","United States"
"10038","Pyxis Tankers","PXS","30042004","2.865","Greece"
"10039","STS Group","SF3.DE","30038614","4.65715","Germany"
"10040","Li-Cycle","LICY","29876264","0.8433","Canada"
"10041","ParaZero Technologies","PRZO","29834176","1.59","Israel"
"10042","FC Porto","FCP.LS","29816447","1.76691","Portugal"
"10043","Meyer Burger Technology","MBTN.SW","29779195","0.941233","Switzerland"
"10044","Allakos","ALLK","29743072","0.3291","United States"
"10045","Gulf Franchising Holding Company","GFC.KW","29455392","736.739","Kuwait"
"10046","The National Investor PRJSC","TNI.AE","29437395","0.13","United Arab Emirates"
"10047","Nippon Ichi Software","3851.T","29371820","5.67069","Japan"
"10048","Linekong Interactive","8267.HK","29327878","0.0771297","China"
"10049","Noodles &amp; Company","NDLS","28747316","0.619","United States"
"10050","Cadrenal Therapeutics","CVKD","28717362","14.03","United States"
"10051","Schlatter Industries AG","STRN.SW","28521352","25.8181","Switzerland"
"10052","Top Ships","TOPS","28358588","6.13","Greece"
"10053","Rein Therapeutics","RNTX","28351226","1.18","United States"
"10054","Otovo ASA","OTOVO.OL","28338124","0.101277","Norway"
"10055","Precipio","PRPO","28213154","17.42","United States"
"10056","Ohmyhome","OMH","28183382","1.22","Singapore"
"10057","Dare Bioscience","DARE","28172158","2.09","United States"
"10058","PopReach","INIK.V","28095369","0.0789215","Canada"
"10059","Synergy CHC","SNYR","27979632","2.5","United States"
"10060","Atlantic Sapphire","ASA.OL","27863090","0.777125","Norway"
"10061","AURES Technologies","ALAUR.PA","27810461","7.0567","France"
"10062","Global Cord Blood","CORBF","27706494","0.2","Hong Kong"
"10063","Sunnova","NOVA","27675838","0.2202","United States"
"10064","Delignit AG","DLX.DE","27565483","2.69132","Germany"
"10065","Harte Hanks","HHS","27434738","3.7","United States"
"10066","U10 Corp","ALU10.PA","27263611","1.59724","France"
"10067","Wedia SA","ALWED.PA","27123623","31.7526","France"
"10068","GenSight Biologics","SIGHT.PA","27082677","0.175521","France"
"10069","iomart Group","IOM.L","26905322","0.23858","United Kingdom"
"10070","BigBen Interactive","BIG.PA","26796576","1.44863","France"
"10071","Salem Media Group","SALM","26761916","0.8399","United States"
"10072","Nebelhornbahn-Aktiengesellschaft","NHB0.MU","26736250","19.7753","Germany"
"10073","Kezar Life Sciences","KZR","26729338","3.65","United States"
"10074","Majan University College","BACS.OM","26649351","0.296104","Oman"
"10075","SM Wirtschaftsberatungs AG","SMWN.DE","26630763","6.7868","Germany"
"10076","Zoom Telephonics","MINM","26534076","3.61","United States"
"10077","Greenidge Generation Holdings","GREE","26488076","1.69","United States"
"10078","Methaq Takaful Insurance Compnay","METHAQ.AE","26348039","0.18","United Arab Emirates"
"10079","Ourgame International","6899.HK","26324637","0.0244244","China"
"10080","LakeShore Biopharma","LSB","25840356","0.627","China"
"10081","SPAR Group","SGRP","25817134","1.08","United States"
"10082","Aquaporin","AQP.CO","25524750","1.09732","Denmark"
"10083","Boundless Bio","BOLD","25519598","1.14","United States"
"10084","Passage Bio","PASG","25429680","8","United States"
"10085","Cambium Networks","CMBM","25357292","0.8978","United States"
"10086","BranchOut Food","BOF","25334494","2.15","United States"
"10087","Cloudastructure","CSAI","25236152","1.36","United States"
"10088","A.S. Création Tapeten","ACWN.DE","25157428","9.12708","Germany"
"10089","Retractable Technologies","RVP","25027466","0.836","United States"
"10090","BoomBit","BBT.WA","24641898","1.80659","Poland"
"10091","J-Long Group","JL","24639142","6.55","Hong Kong"
"10092","Scienjoy","SJ","24555904","0.58","China"
"10093","Ekttitab Holding Company K.S.C","EKTTITAB.KW","24517579","76.9483","Kuwait"
"10094","Toro Energy","TOE.AX","24426710","0.203079","Australia"
"10095","Performance Shipping","PSHG","24367030","1.96","Greece"
"10096","Lead Real Estate","LRE","24350792","1.785","Japan"
"10097","Yuke's","4334.T","24319755","2.88884","Japan"
"10098","XOS","XOS","24246726","2.79","United States"
"10099","SPI Energy","SPI","24207974","0.766","United States"
"10100","East Side Games","EAGR.TO","24088019","0.312099","Canada"
"10101","Blackboxstocks","BLBX","24066570","6.268","United States"
"10102","zSpace","ZSPC","24035868","1","United States"
"10103","FibroBiologics","FBLG","24027612","0.5736","United States"
"10104","enish","3667.T","24000701","0.708836","Japan"
"10105","Austin Gold","AUST","23995324","1.808","United States"
"10106","CaliberCos","CWD","23977336","5.31","United States"
"10107","Focus Universal","FCUV","23932924","3.24","United States"
"10108","ESS Tech","GWH","23905414","1.6","United States"
"10109","Guardforce AI","GFAI","23546352","1.12","Singapore"
"10110","YanGuFang International Group","YGF","23462400","0.7332","China"
"10111","Golden Sun Education Group","GSUN","23404294","2.63","China"
"10112","CytoMed Therapeutics","GDTC","23350086","1.99","Singapore"
"10113","Streamline Health Solutions","STRM","23231740","5.3332","United States"
"10114","Neuphoria Therapeutics","NEUP","23142334","12.31","United States"
"10115","Games Operators","GOP.WA","23074957","4.19601","Poland"
"10116","Q32 Bio","QTTB","23053492","1.89","United States"
"10117","Rallybio","RLYB","22982560","0.55","United States"
"10118","Propanc Biopharma","PPCB","22953444","1.82","Australia"
"10119","Infinities Tech (Jiu Zun Digital)","1961.HK","22937767","0.0312375","China"
"10120","Pyramid AG","M3BK.DE","22889724","0.992277","Germany"
"10121","Hoth Therapeutics","HOTH","22871822","1.725","United States"
"10122","Gryphon Digital Mining","GRYP","22853490","1.38","United States"
"10123","NanoViricides","NNVC","22822168","1.42","United States"
"10124","bet-at-home.com","ACX.DE","22665200","3.22958","Germany"
"10125","Weight Watchers","WW","22533964","0.2496","United States"
"10126","GEE Group","JOB","22517246","0.2058","United States"
"10127","INTERSHOP Communications","ISHA.DE","22443569","1.45097","Germany"
"10128","Veganz Group","VEZ.DE","22399057","15.6798","Germany"
"10129","SIMPPLE","SPPL","22381030","6.3227","Singapore"
"10130","Muehlhan AG","M4N.HM","22123629","1.59139","Germany"
"10131","hGears AG","HGEA.DE","22026679","2.11795","Germany"
"10132","REE Automotive","REE","21886280","0.775","Israel"
"10133","Northann Corp","NCL","21880412","0.1247","United States"
"10134","Houston American Energy","HUSA","21841140","10.58","United States"
"10135","Milkfood Limited","MLKFOOD.BO","21737101","0.891662","India"
"10136","CBL International","BANL","21678550","0.7898","Malaysia"
"10137","Elevation Oncology","ELEV","21627310","0.365","United States"
"10138","180 Life Sciences","ATNF","21620372","3.58","United States"
"10139","Forever Entertainment","8FE.SG","21405481","0.709104","Poland"
"10140","Cingulate","CING","21359008","3.81","United States"
"10141","NJ Holdings","9421.T","21307091","4.01896","Japan"
"10142","Geratherm Medical","GME.DE","21214622","3.91996","Germany"
"10143","FBR Limited","FBR.AX","21209228","0.00327547","Australia"
"10144","Kostad AG","KES.VI","21189897","0.854201","Austria"
"10145","Clearside Biomedical","CLSD","21145444","4.04","United States"
"10146","Curis","CRIS","21123062","1.69","United States"
"10147","DF Deutsche Forfait AG","DFTK.DE","21004095","1.76691","Germany"
"10148","Kuke Music Holding","KUKE","20982180","0.74","China"
"10149","Astro Corporation","3064.TWO","20933234","1.60883","Taiwan"
"10150","Verimatrix","VMX.PA","20632766","0.236368","France"
"10151","Rail Vision","RVSN","20604294","0.3861","Israel"
"10152","Tharimmune","THAR","20563826","3.02","United States"
"10153","Al Jazeira Services Co. SAOG","AJSS.OM","20475612","0.477922","Oman"
"10154","Battalion Oil","BATL","20406138","1.24","United States"
"10155","Synlogic","SYBX","20356120","1.74","United States"
"10156","Liberty TripAdvisor Holdings","LTRPA","20352474","0.262","United States"
"10157","CASI Pharmaceuticals","CASI","20295542","1.31","United States"
"10158","All in! Games","ALG.WA","20283193","0.268216","Poland"
"10159","Sino-Entertainment Technology","6933.HK","20264345","0.0488488","China"
"10160","Passat SA","PSAT.PA","20245628","5.14861","France"
"10161","Sphere 3D","ANY","20121952","0.7105","Canada"
"10162","Almaden Minerals","AAU","20102876","0.1465","Canada"
"10163","Mobcast","3664.T","19940469","0.334356","Japan"
"10164","Trinity Biotech","TRIB","19936240","1.07","Ireland"
"10165","Harvard Bioscience","HBIO","19767400","0.4439","United States"
"10166","GigaMedia","GIGM","19671872","1.7799","Taiwan"
"10167","Rent the Runway","RENT","19665750","4.8","United States"
"10168","Clean Energy Technologies","CETY","19573210","0.2848","United States"
"10169","Citius Pharmaceuticals","CTXR","19564020","1.15","United States"
"10170","Davis Commodities","DTCK","19522098","0.7968","Singapore"
"10171","Sporting Clube de Braga","SCB.LS","19517903","16.2649","Portugal"
"10172","Appirits","4174.T","19368852","4.77461","Japan"
"10173","Latch","LTCH","19315038","0.12","United States"
"10174","Real Good Food plc","RGF","19309624","1.25","United Kingdom"
"10175","Alta Global Group","MMA","19300990","1.48","Australia"
"10176","Cherry SE","C3RY.DE","19265970","0.830798","Germany"
"10177","Silicon Studio","3907.T","19218769","7.00142","Japan"
"10178","Marpai","MRAI","18997038","1.1","United States"
"10179","Maison Solutions","MSS","18804404","0.955","United States"
"10180","Argo Blockchain","ARBK","18715502","0.2597","United Kingdom"
"10181","enVVeno Medical Corporation","NVNO","18648554","0.9689","United States"
"10182","Alligator Bioscience AB","ATORX.ST","18634183","0.535405","Sweden"
"10183","Digital Hollywood Interactive","2022.HK","18511139","0.00886992","China"
"10184","Sonder Holdings","SOND","18498788","1.39","United States"
"10185","Co-Diagnostics","CODX","18453052","0.3833","United States"
"10186","SigmaTron International","SGMA","18419062","3.01","United States"
"10187","ProPhase Labs","PRPH","18390292","0.4427","United States"
"10188","Drive Shack","DSHK","18348712","0.092","United States"
"10189","Insurance House","IH.AE","18337611","0.15","United Arab Emirates"
"10190","Nymox Pharmaceutical","NYMX","18253022","0.2","Bahamas"
"10191","5th Planet Games","5PG.OL","18192148","0.0677854","Denmark"
"10192","Cliq Digital AG","CLIQ.DE","18141307","3.05991","Germany"
"10193","National Gas Company SAOG","NGCI.OM","18103897","0.212987","Oman"
"10194","UBAR Hotels & Resorts SAOG","UBAR.OM","18005728","0.327273","Oman"
"10195","Pieris Pharmaceuticals","PIRS","17955264","13.6","United States"
"10196","Scienture Holdings","SCNX","17871468","0.8457","United States"
"10197","Skycorp Solar Group","PN","17585100","0.6513","China"
"10198","Xiao-I","AIXI","17572186","1.33","China"
"10199","LM Funding America","LMFA","17535326","1.13","United States"
"10200","Aeterna Zentaris","AEZS","17512866","5.72","United States"
"10201","VIA optronics AG","VIAO","17465854","0.2231","Germany"
"10202","Lucas GC","LGCL","17401100","0.1559","China"
"10203","SOS Limited","SOS","17380370","1.95","China"
"10204","Prestige Wealth","PWM","17374598","0.5491","Hong Kong"
"10205","CXApp","CXAI","17316294","0.7389","United States"
"10206","Aytu BioScience","AYTU","17246728","1.74","United States"
"10207","MedAdvisor Limited","MDR.AX","16983876","0.0268588","Australia"
"10208","Longeveron","LGVN","16825576","0.7989","United States"
"10209","iPower","IPW","16812042","0.5361","United States"
"10210","SeaStar Medical","ICU","16810168","0.6022","United States"
"10211","Know Labs","KNW","16795408","2.24","United States"
"10212","Camber Energy","CEI","16771320","0.0954","United States"
"10213","Vivakor","VIVK","16769833","0.349","United States"
"10214","Beyond Air","XAIR","16738701","2.46","United States"
"10215","Workhorse Group","WKHS","16603128","1.08","United States"
"10216","Gaming Corps","GCOR.ST","16541800","0.113735","Sweden"
"10217","Helius Medical Technologies","HSDT","16395852","15.22","United States"
"10218","BioLineRx","BLRX","16368710","3.84","Israel"
"10219","Proximar Seafood","PROXI.OL","16342517","0.100274","Norway"
"10220","Cocrystal Pharma","COCP","16299185","1.25","United States"
"10221","Kalray","ALKAL.PA","16273835","1.25673","France"
"10222","Motorsport Gaming","MSGM","16237444","2.81","United States"
"10223","Allurion Technologies","ALUR","16224003","2.09","United States"
"10224","Pulmatrix","PULM","16179622","4.43","United States"
"10225","Bionano Genomics","BNGO","16069240","1.66","United States"
"10226","Vivid Games","VVD.WA","15992165","0.287962","Poland"
"10227","WonderPlanet","4199.T","15975259","6.22572","Japan"
"10228","iBio","IBIO","15939910","0.811","United States"
"10229","Ultimate Games","ULG.WA","15920983","3.04417","Poland"
"10230","Mighty Kingdom","MKL.AX","15855565","0.10809","Australia"
"10231","Asmallworld AG","ASWN.SW","15768424","1.09038","Switzerland"
"10232","Psychemedics","PMD","15738209","2.67","United States"
"10233","Smith Micro Software","SMSI","15664805","0.73","United States"
"10234","Energy Focus","EFOI","15548616","2.84","United States"
"10235","Portage Biotech","PRTG","15517402","6.81","British Virgin Islands"
"10236","Forgame","0484.HK","15479179","0.107982","China"
"10237","DAVIDsTEA","DTEAF","15446192","0.5699","Canada"
"10238","Charlotte's Web","CWEB.TO","15413672","0.0968582","United States"
"10239","Perfect Moment","PMNT","15403928","0.4826","United Kingdom"
"10240","Nauticus Robotics","KITT","15355401","3.17","United States"
"10241","Dolphin Entertainment","DLPN","15259041","1.3","United States"
"10242","Athira Pharma","ATHA","15223577","3.86","United States"
"10243","InterServ International","6169.TWO","15208474","0.650074","Taiwan"
"10244","Hanryu Holdings","HRYU","15198316","0.2878","South Korea"
"10245","LL Lucky Games","LADYLU.ST","15173605","0.0529346","Sweden"
"10246","Pintec Technology","PT","15027268","0.9482","China"
"10247","Big Cheese Studio","BCS.WA","14969064","3.62009","Poland"
"10248","SeaChange","SEAC","14935176","4.17","United States"
"10249","Air Industries Group","AIRI","14888496","3.12","United States"
"10250","Minerva Neurosciences","NERV","14826020","2.12","United States"
"10251","Lipocine","LPCN","14793998","2.73","United States"
"10252","Fly-E Group","FLYE","14739683","0.78","United States"
"10253","Elite Express","ETS","14710671","0.88","United States"
"10254","Momentus","MNTS","14660291","1.26","United States"
"10255","Leap Therapeutics","LPTX","14503835","0.35","United States"
"10256","Can Fite Biopharma","CANF","14442186","0.6251","Israel"
"10257","Bullfrog AI","BFRG","14265096","1.415","United States"
"10258","ryde","RYDE","14196638","0.35","Singapore"
"10259","Predilife","ALPRE.PA","14139203","3.74444","France"
"10260","Blue Hat","BHAT","14053227","1.94","China"
"10261","Gelteq Limited","GELS","14039235","1.4","Australia"
"10262","Mynet","3928.T","13960941","1.65172","Japan"
"10263","Future Retail","FRETAIL.NS","13951633","0.0257275","India"
"10264","HomeBiogas","HMGS.TA","13652446","0.481798","Israel"
"10265","Vapotherm","VAPO","13551520","2.17","United States"
"10266","Orangekloud Technology","ORKT","13550556","0.5801","Singapore"
"10267","CCSC Technology International Holdings","CCTG","13550062","1.17","Hong Kong"
"10268","Solidion Technology","STI","13483123","4.86","United States"
"10269","Poseidon Nickel","POS.AX","13453850","0.00316484","Australia"
"10270","ZK International Group","ZKIN","13440202","2.6027","China"
"10271","iCandy Interactive","ICI.AX","13420582","0.0104815","Australia"
"10272","Hydrofarm","HYFM","13417978","2.88","United States"
"10273","Futura Medical","FUM.L","13411254","0.0440971","United Kingdom"
"10274","AHT Syngas Technology","3SQ1.DE","13310449","5.38263","Germany"
"10275","WeTrade Group","WETG","13256907","5.05","China"
"10276","Biosynex","ALBIO.PA","13242679","0.718465","France"
"10277","Voltage","3639.T","13227174","2.04626","Japan"
"10278","Aptorum Group","APM","13215951","1.85","Hong Kong"
"10279","Ekso Bionics","EKSO","13202588","5.055","United States"
"10280","Reborn Coffee","REBN","13199707","2.44","United States"
"10281","Imunon","IMNN","13059847","5.18","United States"
"10282","Zwahlen &amp; Mayr SA","ZWM.SW","13021344","185.489","Switzerland"
"10283","SINTX Technologies","SINT","12943345","4.54","United States"
"10284","Jet.AI","JTAI","12884622","3.68","United States"
"10285","Phio Pharmaceuticals","PHIO","12770653","2.23","United States"
"10286","Srei Infrastructure Finance","SREINFRA.NS","12675992","0.03","India"
"10287","Axel Mark","3624.T","12624773","0.755646","Japan"
"10288","Bertelsmann SE & Co. KGaA","BTG.F","12557237","149.919","Germany"
"10289","Manz AG","M5Z.DE","12485800","1.20763","Germany"
"10290","Energous","WATT","12468966","7.915","United States"
"10291","Document Security Systems","DSS","12456750","1.37","United States"
"10292","Modern Dairies Limited","MODAIRY.BO","12436853","0.485438","India"
"10293","Superior Resources","SPQ.AX","12425720","0.00524075","Australia"
"10294","Moolec Science","MLEC","12415518","1.1399","Luxembourg"
"10295","TherapeuticsMD","TXMD","12384568","1.07","United States"
"10296","Expion360","XPON","12363420","1.48","United States"
"10297","Don't Nod Entertainment","ALDNE.PA","12319305","0.947812","France"
"10298","Carisma Therapeutics","CARM","12110190","0.2898","United States"
"10299","Carver Bancorp","CARV","12082378","2.38","United States"
"10300","Groupe OKwind","ALOKW.PA","12063165","1.46267","France"
"10301","Gaxos.ai","GXAI","12038636","1.69","United States"
"10302","FGI Industries","FGI","11951078","6.23","United States"
"10303","SaverOne 2014","SVRE","11915433","1.58","Israel"
"10304","Intensity Therapeutics","INTS","11900855","0.2426","United States"
"10305","Oncodesign Precision Medicine","ALOPM.PA","11777793","0.648256","France"
"10306","Femasys","FEMY","11720632","0.3598","United States"
"10307","Addentax Group","ATXG","11715348","1","China"
"10308","Jump Networks","JUMPNET.NS","11669324","0.12","India"
"10309","Oman &amp; Emirates Investment Holding Co.","OEIHC.AE","11614095","0.1","Oman"
"10310","AltPlus","3672.T","11600460","0.514909","Japan"
"10311","Lifeward","LFWD","11563313","0.7363","Israel"
"10312","HOOKIPA Pharma","HOOK","11320273","0.928","United States"
"10313","Sonim Technologies","SONM","11161711","0.6277","United States"
"10314","OLB Group","OLB","11147803","1.2714","United States"
"10315","Netcapital","NCPL","11016071","2.24","United States"
"10316","Fragbite Group","FRAG.ST","10962160","1.49344","Sweden"
"10317","Groupe Airwell","ALAIR.PA","10845283","1.80201","France"
"10318","Netmarble Joybomb","6468.TWO","10795915","0.94","Taiwan"
"10319","Aurora Energy Metals","1AE.AX","10791919","0.0602686","Australia"
"10320","Farmmi","FAMI","10689655","1.95","China"
"10321","Lyra Therapeutics","LYRA","10639617","6.47","United States"
"10322","Addex Therapeutics","ADXN","10605101","8.94","Switzerland"
"10323","Phoenix Motor","PEV","10575262","0.23","United States"
"10324","Matinas BioPharma","MTNB","10551937","1.9","United States"
"10325","Gaming Factory","GIF.WA","10500864","1.72777","Poland"
"10326","Beasley Broadcast Group","BBGI","10401829","5.766","United States"
"10327","Biofrontera","BFRI","10240638","0.9599","United States"
"10328","Aterian","ATER","10184806","1.02","United States"
"10329","BioNexus Gene Lab","BGLC","10150773","5.65","Malaysia"
"10330","GlycoMimetics","GLYC","10131540","0.157","United States"
"10331","Versus Systems","VS","9999421","2.04","Canada"
"10332","AEON Biopharma","AEON","9804068","0.842","United States"
"10333","U Power","UCAR","9793824","1.97","China"
"10334","CR Energy","CRZK.DE","9738490","0.414229","Germany"
"10335","Heart Test Laboratories","HSCS","9664149","3.65","United States"
"10336","Sláturfélags Suðurlands","SFS-B.IC","9628817","0.0180476","Iceland"
"10337","Sow Good","SOWG","9618750","0.7869","United States"
"10338","iSpecimen","ISPC","9607052","1.17","United States"
"10339","Superior Industries International","SUP","9576233","0.3249","United States"
"10340","GreenPower Motor Company","GP","9534697","3.13","Canada"
"10341","ESSA Pharma","EPIX","9508987","0.201","Canada"
"10342","Locafy","LCFY","9495611","6.87","Australia"
"10343","Avalon GloboCare","ALBT","9434368","2.46","United States"
"10344","Yunji","YJ","9407781","1.91","China"
"10345","Trio Petroleum","TPET","9369343","1.11","United States"
"10346","PAVmed","PAVM","9314908","0.4247","United States"
"10347","IM Cannabis","IMCC","9286857","1.77","Israel"
"10348","Innovative Eyewear","LUCY","9286442","2.03","United States"
"10349","Al Madina Investment Holding Co. SAOG","AMII.OM","9272728","0.109091","Oman"
"10350","Thunderful Group","THUNDR.ST","9147675","0.0224281","Sweden"
"10351","Baijiayun Group","RTC","9116435","0.3105","China"
"10352","NaaS Technology","NAAS","9109160","3.8999","China"
"10353","VCI Global","VCIG","9088921","7.595","Malaysia"
"10354","Erayak Power Solution","RAYA","9076758","0.0461","China"
"10355","Advent Technologies","ADN","9052270","3.39","United States"
"10356","Kaixin Auto","KXIN","8824069","0.71","China"
"10357","Eterna Therapeutics","ERNA","8744813","1.14","United States"
"10358","Mauna Kea Technologies","ALMKT.PA","8742739","0.105312","France"
"10359","Polar Power","POLA","8715016","3.47","United States"
"10360","Evolva Holding SA","EVE.SW","8676747","1.20317","Switzerland"
"10361","OceanPal","OP","8570930","1.28","Greece"
"10362","Aprea Therapeutics","APRE","8504881","1.46","United States"
"10363","Astrotech","ASTC","8469765","5","United States"
"10364","VYNE Therapeutics","VYNE","8451664","0.3318","United States"
"10365","La Rosa Holdings","LRHC","8413277","6.87","United States"
"10366","Turnstone Biologics","TSBX","8214948","0.355","United States"
"10367","Witbe S.A.","ALWIT.PA","8175240","1.98923","France"
"10368","ProSomnus","OSA","8175227","0.47","United States"
"10369","Lazydays Holdings","GORV","8143728","2.18","United States"
"10370","Socket Mobile","SCKT","8120691","1.02","United States"
"10371","Cara Therapeutics","CARA","8110553","5.32","United States"
"10372","Trust Stamp","IDAI","8059059","3.17","United States"
"10373","Earlyworks","ELWS","8007746","2.625","Japan"
"10374","Biomerica","BMRA","7911302","2.81","United States"
"10375","Cyclerion Therapeutics","CYCN","7752010","2.42","United States"
"10376","Genprex","GNPX","7671475","0.1788","United States"
"10377","Galmed Pharmaceuticals","GLMD","7670923","1.4","Israel"
"10378","Magic Empire Global (Giraffe Capital)","MEGL","7646715","1.51","Hong Kong"
"10379","Evoke Pharma","EVOK","7636478","4.9","United States"
"10380","Brüder Mannesmann AG","BMM.F","7635151","1.6967","Germany"
"10381","Direct Digital Holdings","DRCT","7520807","0.334","United States"
"10382","Neo-Concept International Group","NCI","7518400","1.85","Hong Kong"
"10383","Adial Pharmaceuticals","ADIL","7511089","0.3441","United States"
"10384","Pineapple Financial","PAPL","7414330","5.67","Canada"
"10385","BrainStorm Cell Therapeutics","BCLI","7367037","0.71","United States"
"10386","Foresight Autonomous Holdings","FRSX","7325519","2.16","Israel"
"10387","AIM ImmunoTech","AIM","7259284","2.68","United States"
"10388","Signing Day Sports","SGN","7224439","1.83","United States"
"10389","Globavend","GVH","7220472","4.56","Australia"
"10390","Taiga Motors","TAIG.TO","7156378","0.224862","Canada"
"10391","AquaBounty","AQB","7134959","1.84","United States"
"10392","Fly Play","PLAY.IC","7107073","0.00375718","Iceland"
"10393","Mainz Biomed","MYNZ","7095672","1.55","Germany"
"10394","bioAffinity Technologies","BIAF","7078173","5.29","United States"
"10395","Society Pass","SOPA","7021353","1.15","Singapore"
"10396","Boxlight","BOXL","6933770","2.61","United States"
"10397","Golden Minerals","AUMN","6924402","0.46","United States"
"10398","NuZee","NUZE","6916914","0.7482","United States"
"10399","Perrot Duval","PEDU.SW","6897031","57.6521","Switzerland"
"10400","Equipment Holding Company K.S.C.P.","EQUIPMENT.KW","6802550","272.102","Kuwait"
"10401","Capstone Green Energy","CGRN","6788686","0.37","United States"
"10402","Ensysce Biosciences","ENSC","6649314","2.24","United States"
"10403","Sonoma Pharmaceuticals","SNOA","6638790","4.04","United States"
"10404","Cielo Waste Solutions","CMC.V","6499995","0.0430481","Canada"
"10405","Al Khazna Insurance","AKIC.AE","6481481","0.06","United Arab Emirates"
"10406","Auric Minerals","AUMC.CN","6314671","0.193716","Canada"
"10407","Wheeler Real Estate Investment Trust","WHLR","6269100","6.62","United States"
"10408","Oblong","OBLG","6251817","2.66","United States"
"10409","Impac Mortgage Holdings","IMPM","6216709","0.17","United States"
"10410","ModivCare","MODV","6199406","0.4319","United States"
"10411","TPI Composites","TPIC","6193621","0.1271","United States"
"10412","Webuy Global","WBUY","6150044","3.48","Singapore"
"10413","Redhill Biopharma","RDHL","6126942","1.84","Israel"
"10414","AppTech Payments","APCX","6100008","0.1795","United States"
"10415","Warrantee Inc.","WRNT","6084926","0.2716","Japan"
"10416","F45 Training","FXLV","6046041","0.062","United States"
"10417","Bakhu Holdings","BKUH","6026060","0.02","United States"
"10418","Ascent Solar Technologies","ASTI","6003886","1.97","United States"
"10419","22nd Century Group","XXII","5899127","1.56","United States"
"10420","Onfolio Holdings","ONFO","5896504","1.15","United States"
"10421","Urban-gro","UGRO","5838760","0.4545","United States"
"10422","Akoustis Technologies","AKTS","5750785","0.0372","United States"
"10423","Cheetah Net Supply Chain Service","CTNT","5697428","1.77","United States"
"10424","cbdMD","YCBD","5561686","0.624","United States"
"10425","Titan Pharmaceuticals","TTNP","5520471","4.15","United States"
"10426","Greenbrook TMS","GBNH","5517878","0.121","Canada"
"10427","Alaunos Therapeutics","TCRT","5503261","2.495","United States"
"10428","Super League Enterprise","SLE","5458668","4.9","United States"
"10429","Edible Garden","EDBL","5411124","1.85","United States"
"10430","Réalités","ALREA.PA","5385700","1.13503","France"
"10431","ManyDev Studio","MAN.WA","5364906","0.187584","Poland"
"10432","Canoo","GOEV","5359820","0.37","United States"
"10433","Applied DNA Sciences","APDN","5346665","4.14","United States"
"10434","Kaival Brands Innovations","KAVL","5305996","0.4597","United States"
"10435","Oragenics","OGEN","5241509","1.27","United States"
"10436","SOBR Safe","SOBR","5215859","3.44","United States"
"10437","Omani Euro Food Industries","OEFI.OM","5194805","2.5974","Oman"
"10438","BIO-key International","BKYI","5173228","0.7537","United States"
"10439","Soligenix","SNGX","5142684","1.2","United States"
"10440","Jianzhi Education Technology Group","JZ","5070763","1.7991","China"
"10441","NanoString Technologies","NSTG","5066857","0.1053","United States"
"10442","Baosheng Media Group","BAOS","5063807","3.3","China"
"10443","Aethlon Medical","AEMD","5000155","0.7523","United States"
"10444","Mobile-health Network Solutions","MNDR","4964525","4.04","Singapore"
"10445","DigiAsia Corp","FAAS","4897831","0.0807","Indonesia"
"10446","Vertex Energy","VTNR","4872095","0.0521","United States"
"10447","Treasure Global","TGL","4854803","1.17","Malaysia"
"10448","Greenlane","GNLN","4797466","3.46","United States"
"10449","Xenetic Biosciences","XBIO","4780631","3.1","United States"
"10450","Mobile Global Esports (Mogo)","MGAM","4754150","0.1","United States"
"10451","Urgent.ly Inc.","ULY","4702922","3.37","United States"
"10452","Vislink Technologies","VISL","4688221","1.9","United States"
"10453","Jaguar Health","JAGX","4675908","2.15","United States"
"10454","Tivic Health Systems","TIVC","4659777","2.96","United States"
"10455","Arcadia Biosciences","RKDA","4654771","3.405","United States"
"10456","Kidpik","PIK","4644903","2.38","United States"
"10457","CMON","1792.HK","4643211","0.00257099","Singapore"
"10458","Movano","MOVE","4602187","0.5544","United States"
"10459","Mallinckrodt Pharmaceuticals","MNK","4520986","0.3402","United Kingdom"
"10460","Solid Clouds","SOLID.IC","4470495","0.00623462","Iceland"
"10461","Renegade Gold","RAGE.V","4470061","0.0860962","Canada"
"10462","Actelis Networks","ASNS","4437801","0.393","United States"
"10463","2U","TWOU","4432405","1.58","United States"
"10464","ADVFN","AFN.L","4422034","0.0955397","United Kingdom"
"10465","Aptose Biosciences","APTO","4364655","1.71","Canada"
"10466","Spruce Biosciences","SPRB","4363575","7.75","United States"
"10467","Gamida Cell","GMDA","4337295","0.0327","Israel"
"10468","Quoin Pharmaceuticals","QNRX","4282738","7.2815","United States"
"10469","Arcimoto","FUV","4242586","0.38","United States"
"10470","HT5 AG","HT5.SW","4229502","1.96769","Switzerland"
"10471","Eastside Distilling","EAST","4158179","0.8867","United States"
"10472","Delta Apparel","DLA","4089667","0.58","United States"
"10473","JOANN","JOAN","4061243","0.0969","United States"
"10474","PunkPirates","PUN.WA","3942991","0.13","Poland"
"10475","Mynaric","M0YN.DE","3874750","0.613256","Germany"
"10476","Nitro Games","NITRO.ST","3857411","0.154765","Finland"
"10477","Gulf International Chemicals","GICI.OM","3818182","0.181818","Oman"
"10478","Safe &amp; Green Holdings","SGBX","3806962","7.88","United States"
"10479","Imugene","IMU.AX","3785353","0.00922874","Australia"
"10480","Azitra","AZTR","3783477","0.7","United States"
"10481","Titan Medical","TMD.TO","3724444","0.0326591","Canada"
"10482","MEP Infrastructure","MEP.NS","3705311","0.0201984","India"
"10483","Field Trip Health","FTHW.V","3701866","0.04","Canada"
"10484","Organovo","ONVO","3672000","2.04","United States"
"10485","Elevai Labs","ELAB","3656394","5.4","United States"
"10486","Haoxi Health Technology","HAO","3620743","1.25","China"
"10487","IMTE","IMTE","3568691","1.04","Australia"
"10488","Digital Ally","DGLY","3523938","2.04","United States"
"10489","Unity Biotechnology","UBX","3444161","0.2001","United States"
"10490","ToughBuilt Industries","TBLT","3425700","0.79","United States"
"10491","Gameone","8282.HK","3419419","0.0822717","Hong Kong"
"10492","Fr8Tech 
 (Freight Technologies)","FRGT","3412879","1.24","United States"
"10493","KMC Properties","KMCP.OL","3398901","0.686879","Norway"
"10494","Playgon Games","DEAL.V","3385793","0.00717468","Canada"
"10495","Alkaline Water Company","WTER","3321800","0.015","United States"
"10496","Afristrat Investment","ATI.JO","3303900","0.00666963","South Africa"
"10497","4Front Ventures","FFNTF","3301990","0.0001","United States"
"10498","Wolverine Energy and Infrastructure","WEII.V","3274071","0.03","Canada"
"10499","ShiftPixy","PIXY","3265294","6.53","United States"
"10500","Forza X1","FRZA","3150960","0.2","United States"
"10501","Nuwellis","NUWE","3141274","3.48","United States"
"10502","Sabre Resources","SBR.AX","3100913","0.00786112","Australia"
"10503","Trinity Place Holdings","TPHS","3001001","0.0453","United States"
"10504","ATI Physical Therapy","ATIP","2977762","0.675","United States"
"10505","Affimed","AFMD","2975202","0.1815","Germany"
"10506","BloomZ","BLMZ","2892400","0.2005","United States"
"10507","CURO Group","CURO","2891035","0.07","United States"
"10508","Qiiwi Games","QIIWI.ST","2870855","0.31038","Sweden"
"10509","Marin Software","MRIN","2863609","0.8981","United States"
"10510","Argeo AS","ARGEO.OL","2845530","0.0450411","Norway"
"10511","Generation Bio","GBIO","2833330","0.421","United States"
"10512","Akanda","AKAN","2825761","3.88","United Kingdom"
"10513","Lipella Pharmaceuticals","LIPO","2818711","0.61","United States"
"10514","PainReform","PRFX","2798266","1.39","Israel"
"10515","Talis Biomedical","TLIS","2734230","1.5","United States"
"10516","PREIT (Pennsylvania Real Estate Investment Trust)","PRET","2690436","0.4974","United States"
"10517","Virax Biolabs","VRAX","2662921","0.6133","United Kingdom"
"10518","Staffing 360 Solutions","STAF","2654640","1.615","United States"
"10519","Jeffs' Brands","JFBR","2606928","3.86","Israel"
"10520","Yellow Corporation","YELLQ","2449025","0.036","United States"
"10521","Palatin Technologies","PTN","2447145","0.0941","United States"
"10522","Wag! Group","PET","2379663","0.0469","United States"
"10523","Medigene AG","MDG1.DE","2321497","0.157522","Germany"
"10524","LMP Automotive Holdings","LMPX","2230863","0.061","United States"
"10525","Cemtrex","CETX","2215059","0.3901","United States"
"10526","Freeze Tag","FRZT","2161616","0.0288","United States"
"10527","Nok Air","NOKPF","2034522","0.008","Thailand"
"10528","Shapeways","SHPW","1984938","0.3","United States"
"10529","Vaccinex","VCNX","1980711","0.74","United States"
"10530","Cutera","CUTR","1956013","0.0969","United States"
"10531","Dolphin Drilling","DDRIL.OL","1943372","0.00104764","Norway"
"10532","G Medical Innovations","GMVD","1776616","0.181","Israel"
"10533","Evofem Biosciences","EVFM","1720517","0.0145","United States"
"10534","Greene Concepts","INKW","1706584","0.0005","United States"
"10535","CorEnergy Infrastructure Trust","CORR","1627350","0.0198","United States"
"10536","CareMax","CMAX","1608009","0.4215","United States"
"10537","iEntertainment Network","IENT","1570439","0.012","United States"
"10538","VIP Gloves","VIP.AX","1546245","0.00196528","Malaysia"
"10539","Benson Hill","BHIL","1522391","0.249","United States"
"10540","Avinger","AVGR","1515363","0.474","United States"
"10541","Exela Technologies","XELA","1420854","0.0512","United States"
"10542","Compleo Charging Solutions","C0M.F","1409805","0.0702083","Germany"
"10543","Airesis SA","AIRE.SW","1358583","0.0219328","Switzerland"
"10544","View, Inc.","VIEW","1342123","0.33","United States"
"10545","T-Bull","TBL.WA","1303566","1.097","Poland"
"10546","Ocean Biomedical","OCEA","1301245","0.0056","United States"
"10547","Future Supply Chain Solutions","FSC.NS","1228014","0.0278715","India"
"10548","Playground Ventures","PLAY.CN","1211688","0.0143494","Canada"
"10549","Maximum Entertainment","8R7.F","1186205","0.00772291","Sweden"
"10550","Sporttotal AG","WIG1.DE","1181369","0.0333489","Germany"
"10551","Starbox Group","STBX","1135952","2.11","Malaysia"
"10552","Altamira Therapeutics","CYTO","1133556","0.3","Bermuda"
"10553","Solar Integrated Roofing","SIRC","1097546","0.0001","United States"
"10554","Petros Pharmaceuticals","PTPI","1080492","0.0255","United States"
"10555","Danimer Scientific","DNMR","1056961","0.35","United States"
"10556","Biora Therapeutics","BIOR","994994","0.22","United States"
"10557","EZGO Technologies","EZGO","930160","0.1639","China"
"10558","Tapinator","TAPM","926377","0.3399","United States"
"10559","Lucy Scientific Discovery","LSDI","906910","0.5139","Canada"
"10560","Accelerate Diagnostics","AXDX","859917","0.034","United States"
"10561","DZS Inc","DZSI","810698","0.0209","United States"
"10562","Global Bioenergies","ALGBE.PA","753052","0.0415399","France"
"10563","Lulu's Fashion Lounge","LVLU","752401","0.272","United States"
"10564","Kuuhubb","KUU.V","712506","0.01","Canada"
"10565","Mullen Automotive","MULN","695574","0.066","United States"
"10566","Adamas One","JEWL","646810","0.017","United States"
"10567","Sozap","SOZAP.ST","602769","0.0271051","Sweden"
"10568","Hepion Pharmaceuticals","HEPA","582758","0.05015","United States"
"10569","NuCana","NCNA","548154","0.0885","United Kingdom"
"10570","LanzaTech Global","LNZA","510554","0.2201","United States"
"10571","Ontrak","OTRK","425780","0.0601","United States"
"10572","Viracta Therapeutics","VIRX","388698","0.00978","United States"
"10573","Youngevity International","YGYI","377890","0.0111","United States"
"10574","Esports Entertainment","GMBL","368317","0.3214","Malta"
"10575","Ayr Wellness","AYRWF","353793","0.0009","United States"
"10576","NantHealth","NHIQ","329655","0.012","United States"
"10577","Remark Holdings","MARK","309512","0.005","United States"
"10578","USD Partners","USDP","297215","0.0088","United States"
"10579","GAME HOURS","6626.TWO","285836","0.0972769","Taiwan"
"10580","GTI Energy","GTR.AX","250687","0.00259909","Australia"
"10581","Vincerx Pharma","VINC","240777","0.046","United States"
"10582","ALAFCO Aviation Lease and Finance Company","ALAFCO.KW","240414","427.406","Kuwait"
"10583","Leafly Holdings","LFLY","232138","37","United States"
"10584","T2 Biosystems","TTOO","224363","0.008","United States"
"10585","Stryve Foods","SNAX","217833","0.05","United States"
"10586","Trulite","TRUL","212013","0.0001","United States"
"10587","Loop Media","LPTV","206767","0.0014","United States"
"10588","Fintech Scion (FintechCashier)","FINR","198743","0.001","United Kingdom"
"10589","Wearable Health Solutions","WHSI","182671","0.0001","United States"
"10590","Sonendo","SONX","132494","0.31","United States"
"10591","Ampio Pharmaceuticals","AMPE","121654","0.10715","United States"
"10592","Vinco Ventures","BBIG","117000","0.0003","United States"
"10593","Hallmark Financial Services","HALL","92742","0.051","United States"
"10594","Mondee","MOND","87416","0.001","United States"
"10595","Syros Pharmaceuticals","SYRS","79156","0.00295","United States"
"10596","Movella","MVLA","66180","0.0021","United States"
"10597","Novo Integrated Sciences","NVOS","65110","0.0033","United States"
"10598","Presto Automation","PRST","41852","0.0001","United States"
"10599","LuxUrban Hotels","LUXH","27815","0.0065","United States"
"10600","Calithera Biosciences","CALA","24362","0.0001","United States"
"10601","Telesis Bio","TBIO","21310","0.012","United States"
"10602","Vaxxinity","VAXX","12678","0.0001","United States"
"10603","PaxMedica","PXMD","12563","0.0001","United States"
"10604","Trevena","TRVN","10365","0.012","United States"
"10605","Gaming Technologies (Gametech)","GMGT","9140","0.0002","United States"
"10606","Triterras","TRIRF","7652","0.0001","Singapore"
"10607","Hempacco","HPCO","4738","0.0008","United States"
"10608","Viveve Medical","VIVE","4290","0.0002","United States"
"10609","Lightning eMotors","ZEVY","3956","0.0006","United States"
"10610","Grom Social Enterprises","GROM","3609","0.0004","United States"
"10611","Chime Financial","CHYM","3322","1.0E-5","United States"
"10612","Gamer Pakistan","GPAK","2558","0.0001","United States"
"10613","Virtual Interactive Technologies","VRVR","2475","0.0003","Bermuda"
"10614","OpGen","OPGN","1007","0.0001","United States"
"10615","eFFECTOR Therapeutics","EFTR","941","0.0002","United States"
"10616","Minerva Surgical","UTRS","888","0.0001","United States"
"10617","Qiwi","QIWI.ME","0","2.56","Cyprus"
"10618","Rosseti","RSTI.ME","0","0","Russia"
"10619","X5 Retail Group","FIVE.ME","0","32.42","Netherlands"
"10620","Pollux Properti Indonesia","POLL.JK","0","0.00690974","Indonesia"
"10621","Tunas Ridean","TURI.JK","0","0.1","Indonesia"
"10622","Ozon","OZON.ME","0","45.47","United States"
"10623","Agility Global","AGILITY.AE","0","0","United Arab Emirates"
"10624","Amlak Finance","AMLAK.AE","0","0","United Arab Emirates"
"10625","Drake and Scull International","DSI.AE","0","0","United Arab Emirates"
"10626","Dubai Islamic Insurance &amp; Reinsurance","AMAN.AE","0","0","United Arab Emirates"
"10627","Air Arabia","AIRARABIA.AE","0","0","United Arab Emirates"
"10628","Aramex","ARMX.AE","0","0","United Arab Emirates"
"10629","Dubai Taxi Company","DTC.AE","0","0","United Arab Emirates"
"10630","Emirates Central Cooling Systems","EMPOWER.AE","0","0","United Arab Emirates"
"10631","Ajman Bank","AJMANBANK.AE","0","0","United Arab Emirates"
"10632","Al Ansari Financial Services","ALANSARI.AE","0","0","United Arab Emirates"
"10633","Watania International","WATANIA.AE","0","0","United Arab Emirates"
"10634","Sultan Center Food Products Company","SULTAN.KW","0","0","Kuwait"
